profile_name,year,rep_period,timestep,value,scenario
NL_Wind_Onshore,2030,1,1,0.459935144,1
NL_Wind_Onshore,2030,1,2,0.46076962775,1
NL_Wind_Onshore,2030,1,3,0.4616041115,1
NL_Wind_Onshore,2030,1,4,0.46243859525,1
NL_Wind_Onshore,2030,1,5,0.463273079,1
NL_Wind_Onshore,2030,1,6,0.46069632675,1
NL_Wind_Onshore,2030,1,7,0.45811957449999996,1
NL_Wind_Onshore,2030,1,8,0.45554282225,1
NL_Wind_Onshore,2030,1,9,0.45296607,1
NL_Wind_Onshore,2030,1,10,0.449997946,1
NL_Wind_Onshore,2030,1,11,0.44702982199999997,1
NL_Wind_Onshore,2030,1,12,0.444061698,1
NL_Wind_Onshore,2030,1,13,0.441093574,1
NL_Wind_Onshore,2030,1,14,0.43841953525,1
NL_Wind_Onshore,2030,1,15,0.4357454965,1
NL_Wind_Onshore,2030,1,16,0.43307145775,1
NL_Wind_Onshore,2030,1,17,0.430397419,1
NL_Wind_Onshore,2030,1,18,0.43269816,1
NL_Wind_Onshore,2030,1,19,0.434998901,1
NL_Wind_Onshore,2030,1,20,0.437299642,1
NL_Wind_Onshore,2030,1,21,0.439600383,1
NL_Wind_Onshore,2030,1,22,0.44221600725,1
NL_Wind_Onshore,2030,1,23,0.4448316315,1
NL_Wind_Onshore,2030,1,24,0.44744725575,1
NL_Wind_Onshore,2030,1,25,0.45006288,1
NL_Wind_Onshore,2030,1,26,0.4385580395,1
NL_Wind_Onshore,2030,1,27,0.427053199,1
NL_Wind_Onshore,2030,1,28,0.4155483585,1
NL_Wind_Onshore,2030,1,29,0.404043518,1
NL_Wind_Onshore,2030,1,30,0.406236483,1
NL_Wind_Onshore,2030,1,31,0.40842944800000003,1
NL_Wind_Onshore,2030,1,32,0.410622413,1
NL_Wind_Onshore,2030,1,33,0.412815378,1
NL_Wind_Onshore,2030,1,34,0.4131130455,1
NL_Wind_Onshore,2030,1,35,0.413410713,1
NL_Wind_Onshore,2030,1,36,0.41370838050000003,1
NL_Wind_Onshore,2030,1,37,0.414006048,1
NL_Wind_Onshore,2030,1,38,0.4136034665,1
NL_Wind_Onshore,2030,1,39,0.413200885,1
NL_Wind_Onshore,2030,1,40,0.4127983035,1
NL_Wind_Onshore,2030,1,41,0.412395722,1
NL_Wind_Onshore,2030,1,42,0.41294923975000003,1
NL_Wind_Onshore,2030,1,43,0.4135027575,1
NL_Wind_Onshore,2030,1,44,0.41405627525,1
NL_Wind_Onshore,2030,1,45,0.414609793,1
NL_Wind_Onshore,2030,1,46,0.4080912925,1
NL_Wind_Onshore,2030,1,47,0.401572792,1
NL_Wind_Onshore,2030,1,48,0.39505429150000004,1
NL_Wind_Onshore,2030,1,49,0.388535791,1
NL_Wind_Onshore,2030,1,50,0.3838044125,1
NL_Wind_Onshore,2030,1,51,0.37907303400000003,1
NL_Wind_Onshore,2030,1,52,0.3743416555,1
NL_Wind_Onshore,2030,1,53,0.369610277,1
NL_Wind_Onshore,2030,1,54,0.37243768525,1
NL_Wind_Onshore,2030,1,55,0.3752650935,1
NL_Wind_Onshore,2030,1,56,0.37809250175,1
NL_Wind_Onshore,2030,1,57,0.38091991,1
NL_Wind_Onshore,2030,1,58,0.38024428675,1
NL_Wind_Onshore,2030,1,59,0.37956866349999996,1
NL_Wind_Onshore,2030,1,60,0.37889304025,1
NL_Wind_Onshore,2030,1,61,0.378217417,1
NL_Wind_Onshore,2030,1,62,0.38025856225,1
NL_Wind_Onshore,2030,1,63,0.3822997075,1
NL_Wind_Onshore,2030,1,64,0.38434085275,1
NL_Wind_Onshore,2030,1,65,0.386381998,1
NL_Wind_Onshore,2030,1,66,0.3949757395,1
NL_Wind_Onshore,2030,1,67,0.403569481,1
NL_Wind_Onshore,2030,1,68,0.41216322250000004,1
NL_Wind_Onshore,2030,1,69,0.420756964,1
NL_Wind_Onshore,2030,1,70,0.431405465,1
NL_Wind_Onshore,2030,1,71,0.442053966,1
NL_Wind_Onshore,2030,1,72,0.452702467,1
NL_Wind_Onshore,2030,1,73,0.463350968,1
NL_Wind_Onshore,2030,1,74,0.469447849,1
NL_Wind_Onshore,2030,1,75,0.47554472999999997,1
NL_Wind_Onshore,2030,1,76,0.481641611,1
NL_Wind_Onshore,2030,1,77,0.487738492,1
NL_Wind_Onshore,2030,1,78,0.48183131975000004,1
NL_Wind_Onshore,2030,1,79,0.4759241475,1
NL_Wind_Onshore,2030,1,80,0.47001697524999997,1
NL_Wind_Onshore,2030,1,81,0.464109803,1
NL_Wind_Onshore,2030,1,82,0.4629601945,1
NL_Wind_Onshore,2030,1,83,0.461810586,1
NL_Wind_Onshore,2030,1,84,0.4606609775,1
NL_Wind_Onshore,2030,1,85,0.459511369,1
NL_Wind_Onshore,2030,1,86,0.46294941425,1
NL_Wind_Onshore,2030,1,87,0.4663874595,1
NL_Wind_Onshore,2030,1,88,0.46982550474999996,1
NL_Wind_Onshore,2030,1,89,0.47326355,1
NL_Wind_Onshore,2030,1,90,0.47840004324999996,1
NL_Wind_Onshore,2030,1,91,0.48353653649999995,1
NL_Wind_Onshore,2030,1,92,0.48867302975,1
NL_Wind_Onshore,2030,1,93,0.493809523,1
NL_Wind_Onshore,2030,1,94,0.50801203825,1
NL_Wind_Onshore,2030,1,95,0.5222145535,1
NL_Wind_Onshore,2030,1,96,0.53641706875,1
NL_Wind_Onshore,2030,1,97,0.550619584,1
NL_Wind_Onshore,2030,1,98,0.57631190825,1
NL_Wind_Onshore,2030,1,99,0.6020042325,1
NL_Wind_Onshore,2030,1,100,0.62769655675,1
NL_Wind_Onshore,2030,1,101,0.653388881,1
NL_Wind_Onshore,2030,1,102,0.682647247,1
NL_Wind_Onshore,2030,1,103,0.711905613,1
NL_Wind_Onshore,2030,1,104,0.741163979,1
NL_Wind_Onshore,2030,1,105,0.770422345,1
NL_Wind_Onshore,2030,1,106,0.789949464,1
NL_Wind_Onshore,2030,1,107,0.8094765829999999,1
NL_Wind_Onshore,2030,1,108,0.829003702,1
NL_Wind_Onshore,2030,1,109,0.848530821,1
NL_Wind_Onshore,2030,1,110,0.8581853365000001,1
NL_Wind_Onshore,2030,1,111,0.867839852,1
NL_Wind_Onshore,2030,1,112,0.8774943675,1
NL_Wind_Onshore,2030,1,113,0.887148883,1
NL_Wind_Onshore,2030,1,114,0.894749777,1
NL_Wind_Onshore,2030,1,115,0.902350671,1
NL_Wind_Onshore,2030,1,116,0.9099515650000001,1
NL_Wind_Onshore,2030,1,117,0.917552459,1
NL_Wind_Onshore,2030,1,118,0.921538654,1
NL_Wind_Onshore,2030,1,119,0.9255248490000001,1
NL_Wind_Onshore,2030,1,120,0.9295110440000001,1
NL_Wind_Onshore,2030,1,121,0.933497239,1
NL_Wind_Onshore,2030,1,122,0.934266941,1
NL_Wind_Onshore,2030,1,123,0.935036643,1
NL_Wind_Onshore,2030,1,124,0.935806345,1
NL_Wind_Onshore,2030,1,125,0.936576047,1
NL_Wind_Onshore,2030,1,126,0.93216006275,1
NL_Wind_Onshore,2030,1,127,0.9277440785,1
NL_Wind_Onshore,2030,1,128,0.92332809425,1
NL_Wind_Onshore,2030,1,129,0.91891211,1
NL_Wind_Onshore,2030,1,130,0.915816701,1
NL_Wind_Onshore,2030,1,131,0.912721292,1
NL_Wind_Onshore,2030,1,132,0.9096258829999999,1
NL_Wind_Onshore,2030,1,133,0.906530474,1
NL_Wind_Onshore,2030,1,134,0.9000019162499999,1
NL_Wind_Onshore,2030,1,135,0.8934733585,1
NL_Wind_Onshore,2030,1,136,0.88694480075,1
NL_Wind_Onshore,2030,1,137,0.880416243,1
NL_Wind_Onshore,2030,1,138,0.868393311,1
NL_Wind_Onshore,2030,1,139,0.856370379,1
NL_Wind_Onshore,2030,1,140,0.8443474470000001,1
NL_Wind_Onshore,2030,1,141,0.832324515,1
NL_Wind_Onshore,2030,1,142,0.8208506787500001,1
NL_Wind_Onshore,2030,1,143,0.8093768425000001,1
NL_Wind_Onshore,2030,1,144,0.79790300625,1
NL_Wind_Onshore,2030,1,145,0.78642917,1
NL_Wind_Onshore,2030,1,146,0.7776751305,1
NL_Wind_Onshore,2030,1,147,0.768921091,1
NL_Wind_Onshore,2030,1,148,0.7601670515,1
NL_Wind_Onshore,2030,1,149,0.751413012,1
NL_Wind_Onshore,2030,1,150,0.74200077075,1
NL_Wind_Onshore,2030,1,151,0.7325885295,1
NL_Wind_Onshore,2030,1,152,0.7231762882499999,1
NL_Wind_Onshore,2030,1,153,0.713764047,1
NL_Wind_Onshore,2030,1,154,0.7063634405,1
NL_Wind_Onshore,2030,1,155,0.698962834,1
NL_Wind_Onshore,2030,1,156,0.6915622275,1
NL_Wind_Onshore,2030,1,157,0.684161621,1
NL_Wind_Onshore,2030,1,158,0.6793806795,1
NL_Wind_Onshore,2030,1,159,0.674599738,1
NL_Wind_Onshore,2030,1,160,0.6698187965,1
NL_Wind_Onshore,2030,1,161,0.665037855,1
NL_Wind_Onshore,2030,1,162,0.66502410825,1
NL_Wind_Onshore,2030,1,163,0.6650103615,1
NL_Wind_Onshore,2030,1,164,0.6649966147499999,1
NL_Wind_Onshore,2030,1,165,0.664982868,1
NL_Wind_Onshore,2030,1,166,0.6637787305,1
NL_Wind_Onshore,2030,1,167,0.662574593,1
NL_Wind_Onshore,2030,1,168,0.6613704555,1
NL_Wind_Onshore,2030,1,169,0.660166318,1
NL_Wind_Onshore,2030,1,170,0.6557991345,1
NL_Wind_Onshore,2030,1,171,0.651431951,1
NL_Wind_Onshore,2030,1,172,0.6470647675,1
NL_Wind_Onshore,2030,1,173,0.642697584,1
NL_Wind_Onshore,2030,1,174,0.62610740425,1
NL_Wind_Onshore,2030,1,175,0.6095172245,1
NL_Wind_Onshore,2030,1,176,0.59292704475,1
NL_Wind_Onshore,2030,1,177,0.576336865,1
NL_Wind_Onshore,2030,1,178,0.55652367425,1
NL_Wind_Onshore,2030,1,179,0.5367104835000001,1
NL_Wind_Onshore,2030,1,180,0.5168972927500001,1
NL_Wind_Onshore,2030,1,181,0.497084102,1
NL_Wind_Onshore,2030,1,182,0.46818109175,1
NL_Wind_Onshore,2030,1,183,0.43927808150000003,1
NL_Wind_Onshore,2030,1,184,0.41037507125,1
NL_Wind_Onshore,2030,1,185,0.381472061,1
NL_Wind_Onshore,2030,1,186,0.365356224,1
NL_Wind_Onshore,2030,1,187,0.349240387,1
NL_Wind_Onshore,2030,1,188,0.33312454999999996,1
NL_Wind_Onshore,2030,1,189,0.317008713,1
NL_Wind_Onshore,2030,1,190,0.29592568025,1
NL_Wind_Onshore,2030,1,191,0.2748426475,1
NL_Wind_Onshore,2030,1,192,0.25375961475,1
NL_Wind_Onshore,2030,1,193,0.232676582,1
NL_Wind_Onshore,2030,1,194,0.22212297274999998,1
NL_Wind_Onshore,2030,1,195,0.2115693635,1
NL_Wind_Onshore,2030,1,196,0.20101575425,1
NL_Wind_Onshore,2030,1,197,0.190462145,1
NL_Wind_Onshore,2030,1,198,0.1806025215,1
NL_Wind_Onshore,2030,1,199,0.170742898,1
NL_Wind_Onshore,2030,1,200,0.1608832745,1
NL_Wind_Onshore,2030,1,201,0.151023651,1
NL_Wind_Onshore,2030,1,202,0.14664046725000002,1
NL_Wind_Onshore,2030,1,203,0.1422572835,1
NL_Wind_Onshore,2030,1,204,0.13787409974999998,1
NL_Wind_Onshore,2030,1,205,0.133490916,1
NL_Wind_Onshore,2030,1,206,0.12986161124999998,1
NL_Wind_Onshore,2030,1,207,0.1262323065,1
NL_Wind_Onshore,2030,1,208,0.12260300175,1
NL_Wind_Onshore,2030,1,209,0.118973697,1
NL_Wind_Onshore,2030,1,210,0.11452537675,1
NL_Wind_Onshore,2030,1,211,0.11007705649999999,1
NL_Wind_Onshore,2030,1,212,0.10562873625,1
NL_Wind_Onshore,2030,1,213,0.101180416,1
NL_Wind_Onshore,2030,1,214,0.09675523725,1
NL_Wind_Onshore,2030,1,215,0.0923300585,1
NL_Wind_Onshore,2030,1,216,0.08790487975,1
NL_Wind_Onshore,2030,1,217,0.083479701,1
NL_Wind_Onshore,2030,1,218,0.08137342225000001,1
NL_Wind_Onshore,2030,1,219,0.0792671435,1
NL_Wind_Onshore,2030,1,220,0.07716086475,1
NL_Wind_Onshore,2030,1,221,0.075054586,1
NL_Wind_Onshore,2030,1,222,0.06384532125,1
NL_Wind_Onshore,2030,1,223,0.0526360565,1
NL_Wind_Onshore,2030,1,224,0.041426791750000004,1
NL_Wind_Onshore,2030,1,225,0.030217527,1
NL_Wind_Onshore,2030,1,226,0.0290051615,1
NL_Wind_Onshore,2030,1,227,0.027792796,1
NL_Wind_Onshore,2030,1,228,0.0265804305,1
NL_Wind_Onshore,2030,1,229,0.025368065,1
NL_Wind_Onshore,2030,1,230,0.02559956725,1
NL_Wind_Onshore,2030,1,231,0.025831069499999998,1
NL_Wind_Onshore,2030,1,232,0.02606257175,1
NL_Wind_Onshore,2030,1,233,0.026294074,1
NL_Wind_Onshore,2030,1,234,0.0259175575,1
NL_Wind_Onshore,2030,1,235,0.025541041,1
NL_Wind_Onshore,2030,1,236,0.0251645245,1
NL_Wind_Onshore,2030,1,237,0.024788008,1
NL_Wind_Onshore,2030,1,238,0.0230038965,1
NL_Wind_Onshore,2030,1,239,0.021219784999999998,1
NL_Wind_Onshore,2030,1,240,0.0194356735,1
NL_Wind_Onshore,2030,1,241,0.017651562,1
NL_Wind_Onshore,2030,1,242,0.015840407,1
NL_Wind_Onshore,2030,1,243,0.014029251999999999,1
NL_Wind_Onshore,2030,1,244,0.012218097,1
NL_Wind_Onshore,2030,1,245,0.010406942,1
NL_Wind_Onshore,2030,1,246,0.00927803675,1
NL_Wind_Onshore,2030,1,247,0.0081491315,1
NL_Wind_Onshore,2030,1,248,0.00702022625,1
NL_Wind_Onshore,2030,1,249,0.005891321,1
NL_Wind_Onshore,2030,1,250,0.0060973985,1
NL_Wind_Onshore,2030,1,251,0.006303476,1
NL_Wind_Onshore,2030,1,252,0.006509553499999999,1
NL_Wind_Onshore,2030,1,253,0.006715631,1
NL_Wind_Onshore,2030,1,254,0.00812139825,1
NL_Wind_Onshore,2030,1,255,0.0095271655,1
NL_Wind_Onshore,2030,1,256,0.010932932749999999,1
NL_Wind_Onshore,2030,1,257,0.0123387,1
NL_Wind_Onshore,2030,1,258,0.01254113175,1
NL_Wind_Onshore,2030,1,259,0.0127435635,1
NL_Wind_Onshore,2030,1,260,0.01294599525,1
NL_Wind_Onshore,2030,1,261,0.013148427,1
NL_Wind_Onshore,2030,1,262,0.012388541250000001,1
NL_Wind_Onshore,2030,1,263,0.011628655500000001,1
NL_Wind_Onshore,2030,1,264,0.01086876975,1
NL_Wind_Onshore,2030,1,265,0.010108884,1
NL_Wind_Onshore,2030,1,266,0.00932238625,1
NL_Wind_Onshore,2030,1,267,0.0085358885,1
NL_Wind_Onshore,2030,1,268,0.007749390750000001,1
NL_Wind_Onshore,2030,1,269,0.006962893,1
NL_Wind_Onshore,2030,1,270,0.0058090825,1
NL_Wind_Onshore,2030,1,271,0.004655272,1
NL_Wind_Onshore,2030,1,272,0.0035014615,1
NL_Wind_Onshore,2030,1,273,0.002347651,1
NL_Wind_Onshore,2030,1,274,0.00200561675,1
NL_Wind_Onshore,2030,1,275,0.0016635825,1
NL_Wind_Onshore,2030,1,276,0.00132154825,1
NL_Wind_Onshore,2030,1,277,0.000979514,1
NL_Wind_Onshore,2030,1,278,0.001046602,1
NL_Wind_Onshore,2030,1,279,0.00111369,1
NL_Wind_Onshore,2030,1,280,0.001180778,1
NL_Wind_Onshore,2030,1,281,0.001247866,1
NL_Wind_Onshore,2030,1,282,0.00140763025,1
NL_Wind_Onshore,2030,1,283,0.0015673945,1
NL_Wind_Onshore,2030,1,284,0.00172715875,1
NL_Wind_Onshore,2030,1,285,0.001886923,1
NL_Wind_Onshore,2030,1,286,0.00216605475,1
NL_Wind_Onshore,2030,1,287,0.0024451865,1
NL_Wind_Onshore,2030,1,288,0.0027243182499999997,1
NL_Wind_Onshore,2030,1,289,0.00300345,1
NL_Wind_Onshore,2030,1,290,0.003495095,1
NL_Wind_Onshore,2030,1,291,0.00398674,1
NL_Wind_Onshore,2030,1,292,0.004478385,1
NL_Wind_Onshore,2030,1,293,0.00497003,1
NL_Wind_Onshore,2030,1,294,0.00556273375,1
NL_Wind_Onshore,2030,1,295,0.0061554375,1
NL_Wind_Onshore,2030,1,296,0.006748141250000001,1
NL_Wind_Onshore,2030,1,297,0.007340845,1
NL_Wind_Onshore,2030,1,298,0.007245709,1
NL_Wind_Onshore,2030,1,299,0.007150573,1
NL_Wind_Onshore,2030,1,300,0.007055437,1
NL_Wind_Onshore,2030,1,301,0.006960301,1
NL_Wind_Onshore,2030,1,302,0.0063796325,1
NL_Wind_Onshore,2030,1,303,0.005798964,1
NL_Wind_Onshore,2030,1,304,0.0052182955,1
NL_Wind_Onshore,2030,1,305,0.004637627,1
NL_Wind_Onshore,2030,1,306,0.0039392705,1
NL_Wind_Onshore,2030,1,307,0.003240914,1
NL_Wind_Onshore,2030,1,308,0.0025425575,1
NL_Wind_Onshore,2030,1,309,0.001844201,1
NL_Wind_Onshore,2030,1,310,0.00157107725,1
NL_Wind_Onshore,2030,1,311,0.0012979534999999999,1
NL_Wind_Onshore,2030,1,312,0.00102482975,1
NL_Wind_Onshore,2030,1,313,0.000751706,1
NL_Wind_Onshore,2030,1,314,0.0007014454999999999,1
NL_Wind_Onshore,2030,1,315,0.000651185,1
NL_Wind_Onshore,2030,1,316,0.0006009245,1
NL_Wind_Onshore,2030,1,317,0.000550664,1
NL_Wind_Onshore,2030,1,318,0.0006287755,1
NL_Wind_Onshore,2030,1,319,0.000706887,1
NL_Wind_Onshore,2030,1,320,0.0007849985,1
NL_Wind_Onshore,2030,1,321,0.00086311,1
NL_Wind_Onshore,2030,1,322,0.0010418195,1
NL_Wind_Onshore,2030,1,323,0.0012205290000000001,1
NL_Wind_Onshore,2030,1,324,0.0013992385,1
NL_Wind_Onshore,2030,1,325,0.001577948,1
NL_Wind_Onshore,2030,1,326,0.0022928065000000003,1
NL_Wind_Onshore,2030,1,327,0.003007665,1
NL_Wind_Onshore,2030,1,328,0.0037225235,1
NL_Wind_Onshore,2030,1,329,0.004437382,1
NL_Wind_Onshore,2030,1,330,0.00527355475,1
NL_Wind_Onshore,2030,1,331,0.0061097275,1
NL_Wind_Onshore,2030,1,332,0.0069459002499999995,1
NL_Wind_Onshore,2030,1,333,0.007782073,1
NL_Wind_Onshore,2030,1,334,0.007964467499999999,1
NL_Wind_Onshore,2030,1,335,0.008146862,1
NL_Wind_Onshore,2030,1,336,0.0083292565,1
NL_Wind_Onshore,2030,1,337,0.008511651,1
NL_Wind_Onshore,2030,1,338,0.008391015,1
NL_Wind_Onshore,2030,1,339,0.008270379000000001,1
NL_Wind_Onshore,2030,1,340,0.008149743000000001,1
NL_Wind_Onshore,2030,1,341,0.008029107,1
NL_Wind_Onshore,2030,1,342,0.007699020500000001,1
NL_Wind_Onshore,2030,1,343,0.007368934000000001,1
NL_Wind_Onshore,2030,1,344,0.0070388475,1
NL_Wind_Onshore,2030,1,345,0.006708761,1
NL_Wind_Onshore,2030,1,346,0.00614710775,1
NL_Wind_Onshore,2030,1,347,0.0055854545,1
NL_Wind_Onshore,2030,1,348,0.0050238012499999995,1
NL_Wind_Onshore,2030,1,349,0.004462148,1
NL_Wind_Onshore,2030,1,350,0.00467432975,1
NL_Wind_Onshore,2030,1,351,0.004886511499999999,1
NL_Wind_Onshore,2030,1,352,0.0050986932499999995,1
NL_Wind_Onshore,2030,1,353,0.005310875,1
NL_Wind_Onshore,2030,1,354,0.00534825425,1
NL_Wind_Onshore,2030,1,355,0.0053856335,1
NL_Wind_Onshore,2030,1,356,0.005423012749999999,1
NL_Wind_Onshore,2030,1,357,0.005460392,1
NL_Wind_Onshore,2030,1,358,0.006414857499999999,1
NL_Wind_Onshore,2030,1,359,0.007369323,1
NL_Wind_Onshore,2030,1,360,0.0083237885,1
NL_Wind_Onshore,2030,1,361,0.009278254,1
NL_Wind_Onshore,2030,1,362,0.009758951,1
NL_Wind_Onshore,2030,1,363,0.010239648,1
NL_Wind_Onshore,2030,1,364,0.010720345,1
NL_Wind_Onshore,2030,1,365,0.011201042,1
NL_Wind_Onshore,2030,1,366,0.009934936,1
NL_Wind_Onshore,2030,1,367,0.008668829999999999,1
NL_Wind_Onshore,2030,1,368,0.007402723999999999,1
NL_Wind_Onshore,2030,1,369,0.006136618,1
NL_Wind_Onshore,2030,1,370,0.0066234705,1
NL_Wind_Onshore,2030,1,371,0.007110323,1
NL_Wind_Onshore,2030,1,372,0.0075971755,1
NL_Wind_Onshore,2030,1,373,0.008084028,1
NL_Wind_Onshore,2030,1,374,0.00953451575,1
NL_Wind_Onshore,2030,1,375,0.0109850035,1
NL_Wind_Onshore,2030,1,376,0.01243549125,1
NL_Wind_Onshore,2030,1,377,0.013885979,1
NL_Wind_Onshore,2030,1,378,0.014671581,1
NL_Wind_Onshore,2030,1,379,0.015457183,1
NL_Wind_Onshore,2030,1,380,0.016242785,1
NL_Wind_Onshore,2030,1,381,0.017028387,1
NL_Wind_Onshore,2030,1,382,0.016858444,1
NL_Wind_Onshore,2030,1,383,0.016688501,1
NL_Wind_Onshore,2030,1,384,0.016518558,1
NL_Wind_Onshore,2030,1,385,0.016348615,1
NL_Wind_Onshore,2030,1,386,0.01653373325,1
NL_Wind_Onshore,2030,1,387,0.0167188515,1
NL_Wind_Onshore,2030,1,388,0.016903969749999997,1
NL_Wind_Onshore,2030,1,389,0.017089088,1
NL_Wind_Onshore,2030,1,390,0.019234118249999998,1
NL_Wind_Onshore,2030,1,391,0.0213791485,1
NL_Wind_Onshore,2030,1,392,0.02352417875,1
NL_Wind_Onshore,2030,1,393,0.025669209,1
NL_Wind_Onshore,2030,1,394,0.030005109999999998,1
NL_Wind_Onshore,2030,1,395,0.034341011,1
NL_Wind_Onshore,2030,1,396,0.038676911999999994,1
NL_Wind_Onshore,2030,1,397,0.043012813,1
NL_Wind_Onshore,2030,1,398,0.0498019615,1
NL_Wind_Onshore,2030,1,399,0.05659111,1
NL_Wind_Onshore,2030,1,400,0.06338025850000001,1
NL_Wind_Onshore,2030,1,401,0.070169407,1
NL_Wind_Onshore,2030,1,402,0.0750754615,1
NL_Wind_Onshore,2030,1,403,0.079981516,1
NL_Wind_Onshore,2030,1,404,0.08488757050000001,1
NL_Wind_Onshore,2030,1,405,0.089793625,1
NL_Wind_Onshore,2030,1,406,0.09124373150000001,1
NL_Wind_Onshore,2030,1,407,0.092693838,1
NL_Wind_Onshore,2030,1,408,0.09414394449999999,1
NL_Wind_Onshore,2030,1,409,0.095594051,1
NL_Wind_Onshore,2030,1,410,0.09509707125,1
NL_Wind_Onshore,2030,1,411,0.0946000915,1
NL_Wind_Onshore,2030,1,412,0.09410311175,1
NL_Wind_Onshore,2030,1,413,0.093606132,1
NL_Wind_Onshore,2030,1,414,0.09883662,1
NL_Wind_Onshore,2030,1,415,0.10406710799999999,1
NL_Wind_Onshore,2030,1,416,0.109297596,1
NL_Wind_Onshore,2030,1,417,0.114528084,1
NL_Wind_Onshore,2030,1,418,0.11934431275,1
NL_Wind_Onshore,2030,1,419,0.1241605415,1
NL_Wind_Onshore,2030,1,420,0.12897677024999998,1
NL_Wind_Onshore,2030,1,421,0.133792999,1
NL_Wind_Onshore,2030,1,422,0.14170370375,1
NL_Wind_Onshore,2030,1,423,0.14961440850000002,1
NL_Wind_Onshore,2030,1,424,0.15752511325000002,1
NL_Wind_Onshore,2030,1,425,0.165435818,1
NL_Wind_Onshore,2030,1,426,0.17127548425,1
NL_Wind_Onshore,2030,1,427,0.1771151505,1
NL_Wind_Onshore,2030,1,428,0.18295481675000003,1
NL_Wind_Onshore,2030,1,429,0.188794483,1
NL_Wind_Onshore,2030,1,430,0.19076047125,1
NL_Wind_Onshore,2030,1,431,0.1927264595,1
NL_Wind_Onshore,2030,1,432,0.19469244775,1
NL_Wind_Onshore,2030,1,433,0.196658436,1
NL_Wind_Onshore,2030,1,434,0.2013048855,1
NL_Wind_Onshore,2030,1,435,0.205951335,1
NL_Wind_Onshore,2030,1,436,0.2105977845,1
NL_Wind_Onshore,2030,1,437,0.215244234,1
NL_Wind_Onshore,2030,1,438,0.2152834015,1
NL_Wind_Onshore,2030,1,439,0.21532256900000002,1
NL_Wind_Onshore,2030,1,440,0.2153617365,1
NL_Wind_Onshore,2030,1,441,0.215400904,1
NL_Wind_Onshore,2030,1,442,0.220173465,1
NL_Wind_Onshore,2030,1,443,0.22494602600000002,1
NL_Wind_Onshore,2030,1,444,0.229718587,1
NL_Wind_Onshore,2030,1,445,0.234491148,1
NL_Wind_Onshore,2030,1,446,0.24314909125,1
NL_Wind_Onshore,2030,1,447,0.2518070345,1
NL_Wind_Onshore,2030,1,448,0.26046497775,1
NL_Wind_Onshore,2030,1,449,0.269122921,1
NL_Wind_Onshore,2030,1,450,0.285449284,1
NL_Wind_Onshore,2030,1,451,0.30177564700000004,1
NL_Wind_Onshore,2030,1,452,0.31810201,1
NL_Wind_Onshore,2030,1,453,0.334428373,1
NL_Wind_Onshore,2030,1,454,0.3467193775,1
NL_Wind_Onshore,2030,1,455,0.359010382,1
NL_Wind_Onshore,2030,1,456,0.3713013865,1
NL_Wind_Onshore,2030,1,457,0.383592391,1
NL_Wind_Onshore,2030,1,458,0.38374075874999997,1
NL_Wind_Onshore,2030,1,459,0.38388912649999996,1
NL_Wind_Onshore,2030,1,460,0.38403749425,1
NL_Wind_Onshore,2030,1,461,0.384185862,1
NL_Wind_Onshore,2030,1,462,0.36983059625,1
NL_Wind_Onshore,2030,1,463,0.3554753305,1
NL_Wind_Onshore,2030,1,464,0.34112006475,1
NL_Wind_Onshore,2030,1,465,0.326764799,1
NL_Wind_Onshore,2030,1,466,0.3038130515,1
NL_Wind_Onshore,2030,1,467,0.280861304,1
NL_Wind_Onshore,2030,1,468,0.2579095565,1
NL_Wind_Onshore,2030,1,469,0.234957809,1
NL_Wind_Onshore,2030,1,470,0.21912199799999998,1
NL_Wind_Onshore,2030,1,471,0.203286187,1
NL_Wind_Onshore,2030,1,472,0.187450376,1
NL_Wind_Onshore,2030,1,473,0.171614565,1
NL_Wind_Onshore,2030,1,474,0.17253418325,1
NL_Wind_Onshore,2030,1,475,0.1734538015,1
NL_Wind_Onshore,2030,1,476,0.17437341975,1
NL_Wind_Onshore,2030,1,477,0.175293038,1
NL_Wind_Onshore,2030,1,478,0.17980696275000002,1
NL_Wind_Onshore,2030,1,479,0.1843208875,1
NL_Wind_Onshore,2030,1,480,0.18883481224999998,1
NL_Wind_Onshore,2030,1,481,0.193348737,1
NL_Wind_Onshore,2030,1,482,0.20844169525,1
NL_Wind_Onshore,2030,1,483,0.22353465349999999,1
NL_Wind_Onshore,2030,1,484,0.23862761174999997,1
NL_Wind_Onshore,2030,1,485,0.25372057,1
NL_Wind_Onshore,2030,1,486,0.281103502,1
NL_Wind_Onshore,2030,1,487,0.308486434,1
NL_Wind_Onshore,2030,1,488,0.33586936599999995,1
NL_Wind_Onshore,2030,1,489,0.363252298,1
NL_Wind_Onshore,2030,1,490,0.3841035535,1
NL_Wind_Onshore,2030,1,491,0.404954809,1
NL_Wind_Onshore,2030,1,492,0.4258060645,1
NL_Wind_Onshore,2030,1,493,0.44665732,1
NL_Wind_Onshore,2030,1,494,0.45707045150000003,1
NL_Wind_Onshore,2030,1,495,0.46748358300000004,1
NL_Wind_Onshore,2030,1,496,0.4778967145,1
NL_Wind_Onshore,2030,1,497,0.488309846,1
NL_Wind_Onshore,2030,1,498,0.48725640275,1
NL_Wind_Onshore,2030,1,499,0.48620295950000003,1
NL_Wind_Onshore,2030,1,500,0.48514951625,1
NL_Wind_Onshore,2030,1,501,0.484096073,1
NL_Wind_Onshore,2030,1,502,0.47668783725,1
NL_Wind_Onshore,2030,1,503,0.46927960150000003,1
NL_Wind_Onshore,2030,1,504,0.46187136575,1
NL_Wind_Onshore,2030,1,505,0.45446313,1
NL_Wind_Onshore,2030,1,506,0.44823779399999997,1
NL_Wind_Onshore,2030,1,507,0.442012458,1
NL_Wind_Onshore,2030,1,508,0.435787122,1
NL_Wind_Onshore,2030,1,509,0.429561786,1
NL_Wind_Onshore,2030,1,510,0.42979113175,1
NL_Wind_Onshore,2030,1,511,0.4300204775,1
NL_Wind_Onshore,2030,1,512,0.43024982325,1
NL_Wind_Onshore,2030,1,513,0.430479169,1
NL_Wind_Onshore,2030,1,514,0.43164067775,1
NL_Wind_Onshore,2030,1,515,0.4328021865,1
NL_Wind_Onshore,2030,1,516,0.43396369525,1
NL_Wind_Onshore,2030,1,517,0.435125204,1
NL_Wind_Onshore,2030,1,518,0.43677712125,1
NL_Wind_Onshore,2030,1,519,0.43842903850000003,1
NL_Wind_Onshore,2030,1,520,0.44008095575,1
NL_Wind_Onshore,2030,1,521,0.441732873,1
NL_Wind_Onshore,2030,1,522,0.4393288495,1
NL_Wind_Onshore,2030,1,523,0.43692482600000004,1
NL_Wind_Onshore,2030,1,524,0.4345208025,1
NL_Wind_Onshore,2030,1,525,0.432116779,1
NL_Wind_Onshore,2030,1,526,0.43194505825,1
NL_Wind_Onshore,2030,1,527,0.4317733375,1
NL_Wind_Onshore,2030,1,528,0.43160161675,1
NL_Wind_Onshore,2030,1,529,0.431429896,1
NL_Wind_Onshore,2030,1,530,0.426975007,1
NL_Wind_Onshore,2030,1,531,0.422520118,1
NL_Wind_Onshore,2030,1,532,0.418065229,1
NL_Wind_Onshore,2030,1,533,0.41361034,1
NL_Wind_Onshore,2030,1,534,0.41583814775,1
NL_Wind_Onshore,2030,1,535,0.41806595550000003,1
NL_Wind_Onshore,2030,1,536,0.42029376325,1
NL_Wind_Onshore,2030,1,537,0.422521571,1
NL_Wind_Onshore,2030,1,538,0.432544257,1
NL_Wind_Onshore,2030,1,539,0.442566943,1
NL_Wind_Onshore,2030,1,540,0.452589629,1
NL_Wind_Onshore,2030,1,541,0.462612315,1
NL_Wind_Onshore,2030,1,542,0.470550884,1
NL_Wind_Onshore,2030,1,543,0.478489453,1
NL_Wind_Onshore,2030,1,544,0.486428022,1
NL_Wind_Onshore,2030,1,545,0.494366591,1
NL_Wind_Onshore,2030,1,546,0.49566475425,1
NL_Wind_Onshore,2030,1,547,0.4969629175,1
NL_Wind_Onshore,2030,1,548,0.49826108075000003,1
NL_Wind_Onshore,2030,1,549,0.499559244,1
NL_Wind_Onshore,2030,1,550,0.49370421925,1
NL_Wind_Onshore,2030,1,551,0.48784919449999997,1
NL_Wind_Onshore,2030,1,552,0.48199416975,1
NL_Wind_Onshore,2030,1,553,0.476139145,1
NL_Wind_Onshore,2030,1,554,0.48132978974999996,1
NL_Wind_Onshore,2030,1,555,0.4865204345,1
NL_Wind_Onshore,2030,1,556,0.49171107925,1
NL_Wind_Onshore,2030,1,557,0.496901724,1
NL_Wind_Onshore,2030,1,558,0.4598882755,1
NL_Wind_Onshore,2030,1,559,0.422874827,1
NL_Wind_Onshore,2030,1,560,0.38586137849999996,1
NL_Wind_Onshore,2030,1,561,0.34884793,1
NL_Wind_Onshore,2030,1,562,0.3366573575,1
NL_Wind_Onshore,2030,1,563,0.324466785,1
NL_Wind_Onshore,2030,1,564,0.3122762125,1
NL_Wind_Onshore,2030,1,565,0.30008564,1
NL_Wind_Onshore,2030,1,566,0.2922268865,1
NL_Wind_Onshore,2030,1,567,0.28436813299999997,1
NL_Wind_Onshore,2030,1,568,0.2765093795,1
NL_Wind_Onshore,2030,1,569,0.268650626,1
NL_Wind_Onshore,2030,1,570,0.2679227495,1
NL_Wind_Onshore,2030,1,571,0.267194873,1
NL_Wind_Onshore,2030,1,572,0.2664669965,1
NL_Wind_Onshore,2030,1,573,0.26573912,1
NL_Wind_Onshore,2030,1,574,0.26617552325,1
NL_Wind_Onshore,2030,1,575,0.2666119265,1
NL_Wind_Onshore,2030,1,576,0.26704832975,1
NL_Wind_Onshore,2030,1,577,0.267484733,1
NL_Wind_Onshore,2030,1,578,0.26480381924999996,1
NL_Wind_Onshore,2030,1,579,0.26212290549999995,1
NL_Wind_Onshore,2030,1,580,0.25944199175,1
NL_Wind_Onshore,2030,1,581,0.256761078,1
NL_Wind_Onshore,2030,1,582,0.26643230025,1
NL_Wind_Onshore,2030,1,583,0.2761035225,1
NL_Wind_Onshore,2030,1,584,0.28577474475,1
NL_Wind_Onshore,2030,1,585,0.295445967,1
NL_Wind_Onshore,2030,1,586,0.30742969675,1
NL_Wind_Onshore,2030,1,587,0.3194134265,1
NL_Wind_Onshore,2030,1,588,0.33139715625,1
NL_Wind_Onshore,2030,1,589,0.343380886,1
NL_Wind_Onshore,2030,1,590,0.345709891,1
NL_Wind_Onshore,2030,1,591,0.348038896,1
NL_Wind_Onshore,2030,1,592,0.350367901,1
NL_Wind_Onshore,2030,1,593,0.352696906,1
NL_Wind_Onshore,2030,1,594,0.34854575825,1
NL_Wind_Onshore,2030,1,595,0.3443946105,1
NL_Wind_Onshore,2030,1,596,0.34024346274999995,1
NL_Wind_Onshore,2030,1,597,0.336092315,1
NL_Wind_Onshore,2030,1,598,0.33769468599999997,1
NL_Wind_Onshore,2030,1,599,0.339297057,1
NL_Wind_Onshore,2030,1,600,0.340899428,1
NL_Wind_Onshore,2030,1,601,0.342501799,1
NL_Wind_Onshore,2030,1,602,0.34438899025,1
NL_Wind_Onshore,2030,1,603,0.3462761815,1
NL_Wind_Onshore,2030,1,604,0.34816337275,1
NL_Wind_Onshore,2030,1,605,0.350050564,1
NL_Wind_Onshore,2030,1,606,0.343799827,1
NL_Wind_Onshore,2030,1,607,0.33754909,1
NL_Wind_Onshore,2030,1,608,0.331298353,1
NL_Wind_Onshore,2030,1,609,0.325047616,1
NL_Wind_Onshore,2030,1,610,0.31601001075,1
NL_Wind_Onshore,2030,1,611,0.3069724055,1
NL_Wind_Onshore,2030,1,612,0.29793480024999996,1
NL_Wind_Onshore,2030,1,613,0.288897195,1
NL_Wind_Onshore,2030,1,614,0.28023055025,1
NL_Wind_Onshore,2030,1,615,0.2715639055,1
NL_Wind_Onshore,2030,1,616,0.26289726075000003,1
NL_Wind_Onshore,2030,1,617,0.254230616,1
NL_Wind_Onshore,2030,1,618,0.24755054550000002,1
NL_Wind_Onshore,2030,1,619,0.24087047500000003,1
NL_Wind_Onshore,2030,1,620,0.2341904045,1
NL_Wind_Onshore,2030,1,621,0.227510334,1
NL_Wind_Onshore,2030,1,622,0.22113390175,1
NL_Wind_Onshore,2030,1,623,0.21475746950000002,1
NL_Wind_Onshore,2030,1,624,0.20838103725,1
NL_Wind_Onshore,2030,1,625,0.202004605,1
NL_Wind_Onshore,2030,1,626,0.20192950825,1
NL_Wind_Onshore,2030,1,627,0.2018544115,1
NL_Wind_Onshore,2030,1,628,0.20177931475,1
NL_Wind_Onshore,2030,1,629,0.201704218,1
NL_Wind_Onshore,2030,1,630,0.19924850824999998,1
NL_Wind_Onshore,2030,1,631,0.19679279849999998,1
NL_Wind_Onshore,2030,1,632,0.19433708875,1
NL_Wind_Onshore,2030,1,633,0.191881379,1
NL_Wind_Onshore,2030,1,634,0.18954491625,1
NL_Wind_Onshore,2030,1,635,0.18720845349999998,1
NL_Wind_Onshore,2030,1,636,0.18487199075,1
NL_Wind_Onshore,2030,1,637,0.182535528,1
NL_Wind_Onshore,2030,1,638,0.176245878,1
NL_Wind_Onshore,2030,1,639,0.169956228,1
NL_Wind_Onshore,2030,1,640,0.163666578,1
NL_Wind_Onshore,2030,1,641,0.157376928,1
NL_Wind_Onshore,2030,1,642,0.14144022975,1
NL_Wind_Onshore,2030,1,643,0.1255035315,1
NL_Wind_Onshore,2030,1,644,0.10956683325,1
NL_Wind_Onshore,2030,1,645,0.093630135,1
NL_Wind_Onshore,2030,1,646,0.081198911,1
NL_Wind_Onshore,2030,1,647,0.068767687,1
NL_Wind_Onshore,2030,1,648,0.056336463,1
NL_Wind_Onshore,2030,1,649,0.043905239,1
NL_Wind_Onshore,2030,1,650,0.037610581,1
NL_Wind_Onshore,2030,1,651,0.031315922999999996,1
NL_Wind_Onshore,2030,1,652,0.025021265,1
NL_Wind_Onshore,2030,1,653,0.018726607,1
NL_Wind_Onshore,2030,1,654,0.0179075935,1
NL_Wind_Onshore,2030,1,655,0.01708858,1
NL_Wind_Onshore,2030,1,656,0.0162695665,1
NL_Wind_Onshore,2030,1,657,0.015450553,1
NL_Wind_Onshore,2030,1,658,0.015871008,1
NL_Wind_Onshore,2030,1,659,0.016291463,1
NL_Wind_Onshore,2030,1,660,0.016711918,1
NL_Wind_Onshore,2030,1,661,0.017132373,1
NL_Wind_Onshore,2030,1,662,0.01532129675,1
NL_Wind_Onshore,2030,1,663,0.0135102205,1
NL_Wind_Onshore,2030,1,664,0.01169914425,1
NL_Wind_Onshore,2030,1,665,0.009888068,1
NL_Wind_Onshore,2030,1,666,0.0096924285,1
NL_Wind_Onshore,2030,1,667,0.009496789,1
NL_Wind_Onshore,2030,1,668,0.009301149500000001,1
NL_Wind_Onshore,2030,1,669,0.00910551,1
NL_Wind_Onshore,2030,1,670,0.009634565000000001,1
NL_Wind_Onshore,2030,1,671,0.01016362,1
NL_Wind_Onshore,2030,1,672,0.010692674999999999,1
NL_Wind_Offshore,2030,1,1,0.619311146,1
NL_Wind_Offshore,2030,1,2,0.6112352435,1
NL_Wind_Offshore,2030,1,3,0.603159341,1
NL_Wind_Offshore,2030,1,4,0.5950834385,1
NL_Wind_Offshore,2030,1,5,0.587007536,1
NL_Wind_Offshore,2030,1,6,0.586042855,1
NL_Wind_Offshore,2030,1,7,0.585078174,1
NL_Wind_Offshore,2030,1,8,0.584113493,1
NL_Wind_Offshore,2030,1,9,0.583148812,1
NL_Wind_Offshore,2030,1,10,0.5953789655,1
NL_Wind_Offshore,2030,1,11,0.607609119,1
NL_Wind_Offshore,2030,1,12,0.6198392725,1
NL_Wind_Offshore,2030,1,13,0.632069426,1
NL_Wind_Offshore,2030,1,14,0.63231467875,1
NL_Wind_Offshore,2030,1,15,0.6325599315,1
NL_Wind_Offshore,2030,1,16,0.63280518425,1
NL_Wind_Offshore,2030,1,17,0.633050437,1
NL_Wind_Offshore,2030,1,18,0.661105812,1
NL_Wind_Offshore,2030,1,19,0.6891611870000001,1
NL_Wind_Offshore,2030,1,20,0.7172165620000001,1
NL_Wind_Offshore,2030,1,21,0.745271937,1
NL_Wind_Offshore,2030,1,22,0.7603392455,1
NL_Wind_Offshore,2030,1,23,0.775406554,1
NL_Wind_Offshore,2030,1,24,0.7904738625000001,1
NL_Wind_Offshore,2030,1,25,0.805541171,1
NL_Wind_Offshore,2030,1,26,0.81089235225,1
NL_Wind_Offshore,2030,1,27,0.8162435335,1
NL_Wind_Offshore,2030,1,28,0.82159471475,1
NL_Wind_Offshore,2030,1,29,0.826945896,1
NL_Wind_Offshore,2030,1,30,0.81971418925,1
NL_Wind_Offshore,2030,1,31,0.8124824825,1
NL_Wind_Offshore,2030,1,32,0.80525077575,1
NL_Wind_Offshore,2030,1,33,0.798019069,1
NL_Wind_Offshore,2030,1,34,0.79050276125,1
NL_Wind_Offshore,2030,1,35,0.7829864535,1
NL_Wind_Offshore,2030,1,36,0.7754701457500001,1
NL_Wind_Offshore,2030,1,37,0.767953838,1
NL_Wind_Offshore,2030,1,38,0.767448456,1
NL_Wind_Offshore,2030,1,39,0.7669430740000001,1
NL_Wind_Offshore,2030,1,40,0.766437692,1
NL_Wind_Offshore,2030,1,41,0.76593231,1
NL_Wind_Offshore,2030,1,42,0.7788164252499999,1
NL_Wind_Offshore,2030,1,43,0.7917005404999999,1
NL_Wind_Offshore,2030,1,44,0.80458465575,1
NL_Wind_Offshore,2030,1,45,0.817468771,1
NL_Wind_Offshore,2030,1,46,0.81305879625,1
NL_Wind_Offshore,2030,1,47,0.8086488215000001,1
NL_Wind_Offshore,2030,1,48,0.80423884675,1
NL_Wind_Offshore,2030,1,49,0.799828872,1
NL_Wind_Offshore,2030,1,50,0.81460647575,1
NL_Wind_Offshore,2030,1,51,0.8293840795,1
NL_Wind_Offshore,2030,1,52,0.84416168325,1
NL_Wind_Offshore,2030,1,53,0.858939287,1
NL_Wind_Offshore,2030,1,54,0.85486746275,1
NL_Wind_Offshore,2030,1,55,0.8507956385,1
NL_Wind_Offshore,2030,1,56,0.84672381425,1
NL_Wind_Offshore,2030,1,57,0.84265199,1
NL_Wind_Offshore,2030,1,58,0.847022275,1
NL_Wind_Offshore,2030,1,59,0.8513925600000001,1
NL_Wind_Offshore,2030,1,60,0.855762845,1
NL_Wind_Offshore,2030,1,61,0.86013313,1
NL_Wind_Offshore,2030,1,62,0.8679949615,1
NL_Wind_Offshore,2030,1,63,0.8758567930000001,1
NL_Wind_Offshore,2030,1,64,0.8837186245,1
NL_Wind_Offshore,2030,1,65,0.891580456,1
NL_Wind_Offshore,2030,1,66,0.89729677325,1
NL_Wind_Offshore,2030,1,67,0.9030130905,1
NL_Wind_Offshore,2030,1,68,0.90872940775,1
NL_Wind_Offshore,2030,1,69,0.914445725,1
NL_Wind_Offshore,2030,1,70,0.91495280075,1
NL_Wind_Offshore,2030,1,71,0.9154598764999999,1
NL_Wind_Offshore,2030,1,72,0.91596695225,1
NL_Wind_Offshore,2030,1,73,0.916474028,1
NL_Wind_Offshore,2030,1,74,0.91762344625,1
NL_Wind_Offshore,2030,1,75,0.9187728645,1
NL_Wind_Offshore,2030,1,76,0.91992228275,1
NL_Wind_Offshore,2030,1,77,0.921071701,1
NL_Wind_Offshore,2030,1,78,0.92613196325,1
NL_Wind_Offshore,2030,1,79,0.9311922255,1
NL_Wind_Offshore,2030,1,80,0.93625248775,1
NL_Wind_Offshore,2030,1,81,0.94131275,1
NL_Wind_Offshore,2030,1,82,0.94521415975,1
NL_Wind_Offshore,2030,1,83,0.9491155695,1
NL_Wind_Offshore,2030,1,84,0.9530169792500001,1
NL_Wind_Offshore,2030,1,85,0.956918389,1
NL_Wind_Offshore,2030,1,86,0.95884873075,1
NL_Wind_Offshore,2030,1,87,0.9607790725,1
NL_Wind_Offshore,2030,1,88,0.96270941425,1
NL_Wind_Offshore,2030,1,89,0.964639756,1
NL_Wind_Offshore,2030,1,90,0.96599172375,1
NL_Wind_Offshore,2030,1,91,0.9673436915,1
NL_Wind_Offshore,2030,1,92,0.96869565925,1
NL_Wind_Offshore,2030,1,93,0.970047627,1
NL_Wind_Offshore,2030,1,94,0.9680207145,1
NL_Wind_Offshore,2030,1,95,0.9659938020000001,1
NL_Wind_Offshore,2030,1,96,0.9639668895,1
NL_Wind_Offshore,2030,1,97,0.961939977,1
NL_Wind_Offshore,2030,1,98,0.9625801657499999,1
NL_Wind_Offshore,2030,1,99,0.9632203545,1
NL_Wind_Offshore,2030,1,100,0.96386054325,1
NL_Wind_Offshore,2030,1,101,0.964500732,1
NL_Wind_Offshore,2030,1,102,0.963635273,1
NL_Wind_Offshore,2030,1,103,0.9627698140000001,1
NL_Wind_Offshore,2030,1,104,0.961904355,1
NL_Wind_Offshore,2030,1,105,0.961038896,1
NL_Wind_Offshore,2030,1,106,0.95880101025,1
NL_Wind_Offshore,2030,1,107,0.9565631245,1
NL_Wind_Offshore,2030,1,108,0.9543252387500001,1
NL_Wind_Offshore,2030,1,109,0.952087353,1
NL_Wind_Offshore,2030,1,110,0.937806157,1
NL_Wind_Offshore,2030,1,111,0.923524961,1
NL_Wind_Offshore,2030,1,112,0.909243765,1
NL_Wind_Offshore,2030,1,113,0.894962569,1
NL_Wind_Offshore,2030,1,114,0.85434168375,1
NL_Wind_Offshore,2030,1,115,0.8137207985,1
NL_Wind_Offshore,2030,1,116,0.77309991325,1
NL_Wind_Offshore,2030,1,117,0.732479028,1
NL_Wind_Offshore,2030,1,118,0.73575036775,1
NL_Wind_Offshore,2030,1,119,0.7390217075000001,1
NL_Wind_Offshore,2030,1,120,0.74229304725,1
NL_Wind_Offshore,2030,1,121,0.745564387,1
NL_Wind_Offshore,2030,1,122,0.72382536475,1
NL_Wind_Offshore,2030,1,123,0.7020863425,1
NL_Wind_Offshore,2030,1,124,0.68034732025,1
NL_Wind_Offshore,2030,1,125,0.658608298,1
NL_Wind_Offshore,2030,1,126,0.677254134,1
NL_Wind_Offshore,2030,1,127,0.6958999699999999,1
NL_Wind_Offshore,2030,1,128,0.714545806,1
NL_Wind_Offshore,2030,1,129,0.733191642,1
NL_Wind_Offshore,2030,1,130,0.69321360425,1
NL_Wind_Offshore,2030,1,131,0.6532355665,1
NL_Wind_Offshore,2030,1,132,0.61325752875,1
NL_Wind_Offshore,2030,1,133,0.573279491,1
NL_Wind_Offshore,2030,1,134,0.575854527,1
NL_Wind_Offshore,2030,1,135,0.578429563,1
NL_Wind_Offshore,2030,1,136,0.581004599,1
NL_Wind_Offshore,2030,1,137,0.583579635,1
NL_Wind_Offshore,2030,1,138,0.53958008825,1
NL_Wind_Offshore,2030,1,139,0.49558054149999997,1
NL_Wind_Offshore,2030,1,140,0.45158099475,1
NL_Wind_Offshore,2030,1,141,0.407581448,1
NL_Wind_Offshore,2030,1,142,0.42061718775,1
NL_Wind_Offshore,2030,1,143,0.4336529275,1
NL_Wind_Offshore,2030,1,144,0.44668866725,1
NL_Wind_Offshore,2030,1,145,0.459724407,1
NL_Wind_Offshore,2030,1,146,0.466227367,1
NL_Wind_Offshore,2030,1,147,0.472730327,1
NL_Wind_Offshore,2030,1,148,0.479233287,1
NL_Wind_Offshore,2030,1,149,0.485736247,1
NL_Wind_Offshore,2030,1,150,0.452734022,1
NL_Wind_Offshore,2030,1,151,0.419731797,1
NL_Wind_Offshore,2030,1,152,0.386729572,1
NL_Wind_Offshore,2030,1,153,0.353727347,1
NL_Wind_Offshore,2030,1,154,0.31751383025,1
NL_Wind_Offshore,2030,1,155,0.2813003135,1
NL_Wind_Offshore,2030,1,156,0.24508679675,1
NL_Wind_Offshore,2030,1,157,0.20887328,1
NL_Wind_Offshore,2030,1,158,0.21088799225,1
NL_Wind_Offshore,2030,1,159,0.21290270449999998,1
NL_Wind_Offshore,2030,1,160,0.21491741675,1
NL_Wind_Offshore,2030,1,161,0.216932129,1
NL_Wind_Offshore,2030,1,162,0.19552475125000002,1
NL_Wind_Offshore,2030,1,163,0.1741173735,1
NL_Wind_Offshore,2030,1,164,0.15270999575,1
NL_Wind_Offshore,2030,1,165,0.131302618,1
NL_Wind_Offshore,2030,1,166,0.12283904200000001,1
NL_Wind_Offshore,2030,1,167,0.11437546600000001,1
NL_Wind_Offshore,2030,1,168,0.10591189,1
NL_Wind_Offshore,2030,1,169,0.097448314,1
NL_Wind_Offshore,2030,1,170,0.09254392275,1
NL_Wind_Offshore,2030,1,171,0.0876395315,1
NL_Wind_Offshore,2030,1,172,0.08273514025,1
NL_Wind_Offshore,2030,1,173,0.077830749,1
NL_Wind_Offshore,2030,1,174,0.074737234,1
NL_Wind_Offshore,2030,1,175,0.071643719,1
NL_Wind_Offshore,2030,1,176,0.068550204,1
NL_Wind_Offshore,2030,1,177,0.065456689,1
NL_Wind_Offshore,2030,1,178,0.07106411274999999,1
NL_Wind_Offshore,2030,1,179,0.0766715365,1
NL_Wind_Offshore,2030,1,180,0.08227896025,1
NL_Wind_Offshore,2030,1,181,0.087886384,1
NL_Wind_Offshore,2030,1,182,0.07403718075,1
NL_Wind_Offshore,2030,1,183,0.0601879775,1
NL_Wind_Offshore,2030,1,184,0.04633877425,1
NL_Wind_Offshore,2030,1,185,0.032489571,1
NL_Wind_Offshore,2030,1,186,0.035817315,1
NL_Wind_Offshore,2030,1,187,0.039145058999999996,1
NL_Wind_Offshore,2030,1,188,0.042472802999999996,1
NL_Wind_Offshore,2030,1,189,0.045800547,1
NL_Wind_Offshore,2030,1,190,0.05086101925,1
NL_Wind_Offshore,2030,1,191,0.055921491499999997,1
NL_Wind_Offshore,2030,1,192,0.06098196374999999,1
NL_Wind_Offshore,2030,1,193,0.066042436,1
NL_Wind_Offshore,2030,1,194,0.058934077249999994,1
NL_Wind_Offshore,2030,1,195,0.0518257185,1
NL_Wind_Offshore,2030,1,196,0.044717359750000005,1
NL_Wind_Offshore,2030,1,197,0.037609001,1
NL_Wind_Offshore,2030,1,198,0.038562129,1
NL_Wind_Offshore,2030,1,199,0.039515257,1
NL_Wind_Offshore,2030,1,200,0.040468385,1
NL_Wind_Offshore,2030,1,201,0.041421513,1
NL_Wind_Offshore,2030,1,202,0.040540824749999996,1
NL_Wind_Offshore,2030,1,203,0.0396601365,1
NL_Wind_Offshore,2030,1,204,0.03877944825,1
NL_Wind_Offshore,2030,1,205,0.03789876,1
NL_Wind_Offshore,2030,1,206,0.038614138,1
NL_Wind_Offshore,2030,1,207,0.039329515999999995,1
NL_Wind_Offshore,2030,1,208,0.040044894,1
NL_Wind_Offshore,2030,1,209,0.040760272,1
NL_Wind_Offshore,2030,1,210,0.03672995825,1
NL_Wind_Offshore,2030,1,211,0.0326996445,1
NL_Wind_Offshore,2030,1,212,0.02866933075,1
NL_Wind_Offshore,2030,1,213,0.024639017,1
NL_Wind_Offshore,2030,1,214,0.0261800415,1
NL_Wind_Offshore,2030,1,215,0.027721066,1
NL_Wind_Offshore,2030,1,216,0.029262090499999997,1
NL_Wind_Offshore,2030,1,217,0.030803115,1
NL_Wind_Offshore,2030,1,218,0.02992691375,1
NL_Wind_Offshore,2030,1,219,0.0290507125,1
NL_Wind_Offshore,2030,1,220,0.02817451125,1
NL_Wind_Offshore,2030,1,221,0.02729831,1
NL_Wind_Offshore,2030,1,222,0.028506071,1
NL_Wind_Offshore,2030,1,223,0.029713832,1
NL_Wind_Offshore,2030,1,224,0.030921592999999997,1
NL_Wind_Offshore,2030,1,225,0.032129354,1
NL_Wind_Offshore,2030,1,226,0.031065483749999998,1
NL_Wind_Offshore,2030,1,227,0.0300016135,1
NL_Wind_Offshore,2030,1,228,0.028937743250000002,1
NL_Wind_Offshore,2030,1,229,0.027873873,1
NL_Wind_Offshore,2030,1,230,0.0264772385,1
NL_Wind_Offshore,2030,1,231,0.025080604,1
NL_Wind_Offshore,2030,1,232,0.0236839695,1
NL_Wind_Offshore,2030,1,233,0.022287335,1
NL_Wind_Offshore,2030,1,234,0.02377408025,1
NL_Wind_Offshore,2030,1,235,0.0252608255,1
NL_Wind_Offshore,2030,1,236,0.026747570749999998,1
NL_Wind_Offshore,2030,1,237,0.028234316,1
NL_Wind_Offshore,2030,1,238,0.030697495749999998,1
NL_Wind_Offshore,2030,1,239,0.0331606755,1
NL_Wind_Offshore,2030,1,240,0.035623855249999996,1
NL_Wind_Offshore,2030,1,241,0.038087035,1
NL_Wind_Offshore,2030,1,242,0.035031942249999996,1
NL_Wind_Offshore,2030,1,243,0.0319768495,1
NL_Wind_Offshore,2030,1,244,0.02892175675,1
NL_Wind_Offshore,2030,1,245,0.025866664,1
NL_Wind_Offshore,2030,1,246,0.02443548475,1
NL_Wind_Offshore,2030,1,247,0.023004305500000002,1
NL_Wind_Offshore,2030,1,248,0.02157312625,1
NL_Wind_Offshore,2030,1,249,0.020141947,1
NL_Wind_Offshore,2030,1,250,0.02079556225,1
NL_Wind_Offshore,2030,1,251,0.0214491775,1
NL_Wind_Offshore,2030,1,252,0.02210279275,1
NL_Wind_Offshore,2030,1,253,0.022756408,1
NL_Wind_Offshore,2030,1,254,0.0215268855,1
NL_Wind_Offshore,2030,1,255,0.020297363,1
NL_Wind_Offshore,2030,1,256,0.0190678405,1
NL_Wind_Offshore,2030,1,257,0.017838318,1
NL_Wind_Offshore,2030,1,258,0.019287105,1
NL_Wind_Offshore,2030,1,259,0.020735892,1
NL_Wind_Offshore,2030,1,260,0.022184679,1
NL_Wind_Offshore,2030,1,261,0.023633466,1
NL_Wind_Offshore,2030,1,262,0.02289485175,1
NL_Wind_Offshore,2030,1,263,0.022156237500000002,1
NL_Wind_Offshore,2030,1,264,0.02141762325,1
NL_Wind_Offshore,2030,1,265,0.020679009,1
NL_Wind_Offshore,2030,1,266,0.020965168500000003,1
NL_Wind_Offshore,2030,1,267,0.021251328,1
NL_Wind_Offshore,2030,1,268,0.0215374875,1
NL_Wind_Offshore,2030,1,269,0.021823647,1
NL_Wind_Offshore,2030,1,270,0.021541239,1
NL_Wind_Offshore,2030,1,271,0.021258831,1
NL_Wind_Offshore,2030,1,272,0.020976423,1
NL_Wind_Offshore,2030,1,273,0.020694015,1
NL_Wind_Offshore,2030,1,274,0.02201862275,1
NL_Wind_Offshore,2030,1,275,0.0233432305,1
NL_Wind_Offshore,2030,1,276,0.024667838249999997,1
NL_Wind_Offshore,2030,1,277,0.025992446,1
NL_Wind_Offshore,2030,1,278,0.02259459225,1
NL_Wind_Offshore,2030,1,279,0.019196738499999998,1
NL_Wind_Offshore,2030,1,280,0.01579888475,1
NL_Wind_Offshore,2030,1,281,0.012401031,1
NL_Wind_Offshore,2030,1,282,0.01174976025,1
NL_Wind_Offshore,2030,1,283,0.0110984895,1
NL_Wind_Offshore,2030,1,284,0.01044721875,1
NL_Wind_Offshore,2030,1,285,0.009795948,1
NL_Wind_Offshore,2030,1,286,0.01035154825,1
NL_Wind_Offshore,2030,1,287,0.0109071485,1
NL_Wind_Offshore,2030,1,288,0.01146274875,1
NL_Wind_Offshore,2030,1,289,0.012018349,1
NL_Wind_Offshore,2030,1,290,0.0100506925,1
NL_Wind_Offshore,2030,1,291,0.008083036,1
NL_Wind_Offshore,2030,1,292,0.0061153795,1
NL_Wind_Offshore,2030,1,293,0.004147723,1
NL_Wind_Offshore,2030,1,294,0.0057338365,1
NL_Wind_Offshore,2030,1,295,0.00731995,1
NL_Wind_Offshore,2030,1,296,0.0089060635,1
NL_Wind_Offshore,2030,1,297,0.010492177,1
NL_Wind_Offshore,2030,1,298,0.01140851375,1
NL_Wind_Offshore,2030,1,299,0.0123248505,1
NL_Wind_Offshore,2030,1,300,0.01324118725,1
NL_Wind_Offshore,2030,1,301,0.014157524,1
NL_Wind_Offshore,2030,1,302,0.012302879749999999,1
NL_Wind_Offshore,2030,1,303,0.0104482355,1
NL_Wind_Offshore,2030,1,304,0.008593591250000001,1
NL_Wind_Offshore,2030,1,305,0.006738947,1
NL_Wind_Offshore,2030,1,306,0.00671504375,1
NL_Wind_Offshore,2030,1,307,0.0066911405,1
NL_Wind_Offshore,2030,1,308,0.00666723725,1
NL_Wind_Offshore,2030,1,309,0.006643334,1
NL_Wind_Offshore,2030,1,310,0.00638944475,1
NL_Wind_Offshore,2030,1,311,0.0061355555,1
NL_Wind_Offshore,2030,1,312,0.00588166625,1
NL_Wind_Offshore,2030,1,313,0.005627777,1
NL_Wind_Offshore,2030,1,314,0.00558220125,1
NL_Wind_Offshore,2030,1,315,0.0055366255,1
NL_Wind_Offshore,2030,1,316,0.005491049749999999,1
NL_Wind_Offshore,2030,1,317,0.005445474,1
NL_Wind_Offshore,2030,1,318,0.004658259499999999,1
NL_Wind_Offshore,2030,1,319,0.003871045,1
NL_Wind_Offshore,2030,1,320,0.0030838305,1
NL_Wind_Offshore,2030,1,321,0.002296616,1
NL_Wind_Offshore,2030,1,322,0.00241229925,1
NL_Wind_Offshore,2030,1,323,0.0025279825,1
NL_Wind_Offshore,2030,1,324,0.00264366575,1
NL_Wind_Offshore,2030,1,325,0.002759349,1
NL_Wind_Offshore,2030,1,326,0.00310306825,1
NL_Wind_Offshore,2030,1,327,0.0034467875000000004,1
NL_Wind_Offshore,2030,1,328,0.0037905067500000004,1
NL_Wind_Offshore,2030,1,329,0.004134226,1
NL_Wind_Offshore,2030,1,330,0.00713644425,1
NL_Wind_Offshore,2030,1,331,0.0101386625,1
NL_Wind_Offshore,2030,1,332,0.01314088075,1
NL_Wind_Offshore,2030,1,333,0.016143099,1
NL_Wind_Offshore,2030,1,334,0.01410038375,1
NL_Wind_Offshore,2030,1,335,0.0120576685,1
NL_Wind_Offshore,2030,1,336,0.01001495325,1
NL_Wind_Offshore,2030,1,337,0.007972238,1
NL_Wind_Offshore,2030,1,338,0.00668293075,1
NL_Wind_Offshore,2030,1,339,0.0053936235,1
NL_Wind_Offshore,2030,1,340,0.00410431625,1
NL_Wind_Offshore,2030,1,341,0.002815009,1
NL_Wind_Offshore,2030,1,342,0.0043401329999999995,1
NL_Wind_Offshore,2030,1,343,0.0058652570000000005,1
NL_Wind_Offshore,2030,1,344,0.007390381,1
NL_Wind_Offshore,2030,1,345,0.008915505,1
NL_Wind_Offshore,2030,1,346,0.012333465500000002,1
NL_Wind_Offshore,2030,1,347,0.015751426,1
NL_Wind_Offshore,2030,1,348,0.0191693865,1
NL_Wind_Offshore,2030,1,349,0.022587347,1
NL_Wind_Offshore,2030,1,350,0.018290510250000003,1
NL_Wind_Offshore,2030,1,351,0.013993673500000001,1
NL_Wind_Offshore,2030,1,352,0.009696836750000002,1
NL_Wind_Offshore,2030,1,353,0.0054,1
NL_Wind_Offshore,2030,1,354,0.00500197525,1
NL_Wind_Offshore,2030,1,355,0.0046039505000000005,1
NL_Wind_Offshore,2030,1,356,0.00420592575,1
NL_Wind_Offshore,2030,1,357,0.003807901,1
NL_Wind_Offshore,2030,1,358,0.0032476827499999996,1
NL_Wind_Offshore,2030,1,359,0.0026874645,1
NL_Wind_Offshore,2030,1,360,0.00212724625,1
NL_Wind_Offshore,2030,1,361,0.001567028,1
NL_Wind_Offshore,2030,1,362,0.00144302775,1
NL_Wind_Offshore,2030,1,363,0.0013190275000000001,1
NL_Wind_Offshore,2030,1,364,0.00119502725,1
NL_Wind_Offshore,2030,1,365,0.001071027,1
NL_Wind_Offshore,2030,1,366,0.0008633955,1
NL_Wind_Offshore,2030,1,367,0.000655764,1
NL_Wind_Offshore,2030,1,368,0.0004481324999999999,1
NL_Wind_Offshore,2030,1,369,0.000240501,1
NL_Wind_Offshore,2030,1,370,0.002280898,1
NL_Wind_Offshore,2030,1,371,0.004321294999999999,1
NL_Wind_Offshore,2030,1,372,0.0063616919999999995,1
NL_Wind_Offshore,2030,1,373,0.008402089,1
NL_Wind_Offshore,2030,1,374,0.0066121899999999996,1
NL_Wind_Offshore,2030,1,375,0.004822290999999999,1
NL_Wind_Offshore,2030,1,376,0.003032392,1
NL_Wind_Offshore,2030,1,377,0.001242493,1
NL_Wind_Offshore,2030,1,378,0.0018824425,1
NL_Wind_Offshore,2030,1,379,0.002522392,1
NL_Wind_Offshore,2030,1,380,0.0031623415,1
NL_Wind_Offshore,2030,1,381,0.003802291,1
NL_Wind_Offshore,2030,1,382,0.004371132,1
NL_Wind_Offshore,2030,1,383,0.004939973,1
NL_Wind_Offshore,2030,1,384,0.005508814000000001,1
NL_Wind_Offshore,2030,1,385,0.006077655,1
NL_Wind_Offshore,2030,1,386,0.0077225775,1
NL_Wind_Offshore,2030,1,387,0.0093675,1
NL_Wind_Offshore,2030,1,388,0.0110124225,1
NL_Wind_Offshore,2030,1,389,0.012657345,1
NL_Wind_Offshore,2030,1,390,0.015496883,1
NL_Wind_Offshore,2030,1,391,0.018336421,1
NL_Wind_Offshore,2030,1,392,0.021175959,1
NL_Wind_Offshore,2030,1,393,0.024015497,1
NL_Wind_Offshore,2030,1,394,0.024774339,1
NL_Wind_Offshore,2030,1,395,0.025533181000000002,1
NL_Wind_Offshore,2030,1,396,0.026292023,1
NL_Wind_Offshore,2030,1,397,0.027050865,1
NL_Wind_Offshore,2030,1,398,0.03358972375,1
NL_Wind_Offshore,2030,1,399,0.040128582499999996,1
NL_Wind_Offshore,2030,1,400,0.04666744125,1
NL_Wind_Offshore,2030,1,401,0.0532063,1
NL_Wind_Offshore,2030,1,402,0.0569910515,1
NL_Wind_Offshore,2030,1,403,0.060775802999999996,1
NL_Wind_Offshore,2030,1,404,0.06456055449999999,1
NL_Wind_Offshore,2030,1,405,0.068345306,1
NL_Wind_Offshore,2030,1,406,0.08235346674999999,1
NL_Wind_Offshore,2030,1,407,0.09636162749999999,1
NL_Wind_Offshore,2030,1,408,0.11036978825,1
NL_Wind_Offshore,2030,1,409,0.124377949,1
NL_Wind_Offshore,2030,1,410,0.12649098025,1
NL_Wind_Offshore,2030,1,411,0.1286040115,1
NL_Wind_Offshore,2030,1,412,0.13071704274999998,1
NL_Wind_Offshore,2030,1,413,0.132830074,1
NL_Wind_Offshore,2030,1,414,0.151717816,1
NL_Wind_Offshore,2030,1,415,0.170605558,1
NL_Wind_Offshore,2030,1,416,0.18949329999999998,1
NL_Wind_Offshore,2030,1,417,0.208381042,1
NL_Wind_Offshore,2030,1,418,0.21663301875,1
NL_Wind_Offshore,2030,1,419,0.2248849955,1
NL_Wind_Offshore,2030,1,420,0.23313697225,1
NL_Wind_Offshore,2030,1,421,0.241388949,1
NL_Wind_Offshore,2030,1,422,0.23999044249999998,1
NL_Wind_Offshore,2030,1,423,0.238591936,1
NL_Wind_Offshore,2030,1,424,0.2371934295,1
NL_Wind_Offshore,2030,1,425,0.235794923,1
NL_Wind_Offshore,2030,1,426,0.23417921975,1
NL_Wind_Offshore,2030,1,427,0.2325635165,1
NL_Wind_Offshore,2030,1,428,0.23094781325,1
NL_Wind_Offshore,2030,1,429,0.22933211,1
NL_Wind_Offshore,2030,1,430,0.23276275725,1
NL_Wind_Offshore,2030,1,431,0.2361934045,1
NL_Wind_Offshore,2030,1,432,0.23962405175,1
NL_Wind_Offshore,2030,1,433,0.243054699,1
NL_Wind_Offshore,2030,1,434,0.23782127975,1
NL_Wind_Offshore,2030,1,435,0.23258786050000002,1
NL_Wind_Offshore,2030,1,436,0.22735444125,1
NL_Wind_Offshore,2030,1,437,0.222121022,1
NL_Wind_Offshore,2030,1,438,0.2304896245,1
NL_Wind_Offshore,2030,1,439,0.238858227,1
NL_Wind_Offshore,2030,1,440,0.24722682950000002,1
NL_Wind_Offshore,2030,1,441,0.255595432,1
NL_Wind_Offshore,2030,1,442,0.26497185675,1
NL_Wind_Offshore,2030,1,443,0.2743482815,1
NL_Wind_Offshore,2030,1,444,0.28372470625,1
NL_Wind_Offshore,2030,1,445,0.293101131,1
NL_Wind_Offshore,2030,1,446,0.3124148675,1
NL_Wind_Offshore,2030,1,447,0.33172860400000004,1
NL_Wind_Offshore,2030,1,448,0.3510423405,1
NL_Wind_Offshore,2030,1,449,0.370356077,1
NL_Wind_Offshore,2030,1,450,0.382760619,1
NL_Wind_Offshore,2030,1,451,0.395165161,1
NL_Wind_Offshore,2030,1,452,0.407569703,1
NL_Wind_Offshore,2030,1,453,0.419974245,1
NL_Wind_Offshore,2030,1,454,0.422338643,1
NL_Wind_Offshore,2030,1,455,0.424703041,1
NL_Wind_Offshore,2030,1,456,0.427067439,1
NL_Wind_Offshore,2030,1,457,0.429431837,1
NL_Wind_Offshore,2030,1,458,0.422274435,1
NL_Wind_Offshore,2030,1,459,0.415117033,1
NL_Wind_Offshore,2030,1,460,0.407959631,1
NL_Wind_Offshore,2030,1,461,0.400802229,1
NL_Wind_Offshore,2030,1,462,0.380982074,1
NL_Wind_Offshore,2030,1,463,0.361161919,1
NL_Wind_Offshore,2030,1,464,0.341341764,1
NL_Wind_Offshore,2030,1,465,0.321521609,1
NL_Wind_Offshore,2030,1,466,0.3077032115,1
NL_Wind_Offshore,2030,1,467,0.293884814,1
NL_Wind_Offshore,2030,1,468,0.28006641649999997,1
NL_Wind_Offshore,2030,1,469,0.266248019,1
NL_Wind_Offshore,2030,1,470,0.26222111475,1
NL_Wind_Offshore,2030,1,471,0.2581942105,1
NL_Wind_Offshore,2030,1,472,0.25416730625,1
NL_Wind_Offshore,2030,1,473,0.250140402,1
NL_Wind_Offshore,2030,1,474,0.24025359925,1
NL_Wind_Offshore,2030,1,475,0.2303667965,1
NL_Wind_Offshore,2030,1,476,0.22047999375,1
NL_Wind_Offshore,2030,1,477,0.210593191,1
NL_Wind_Offshore,2030,1,478,0.22002243775000002,1
NL_Wind_Offshore,2030,1,479,0.2294516845,1
NL_Wind_Offshore,2030,1,480,0.23888093124999998,1
NL_Wind_Offshore,2030,1,481,0.248310178,1
NL_Wind_Offshore,2030,1,482,0.24693996499999998,1
NL_Wind_Offshore,2030,1,483,0.245569752,1
NL_Wind_Offshore,2030,1,484,0.24419953900000002,1
NL_Wind_Offshore,2030,1,485,0.242829326,1
NL_Wind_Offshore,2030,1,486,0.2477423655,1
NL_Wind_Offshore,2030,1,487,0.252655405,1
NL_Wind_Offshore,2030,1,488,0.2575684445,1
NL_Wind_Offshore,2030,1,489,0.262481484,1
NL_Wind_Offshore,2030,1,490,0.26163771724999996,1
NL_Wind_Offshore,2030,1,491,0.2607939505,1
NL_Wind_Offshore,2030,1,492,0.25995018375,1
NL_Wind_Offshore,2030,1,493,0.259106417,1
NL_Wind_Offshore,2030,1,494,0.26066505624999997,1
NL_Wind_Offshore,2030,1,495,0.2622236955,1
NL_Wind_Offshore,2030,1,496,0.26378233475,1
NL_Wind_Offshore,2030,1,497,0.265340974,1
NL_Wind_Offshore,2030,1,498,0.26510946075,1
NL_Wind_Offshore,2030,1,499,0.26487794750000004,1
NL_Wind_Offshore,2030,1,500,0.26464643425,1
NL_Wind_Offshore,2030,1,501,0.264414921,1
NL_Wind_Offshore,2030,1,502,0.26698526275,1
NL_Wind_Offshore,2030,1,503,0.26955560450000005,1
NL_Wind_Offshore,2030,1,504,0.27212594625000003,1
NL_Wind_Offshore,2030,1,505,0.274696288,1
NL_Wind_Offshore,2030,1,506,0.27478812675000003,1
NL_Wind_Offshore,2030,1,507,0.27487996550000005,1
NL_Wind_Offshore,2030,1,508,0.27497180425,1
NL_Wind_Offshore,2030,1,509,0.275063643,1
NL_Wind_Offshore,2030,1,510,0.26498762350000005,1
NL_Wind_Offshore,2030,1,511,0.254911604,1
NL_Wind_Offshore,2030,1,512,0.2448355845,1
NL_Wind_Offshore,2030,1,513,0.234759565,1
NL_Wind_Offshore,2030,1,514,0.23753674425,1
NL_Wind_Offshore,2030,1,515,0.2403139235,1
NL_Wind_Offshore,2030,1,516,0.24309110275,1
NL_Wind_Offshore,2030,1,517,0.245868282,1
NL_Wind_Offshore,2030,1,518,0.249406346,1
NL_Wind_Offshore,2030,1,519,0.25294441,1
NL_Wind_Offshore,2030,1,520,0.256482474,1
NL_Wind_Offshore,2030,1,521,0.260020538,1
NL_Wind_Offshore,2030,1,522,0.262174695,1
NL_Wind_Offshore,2030,1,523,0.264328852,1
NL_Wind_Offshore,2030,1,524,0.266483009,1
NL_Wind_Offshore,2030,1,525,0.268637166,1
NL_Wind_Offshore,2030,1,526,0.274654524,1
NL_Wind_Offshore,2030,1,527,0.280671882,1
NL_Wind_Offshore,2030,1,528,0.28668923999999996,1
NL_Wind_Offshore,2030,1,529,0.292706598,1
NL_Wind_Offshore,2030,1,530,0.27302212825,1
NL_Wind_Offshore,2030,1,531,0.2533376585,1
NL_Wind_Offshore,2030,1,532,0.23365318875,1
NL_Wind_Offshore,2030,1,533,0.213968719,1
NL_Wind_Offshore,2030,1,534,0.2142191125,1
NL_Wind_Offshore,2030,1,535,0.214469506,1
NL_Wind_Offshore,2030,1,536,0.2147198995,1
NL_Wind_Offshore,2030,1,537,0.214970293,1
NL_Wind_Offshore,2030,1,538,0.2148937595,1
NL_Wind_Offshore,2030,1,539,0.214817226,1
NL_Wind_Offshore,2030,1,540,0.2147406925,1
NL_Wind_Offshore,2030,1,541,0.214664159,1
NL_Wind_Offshore,2030,1,542,0.20740168575,1
NL_Wind_Offshore,2030,1,543,0.2001392125,1
NL_Wind_Offshore,2030,1,544,0.19287673924999998,1
NL_Wind_Offshore,2030,1,545,0.185614266,1
NL_Wind_Offshore,2030,1,546,0.189564946,1
NL_Wind_Offshore,2030,1,547,0.193515626,1
NL_Wind_Offshore,2030,1,548,0.19746630599999998,1
NL_Wind_Offshore,2030,1,549,0.201416986,1
NL_Wind_Offshore,2030,1,550,0.198961282,1
NL_Wind_Offshore,2030,1,551,0.19650557800000001,1
NL_Wind_Offshore,2030,1,552,0.194049874,1
NL_Wind_Offshore,2030,1,553,0.19159417,1
NL_Wind_Offshore,2030,1,554,0.18347865975,1
NL_Wind_Offshore,2030,1,555,0.1753631495,1
NL_Wind_Offshore,2030,1,556,0.16724763925000002,1
NL_Wind_Offshore,2030,1,557,0.159132129,1
NL_Wind_Offshore,2030,1,558,0.15533005100000002,1
NL_Wind_Offshore,2030,1,559,0.151527973,1
NL_Wind_Offshore,2030,1,560,0.147725895,1
NL_Wind_Offshore,2030,1,561,0.143923817,1
NL_Wind_Offshore,2030,1,562,0.14804412925000002,1
NL_Wind_Offshore,2030,1,563,0.15216444150000002,1
NL_Wind_Offshore,2030,1,564,0.15628475375,1
NL_Wind_Offshore,2030,1,565,0.160405066,1
NL_Wind_Offshore,2030,1,566,0.16958885475000002,1
NL_Wind_Offshore,2030,1,567,0.1787726435,1
NL_Wind_Offshore,2030,1,568,0.18795643225,1
NL_Wind_Offshore,2030,1,569,0.197140221,1
NL_Wind_Offshore,2030,1,570,0.186464191,1
NL_Wind_Offshore,2030,1,571,0.175788161,1
NL_Wind_Offshore,2030,1,572,0.165112131,1
NL_Wind_Offshore,2030,1,573,0.154436101,1
NL_Wind_Offshore,2030,1,574,0.1461893415,1
NL_Wind_Offshore,2030,1,575,0.13794258199999998,1
NL_Wind_Offshore,2030,1,576,0.1296958225,1
NL_Wind_Offshore,2030,1,577,0.121449063,1
NL_Wind_Offshore,2030,1,578,0.11232369824999999,1
NL_Wind_Offshore,2030,1,579,0.10319833349999999,1
NL_Wind_Offshore,2030,1,580,0.09407296875,1
NL_Wind_Offshore,2030,1,581,0.084947604,1
NL_Wind_Offshore,2030,1,582,0.07981673824999999,1
NL_Wind_Offshore,2030,1,583,0.0746858725,1
NL_Wind_Offshore,2030,1,584,0.06955500675000001,1
NL_Wind_Offshore,2030,1,585,0.064424141,1
NL_Wind_Offshore,2030,1,586,0.06360604625,1
NL_Wind_Offshore,2030,1,587,0.0627879515,1
NL_Wind_Offshore,2030,1,588,0.061969856749999996,1
NL_Wind_Offshore,2030,1,589,0.061151762,1
NL_Wind_Offshore,2030,1,590,0.05949303275,1
NL_Wind_Offshore,2030,1,591,0.0578343035,1
NL_Wind_Offshore,2030,1,592,0.05617557425,1
NL_Wind_Offshore,2030,1,593,0.054516845,1
NL_Wind_Offshore,2030,1,594,0.053090951750000004,1
NL_Wind_Offshore,2030,1,595,0.0516650585,1
NL_Wind_Offshore,2030,1,596,0.050239165249999995,1
NL_Wind_Offshore,2030,1,597,0.048813272,1
NL_Wind_Offshore,2030,1,598,0.04490877525,1
NL_Wind_Offshore,2030,1,599,0.0410042785,1
NL_Wind_Offshore,2030,1,600,0.03709978175,1
NL_Wind_Offshore,2030,1,601,0.033195285,1
NL_Wind_Offshore,2030,1,602,0.033579174249999996,1
NL_Wind_Offshore,2030,1,603,0.0339630635,1
NL_Wind_Offshore,2030,1,604,0.03434695275,1
NL_Wind_Offshore,2030,1,605,0.034730842,1
NL_Wind_Offshore,2030,1,606,0.032353959,1
NL_Wind_Offshore,2030,1,607,0.029977076,1
NL_Wind_Offshore,2030,1,608,0.027600193,1
NL_Wind_Offshore,2030,1,609,0.02522331,1
NL_Wind_Offshore,2030,1,610,0.022524502249999998,1
NL_Wind_Offshore,2030,1,611,0.019825694499999998,1
NL_Wind_Offshore,2030,1,612,0.01712688675,1
NL_Wind_Offshore,2030,1,613,0.014428079,1
NL_Wind_Offshore,2030,1,614,0.01340851325,1
NL_Wind_Offshore,2030,1,615,0.0123889475,1
NL_Wind_Offshore,2030,1,616,0.01136938175,1
NL_Wind_Offshore,2030,1,617,0.010349816,1
NL_Wind_Offshore,2030,1,618,0.0103467895,1
NL_Wind_Offshore,2030,1,619,0.010343762999999999,1
NL_Wind_Offshore,2030,1,620,0.0103407365,1
NL_Wind_Offshore,2030,1,621,0.01033771,1
NL_Wind_Offshore,2030,1,622,0.010385519499999999,1
NL_Wind_Offshore,2030,1,623,0.010433329,1
NL_Wind_Offshore,2030,1,624,0.0104811385,1
NL_Wind_Offshore,2030,1,625,0.010528948,1
NL_Wind_Offshore,2030,1,626,0.01151646125,1
NL_Wind_Offshore,2030,1,627,0.0125039745,1
NL_Wind_Offshore,2030,1,628,0.01349148775,1
NL_Wind_Offshore,2030,1,629,0.014479001,1
NL_Wind_Offshore,2030,1,630,0.01700342175,1
NL_Wind_Offshore,2030,1,631,0.0195278425,1
NL_Wind_Offshore,2030,1,632,0.022052263250000002,1
NL_Wind_Offshore,2030,1,633,0.024576684,1
NL_Wind_Offshore,2030,1,634,0.026814690000000002,1
NL_Wind_Offshore,2030,1,635,0.029052696,1
NL_Wind_Offshore,2030,1,636,0.031290702,1
NL_Wind_Offshore,2030,1,637,0.033528708,1
NL_Wind_Offshore,2030,1,638,0.043604517999999995,1
NL_Wind_Offshore,2030,1,639,0.053680328,1
NL_Wind_Offshore,2030,1,640,0.06375613799999999,1
NL_Wind_Offshore,2030,1,641,0.073831948,1
NL_Wind_Offshore,2030,1,642,0.0850061385,1
NL_Wind_Offshore,2030,1,643,0.096180329,1
NL_Wind_Offshore,2030,1,644,0.1073545195,1
NL_Wind_Offshore,2030,1,645,0.11852871,1
NL_Wind_Offshore,2030,1,646,0.13772153025,1
NL_Wind_Offshore,2030,1,647,0.1569143505,1
NL_Wind_Offshore,2030,1,648,0.17610717074999999,1
NL_Wind_Offshore,2030,1,649,0.195299991,1
NL_Wind_Offshore,2030,1,650,0.206267172,1
NL_Wind_Offshore,2030,1,651,0.217234353,1
NL_Wind_Offshore,2030,1,652,0.228201534,1
NL_Wind_Offshore,2030,1,653,0.239168715,1
NL_Wind_Offshore,2030,1,654,0.25563714575,1
NL_Wind_Offshore,2030,1,655,0.2721055765,1
NL_Wind_Offshore,2030,1,656,0.28857400725000004,1
NL_Wind_Offshore,2030,1,657,0.305042438,1
NL_Wind_Offshore,2030,1,658,0.33628063100000005,1
NL_Wind_Offshore,2030,1,659,0.367518824,1
NL_Wind_Offshore,2030,1,660,0.398757017,1
NL_Wind_Offshore,2030,1,661,0.42999521,1
NL_Wind_Offshore,2030,1,662,0.44726096225,1
NL_Wind_Offshore,2030,1,663,0.46452671450000005,1
NL_Wind_Offshore,2030,1,664,0.48179246675000004,1
NL_Wind_Offshore,2030,1,665,0.499058219,1
NL_Wind_Offshore,2030,1,666,0.52021154525,1
NL_Wind_Offshore,2030,1,667,0.5413648715,1
NL_Wind_Offshore,2030,1,668,0.56251819775,1
NL_Wind_Offshore,2030,1,669,0.583671524,1
NL_Wind_Offshore,2030,1,670,0.6105357875,1
NL_Wind_Offshore,2030,1,671,0.637400051,1
NL_Wind_Offshore,2030,1,672,0.6642643145,1
NL_Solar,2030,1,1,0.228206901,1
NL_Solar,2030,1,2,0.19931977374999998,1
NL_Solar,2030,1,3,0.1704326465,1
NL_Solar,2030,1,4,0.14154551925,1
NL_Solar,2030,1,5,0.112658392,1
NL_Solar,2030,1,6,0.084493794,1
NL_Solar,2030,1,7,0.056329196,1
NL_Solar,2030,1,8,0.028164598,1
NL_Solar,2030,1,9,0.0,1
NL_Solar,2030,1,10,0.0,1
NL_Solar,2030,1,11,0.0,1
NL_Solar,2030,1,12,0.0,1
NL_Solar,2030,1,13,0.0,1
NL_Solar,2030,1,14,0.0,1
NL_Solar,2030,1,15,0.0,1
NL_Solar,2030,1,16,0.0,1
NL_Solar,2030,1,17,0.0,1
NL_Solar,2030,1,18,0.0,1
NL_Solar,2030,1,19,0.0,1
NL_Solar,2030,1,20,0.0,1
NL_Solar,2030,1,21,0.0,1
NL_Solar,2030,1,22,0.0,1
NL_Solar,2030,1,23,0.0,1
NL_Solar,2030,1,24,0.0,1
NL_Solar,2030,1,25,0.0,1
NL_Solar,2030,1,26,0.0,1
NL_Solar,2030,1,27,0.0,1
NL_Solar,2030,1,28,0.0,1
NL_Solar,2030,1,29,0.0,1
NL_Solar,2030,1,30,0.0,1
NL_Solar,2030,1,31,0.0,1
NL_Solar,2030,1,32,0.0,1
NL_Solar,2030,1,33,0.0,1
NL_Solar,2030,1,34,0.0,1
NL_Solar,2030,1,35,0.0,1
NL_Solar,2030,1,36,0.0,1
NL_Solar,2030,1,37,0.0,1
NL_Solar,2030,1,38,0.0,1
NL_Solar,2030,1,39,0.0,1
NL_Solar,2030,1,40,0.0,1
NL_Solar,2030,1,41,0.0,1
NL_Solar,2030,1,42,0.0,1
NL_Solar,2030,1,43,0.0,1
NL_Solar,2030,1,44,0.0,1
NL_Solar,2030,1,45,0.0,1
NL_Solar,2030,1,46,0.0,1
NL_Solar,2030,1,47,0.0,1
NL_Solar,2030,1,48,0.0,1
NL_Solar,2030,1,49,0.0,1
NL_Solar,2030,1,50,0.0,1
NL_Solar,2030,1,51,0.0,1
NL_Solar,2030,1,52,0.0,1
NL_Solar,2030,1,53,0.0,1
NL_Solar,2030,1,54,0.0,1
NL_Solar,2030,1,55,0.0,1
NL_Solar,2030,1,56,0.0,1
NL_Solar,2030,1,57,0.0,1
NL_Solar,2030,1,58,0.0,1
NL_Solar,2030,1,59,0.0,1
NL_Solar,2030,1,60,0.0,1
NL_Solar,2030,1,61,0.0,1
NL_Solar,2030,1,62,0.0,1
NL_Solar,2030,1,63,0.0,1
NL_Solar,2030,1,64,0.0,1
NL_Solar,2030,1,65,0.0,1
NL_Solar,2030,1,66,0.0,1
NL_Solar,2030,1,67,0.0,1
NL_Solar,2030,1,68,0.0,1
NL_Solar,2030,1,69,0.0,1
NL_Solar,2030,1,70,2.18e-06,1
NL_Solar,2030,1,71,4.36e-06,1
NL_Solar,2030,1,72,6.54e-06,1
NL_Solar,2030,1,73,8.72e-06,1
NL_Solar,2030,1,74,0.04578549625,1
NL_Solar,2030,1,75,0.09156227250000001,1
NL_Solar,2030,1,76,0.13733904875,1
NL_Solar,2030,1,77,0.183115825,1
NL_Solar,2030,1,78,0.21615341625,1
NL_Solar,2030,1,79,0.2491910075,1
NL_Solar,2030,1,80,0.28222859875,1
NL_Solar,2030,1,81,0.31526619,1
NL_Solar,2030,1,82,0.33585120825000003,1
NL_Solar,2030,1,83,0.3564362265,1
NL_Solar,2030,1,84,0.37702124475,1
NL_Solar,2030,1,85,0.397606263,1
NL_Solar,2030,1,86,0.4027692565,1
NL_Solar,2030,1,87,0.40793225,1
NL_Solar,2030,1,88,0.4130952435,1
NL_Solar,2030,1,89,0.418258237,1
NL_Solar,2030,1,90,0.40470807175,1
NL_Solar,2030,1,91,0.3911579065,1
NL_Solar,2030,1,92,0.37760774124999996,1
NL_Solar,2030,1,93,0.364057576,1
NL_Solar,2030,1,94,0.33687216524999997,1
NL_Solar,2030,1,95,0.3096867545,1
NL_Solar,2030,1,96,0.28250134375,1
NL_Solar,2030,1,97,0.255315933,1
NL_Solar,2030,1,98,0.22109892175,1
NL_Solar,2030,1,99,0.1868819105,1
NL_Solar,2030,1,100,0.15266489924999999,1
NL_Solar,2030,1,101,0.118447888,1
NL_Solar,2030,1,102,0.088835916,1
NL_Solar,2030,1,103,0.059223944,1
NL_Solar,2030,1,104,0.029611972,1
NL_Solar,2030,1,105,0.0,1
NL_Solar,2030,1,106,0.0,1
NL_Solar,2030,1,107,0.0,1
NL_Solar,2030,1,108,0.0,1
NL_Solar,2030,1,109,0.0,1
NL_Solar,2030,1,110,0.0,1
NL_Solar,2030,1,111,0.0,1
NL_Solar,2030,1,112,0.0,1
NL_Solar,2030,1,113,0.0,1
NL_Solar,2030,1,114,0.0,1
NL_Solar,2030,1,115,0.0,1
NL_Solar,2030,1,116,0.0,1
NL_Solar,2030,1,117,0.0,1
NL_Solar,2030,1,118,0.0,1
NL_Solar,2030,1,119,0.0,1
NL_Solar,2030,1,120,0.0,1
NL_Solar,2030,1,121,0.0,1
NL_Solar,2030,1,122,0.0,1
NL_Solar,2030,1,123,0.0,1
NL_Solar,2030,1,124,0.0,1
NL_Solar,2030,1,125,0.0,1
NL_Solar,2030,1,126,0.0,1
NL_Solar,2030,1,127,0.0,1
NL_Solar,2030,1,128,0.0,1
NL_Solar,2030,1,129,0.0,1
NL_Solar,2030,1,130,0.0,1
NL_Solar,2030,1,131,0.0,1
NL_Solar,2030,1,132,0.0,1
NL_Solar,2030,1,133,0.0,1
NL_Solar,2030,1,134,0.0,1
NL_Solar,2030,1,135,0.0,1
NL_Solar,2030,1,136,0.0,1
NL_Solar,2030,1,137,0.0,1
NL_Solar,2030,1,138,0.0,1
NL_Solar,2030,1,139,0.0,1
NL_Solar,2030,1,140,0.0,1
NL_Solar,2030,1,141,0.0,1
NL_Solar,2030,1,142,0.0,1
NL_Solar,2030,1,143,0.0,1
NL_Solar,2030,1,144,0.0,1
NL_Solar,2030,1,145,0.0,1
NL_Solar,2030,1,146,0.0,1
NL_Solar,2030,1,147,0.0,1
NL_Solar,2030,1,148,0.0,1
NL_Solar,2030,1,149,0.0,1
NL_Solar,2030,1,150,0.0,1
NL_Solar,2030,1,151,0.0,1
NL_Solar,2030,1,152,0.0,1
NL_Solar,2030,1,153,0.0,1
NL_Solar,2030,1,154,0.0,1
NL_Solar,2030,1,155,0.0,1
NL_Solar,2030,1,156,0.0,1
NL_Solar,2030,1,157,0.0,1
NL_Solar,2030,1,158,0.0,1
NL_Solar,2030,1,159,0.0,1
NL_Solar,2030,1,160,0.0,1
NL_Solar,2030,1,161,0.0,1
NL_Solar,2030,1,162,0.0,1
NL_Solar,2030,1,163,0.0,1
NL_Solar,2030,1,164,0.0,1
NL_Solar,2030,1,165,0.0,1
NL_Solar,2030,1,166,0.0,1
NL_Solar,2030,1,167,0.0,1
NL_Solar,2030,1,168,0.0,1
NL_Solar,2030,1,169,0.0,1
NL_Solar,2030,1,170,0.00592558925,1
NL_Solar,2030,1,171,0.0118511785,1
NL_Solar,2030,1,172,0.01777676775,1
NL_Solar,2030,1,173,0.023702357,1
NL_Solar,2030,1,174,0.02971735425,1
NL_Solar,2030,1,175,0.035732351499999995,1
NL_Solar,2030,1,176,0.041747348749999996,1
NL_Solar,2030,1,177,0.047762346,1
NL_Solar,2030,1,178,0.05275560125,1
NL_Solar,2030,1,179,0.0577488565,1
NL_Solar,2030,1,180,0.06274211175,1
NL_Solar,2030,1,181,0.067735367,1
NL_Solar,2030,1,182,0.0702864765,1
NL_Solar,2030,1,183,0.07283758600000001,1
NL_Solar,2030,1,184,0.0753886955,1
NL_Solar,2030,1,185,0.077939805,1
NL_Solar,2030,1,186,0.07499286250000001,1
NL_Solar,2030,1,187,0.07204592,1
NL_Solar,2030,1,188,0.06909897749999999,1
NL_Solar,2030,1,189,0.066152035,1
NL_Solar,2030,1,190,0.05990628125,1
NL_Solar,2030,1,191,0.0536605275,1
NL_Solar,2030,1,192,0.04741477375,1
NL_Solar,2030,1,193,0.04116902,1
NL_Solar,2030,1,194,0.03409128375,1
NL_Solar,2030,1,195,0.0270135475,1
NL_Solar,2030,1,196,0.01993581125,1
NL_Solar,2030,1,197,0.012858075,1
NL_Solar,2030,1,198,0.009643556250000001,1
NL_Solar,2030,1,199,0.0064290375,1
NL_Solar,2030,1,200,0.003214518749999999,1
NL_Solar,2030,1,201,0.0,1
NL_Solar,2030,1,202,0.0,1
NL_Solar,2030,1,203,0.0,1
NL_Solar,2030,1,204,0.0,1
NL_Solar,2030,1,205,0.0,1
NL_Solar,2030,1,206,0.0,1
NL_Solar,2030,1,207,0.0,1
NL_Solar,2030,1,208,0.0,1
NL_Solar,2030,1,209,0.0,1
NL_Solar,2030,1,210,0.0,1
NL_Solar,2030,1,211,0.0,1
NL_Solar,2030,1,212,0.0,1
NL_Solar,2030,1,213,0.0,1
NL_Solar,2030,1,214,0.0,1
NL_Solar,2030,1,215,0.0,1
NL_Solar,2030,1,216,0.0,1
NL_Solar,2030,1,217,0.0,1
NL_Solar,2030,1,218,0.0,1
NL_Solar,2030,1,219,0.0,1
NL_Solar,2030,1,220,0.0,1
NL_Solar,2030,1,221,0.0,1
NL_Solar,2030,1,222,0.0,1
NL_Solar,2030,1,223,0.0,1
NL_Solar,2030,1,224,0.0,1
NL_Solar,2030,1,225,0.0,1
NL_Solar,2030,1,226,0.0,1
NL_Solar,2030,1,227,0.0,1
NL_Solar,2030,1,228,0.0,1
NL_Solar,2030,1,229,0.0,1
NL_Solar,2030,1,230,0.0,1
NL_Solar,2030,1,231,0.0,1
NL_Solar,2030,1,232,0.0,1
NL_Solar,2030,1,233,0.0,1
NL_Solar,2030,1,234,0.0,1
NL_Solar,2030,1,235,0.0,1
NL_Solar,2030,1,236,0.0,1
NL_Solar,2030,1,237,0.0,1
NL_Solar,2030,1,238,0.0,1
NL_Solar,2030,1,239,0.0,1
NL_Solar,2030,1,240,0.0,1
NL_Solar,2030,1,241,0.0,1
NL_Solar,2030,1,242,0.0,1
NL_Solar,2030,1,243,0.0,1
NL_Solar,2030,1,244,0.0,1
NL_Solar,2030,1,245,0.0,1
NL_Solar,2030,1,246,0.0,1
NL_Solar,2030,1,247,0.0,1
NL_Solar,2030,1,248,0.0,1
NL_Solar,2030,1,249,0.0,1
NL_Solar,2030,1,250,0.0,1
NL_Solar,2030,1,251,0.0,1
NL_Solar,2030,1,252,0.0,1
NL_Solar,2030,1,253,0.0,1
NL_Solar,2030,1,254,0.0,1
NL_Solar,2030,1,255,0.0,1
NL_Solar,2030,1,256,0.0,1
NL_Solar,2030,1,257,0.0,1
NL_Solar,2030,1,258,0.0,1
NL_Solar,2030,1,259,0.0,1
NL_Solar,2030,1,260,0.0,1
NL_Solar,2030,1,261,0.0,1
NL_Solar,2030,1,262,8.124625e-05,1
NL_Solar,2030,1,263,0.0001624925,1
NL_Solar,2030,1,264,0.00024373875,1
NL_Solar,2030,1,265,0.000324985,1
NL_Solar,2030,1,266,0.00961174925,1
NL_Solar,2030,1,267,0.0188985135,1
NL_Solar,2030,1,268,0.028185277749999998,1
NL_Solar,2030,1,269,0.037472042,1
NL_Solar,2030,1,270,0.04803096125,1
NL_Solar,2030,1,271,0.0585898805,1
NL_Solar,2030,1,272,0.06914879974999999,1
NL_Solar,2030,1,273,0.079707719,1
NL_Solar,2030,1,274,0.08982812949999999,1
NL_Solar,2030,1,275,0.09994854,1
NL_Solar,2030,1,276,0.1100689505,1
NL_Solar,2030,1,277,0.120189361,1
NL_Solar,2030,1,278,0.12416160425,1
NL_Solar,2030,1,279,0.1281338475,1
NL_Solar,2030,1,280,0.13210609075,1
NL_Solar,2030,1,281,0.136078334,1
NL_Solar,2030,1,282,0.1339437805,1
NL_Solar,2030,1,283,0.131809227,1
NL_Solar,2030,1,284,0.1296746735,1
NL_Solar,2030,1,285,0.12754012,1
NL_Solar,2030,1,286,0.12071046575000001,1
NL_Solar,2030,1,287,0.11388081150000001,1
NL_Solar,2030,1,288,0.10705115725,1
NL_Solar,2030,1,289,0.100221503,1
NL_Solar,2030,1,290,0.08650766800000001,1
NL_Solar,2030,1,291,0.072793833,1
NL_Solar,2030,1,292,0.059079998,1
NL_Solar,2030,1,293,0.045366163,1
NL_Solar,2030,1,294,0.03402462225,1
NL_Solar,2030,1,295,0.0226830815,1
NL_Solar,2030,1,296,0.011341540750000004,1
NL_Solar,2030,1,297,0.0,1
NL_Solar,2030,1,298,0.0,1
NL_Solar,2030,1,299,0.0,1
NL_Solar,2030,1,300,0.0,1
NL_Solar,2030,1,301,0.0,1
NL_Solar,2030,1,302,0.0,1
NL_Solar,2030,1,303,0.0,1
NL_Solar,2030,1,304,0.0,1
NL_Solar,2030,1,305,0.0,1
NL_Solar,2030,1,306,0.0,1
NL_Solar,2030,1,307,0.0,1
NL_Solar,2030,1,308,0.0,1
NL_Solar,2030,1,309,0.0,1
NL_Solar,2030,1,310,0.0,1
NL_Solar,2030,1,311,0.0,1
NL_Solar,2030,1,312,0.0,1
NL_Solar,2030,1,313,0.0,1
NL_Solar,2030,1,314,0.0,1
NL_Solar,2030,1,315,0.0,1
NL_Solar,2030,1,316,0.0,1
NL_Solar,2030,1,317,0.0,1
NL_Solar,2030,1,318,0.0,1
NL_Solar,2030,1,319,0.0,1
NL_Solar,2030,1,320,0.0,1
NL_Solar,2030,1,321,0.0,1
NL_Solar,2030,1,322,0.0,1
NL_Solar,2030,1,323,0.0,1
NL_Solar,2030,1,324,0.0,1
NL_Solar,2030,1,325,0.0,1
NL_Solar,2030,1,326,0.0,1
NL_Solar,2030,1,327,0.0,1
NL_Solar,2030,1,328,0.0,1
NL_Solar,2030,1,329,0.0,1
NL_Solar,2030,1,330,0.0,1
NL_Solar,2030,1,331,0.0,1
NL_Solar,2030,1,332,0.0,1
NL_Solar,2030,1,333,0.0,1
NL_Solar,2030,1,334,0.0,1
NL_Solar,2030,1,335,0.0,1
NL_Solar,2030,1,336,0.0,1
NL_Solar,2030,1,337,0.0,1
NL_Solar,2030,1,338,0.0,1
NL_Solar,2030,1,339,0.0,1
NL_Solar,2030,1,340,0.0,1
NL_Solar,2030,1,341,0.0,1
NL_Solar,2030,1,342,0.0,1
NL_Solar,2030,1,343,0.0,1
NL_Solar,2030,1,344,0.0,1
NL_Solar,2030,1,345,0.0,1
NL_Solar,2030,1,346,0.0,1
NL_Solar,2030,1,347,0.0,1
NL_Solar,2030,1,348,0.0,1
NL_Solar,2030,1,349,0.0,1
NL_Solar,2030,1,350,0.0,1
NL_Solar,2030,1,351,0.0,1
NL_Solar,2030,1,352,0.0,1
NL_Solar,2030,1,353,0.0,1
NL_Solar,2030,1,354,0.0,1
NL_Solar,2030,1,355,0.0,1
NL_Solar,2030,1,356,0.0,1
NL_Solar,2030,1,357,0.0,1
NL_Solar,2030,1,358,7.71985e-05,1
NL_Solar,2030,1,359,0.000154397,1
NL_Solar,2030,1,360,0.00023159549999999997,1
NL_Solar,2030,1,361,0.000308794,1
NL_Solar,2030,1,362,0.0191745985,1
NL_Solar,2030,1,363,0.038040403,1
NL_Solar,2030,1,364,0.0569062075,1
NL_Solar,2030,1,365,0.075772012,1
NL_Solar,2030,1,366,0.09218030925000001,1
NL_Solar,2030,1,367,0.1085886065,1
NL_Solar,2030,1,368,0.12499690375,1
NL_Solar,2030,1,369,0.141405201,1
NL_Solar,2030,1,370,0.15047190600000002,1
NL_Solar,2030,1,371,0.159538611,1
NL_Solar,2030,1,372,0.168605316,1
NL_Solar,2030,1,373,0.177672021,1
NL_Solar,2030,1,374,0.179905901,1
NL_Solar,2030,1,375,0.182139781,1
NL_Solar,2030,1,376,0.184373661,1
NL_Solar,2030,1,377,0.186607541,1
NL_Solar,2030,1,378,0.17649011525,1
NL_Solar,2030,1,379,0.1663726895,1
NL_Solar,2030,1,380,0.15625526374999998,1
NL_Solar,2030,1,381,0.146137838,1
NL_Solar,2030,1,382,0.1293062975,1
NL_Solar,2030,1,383,0.112474757,1
NL_Solar,2030,1,384,0.09564321649999999,1
NL_Solar,2030,1,385,0.078811676,1
NL_Solar,2030,1,386,0.06618557575,1
NL_Solar,2030,1,387,0.053559475499999995,1
NL_Solar,2030,1,388,0.04093337525,1
NL_Solar,2030,1,389,0.028307275,1
NL_Solar,2030,1,390,0.02123045625,1
NL_Solar,2030,1,391,0.0141536375,1
NL_Solar,2030,1,392,0.007076818749999998,1
NL_Solar,2030,1,393,0.0,1
NL_Solar,2030,1,394,0.0,1
NL_Solar,2030,1,395,0.0,1
NL_Solar,2030,1,396,0.0,1
NL_Solar,2030,1,397,0.0,1
NL_Solar,2030,1,398,0.0,1
NL_Solar,2030,1,399,0.0,1
NL_Solar,2030,1,400,0.0,1
NL_Solar,2030,1,401,0.0,1
NL_Solar,2030,1,402,0.0,1
NL_Solar,2030,1,403,0.0,1
NL_Solar,2030,1,404,0.0,1
NL_Solar,2030,1,405,0.0,1
NL_Solar,2030,1,406,0.0,1
NL_Solar,2030,1,407,0.0,1
NL_Solar,2030,1,408,0.0,1
NL_Solar,2030,1,409,0.0,1
NL_Solar,2030,1,410,0.0,1
NL_Solar,2030,1,411,0.0,1
NL_Solar,2030,1,412,0.0,1
NL_Solar,2030,1,413,0.0,1
NL_Solar,2030,1,414,0.0,1
NL_Solar,2030,1,415,0.0,1
NL_Solar,2030,1,416,0.0,1
NL_Solar,2030,1,417,0.0,1
NL_Solar,2030,1,418,0.0,1
NL_Solar,2030,1,419,0.0,1
NL_Solar,2030,1,420,0.0,1
NL_Solar,2030,1,421,0.0,1
NL_Solar,2030,1,422,0.0,1
NL_Solar,2030,1,423,0.0,1
NL_Solar,2030,1,424,0.0,1
NL_Solar,2030,1,425,0.0,1
NL_Solar,2030,1,426,0.0,1
NL_Solar,2030,1,427,0.0,1
NL_Solar,2030,1,428,0.0,1
NL_Solar,2030,1,429,0.0,1
NL_Solar,2030,1,430,0.0,1
NL_Solar,2030,1,431,0.0,1
NL_Solar,2030,1,432,0.0,1
NL_Solar,2030,1,433,0.0,1
NL_Solar,2030,1,434,0.0,1
NL_Solar,2030,1,435,0.0,1
NL_Solar,2030,1,436,0.0,1
NL_Solar,2030,1,437,0.0,1
NL_Solar,2030,1,438,0.0,1
NL_Solar,2030,1,439,0.0,1
NL_Solar,2030,1,440,0.0,1
NL_Solar,2030,1,441,0.0,1
NL_Solar,2030,1,442,0.0,1
NL_Solar,2030,1,443,0.0,1
NL_Solar,2030,1,444,0.0,1
NL_Solar,2030,1,445,0.0,1
NL_Solar,2030,1,446,0.0,1
NL_Solar,2030,1,447,0.0,1
NL_Solar,2030,1,448,0.0,1
NL_Solar,2030,1,449,0.0,1
NL_Solar,2030,1,450,0.0,1
NL_Solar,2030,1,451,0.0,1
NL_Solar,2030,1,452,0.0,1
NL_Solar,2030,1,453,0.0,1
NL_Solar,2030,1,454,0.00117888025,1
NL_Solar,2030,1,455,0.0023577605,1
NL_Solar,2030,1,456,0.0035366407500000002,1
NL_Solar,2030,1,457,0.004715521,1
NL_Solar,2030,1,458,0.0283494445,1
NL_Solar,2030,1,459,0.051983368,1
NL_Solar,2030,1,460,0.0756172915,1
NL_Solar,2030,1,461,0.099251215,1
NL_Solar,2030,1,462,0.121291544,1
NL_Solar,2030,1,463,0.143331873,1
NL_Solar,2030,1,464,0.165372202,1
NL_Solar,2030,1,465,0.187412531,1
NL_Solar,2030,1,466,0.20871594675,1
NL_Solar,2030,1,467,0.2300193625,1
NL_Solar,2030,1,468,0.25132277825,1
NL_Solar,2030,1,469,0.272626194,1
NL_Solar,2030,1,470,0.28513804975,1
NL_Solar,2030,1,471,0.29764990550000003,1
NL_Solar,2030,1,472,0.31016176125,1
NL_Solar,2030,1,473,0.322673617,1
NL_Solar,2030,1,474,0.31990977775,1
NL_Solar,2030,1,475,0.3171459385,1
NL_Solar,2030,1,476,0.31438209925,1
NL_Solar,2030,1,477,0.31161826,1
NL_Solar,2030,1,478,0.2939295325,1
NL_Solar,2030,1,479,0.276240805,1
NL_Solar,2030,1,480,0.2585520775,1
NL_Solar,2030,1,481,0.24086335,1
NL_Solar,2030,1,482,0.20968862625,1
NL_Solar,2030,1,483,0.1785139025,1
NL_Solar,2030,1,484,0.14733917875,1
NL_Solar,2030,1,485,0.116164455,1
NL_Solar,2030,1,486,0.08712334125,1
NL_Solar,2030,1,487,0.0580822275,1
NL_Solar,2030,1,488,0.02904111375,1
NL_Solar,2030,1,489,0.0,1
NL_Solar,2030,1,490,0.0,1
NL_Solar,2030,1,491,0.0,1
NL_Solar,2030,1,492,0.0,1
NL_Solar,2030,1,493,0.0,1
NL_Solar,2030,1,494,0.0,1
NL_Solar,2030,1,495,0.0,1
NL_Solar,2030,1,496,0.0,1
NL_Solar,2030,1,497,0.0,1
NL_Solar,2030,1,498,0.0,1
NL_Solar,2030,1,499,0.0,1
NL_Solar,2030,1,500,0.0,1
NL_Solar,2030,1,501,0.0,1
NL_Solar,2030,1,502,0.0,1
NL_Solar,2030,1,503,0.0,1
NL_Solar,2030,1,504,0.0,1
NL_Solar,2030,1,505,0.0,1
NL_Solar,2030,1,506,0.0,1
NL_Solar,2030,1,507,0.0,1
NL_Solar,2030,1,508,0.0,1
NL_Solar,2030,1,509,0.0,1
NL_Solar,2030,1,510,0.0,1
NL_Solar,2030,1,511,0.0,1
NL_Solar,2030,1,512,0.0,1
NL_Solar,2030,1,513,0.0,1
NL_Solar,2030,1,514,0.0,1
NL_Solar,2030,1,515,0.0,1
NL_Solar,2030,1,516,0.0,1
NL_Solar,2030,1,517,0.0,1
NL_Solar,2030,1,518,0.0,1
NL_Solar,2030,1,519,0.0,1
NL_Solar,2030,1,520,0.0,1
NL_Solar,2030,1,521,0.0,1
NL_Solar,2030,1,522,0.0,1
NL_Solar,2030,1,523,0.0,1
NL_Solar,2030,1,524,0.0,1
NL_Solar,2030,1,525,0.0,1
NL_Solar,2030,1,526,0.0,1
NL_Solar,2030,1,527,0.0,1
NL_Solar,2030,1,528,0.0,1
NL_Solar,2030,1,529,0.0,1
NL_Solar,2030,1,530,0.0,1
NL_Solar,2030,1,531,0.0,1
NL_Solar,2030,1,532,0.0,1
NL_Solar,2030,1,533,0.0,1
NL_Solar,2030,1,534,0.0,1
NL_Solar,2030,1,535,0.0,1
NL_Solar,2030,1,536,0.0,1
NL_Solar,2030,1,537,0.0,1
NL_Solar,2030,1,538,0.0,1
NL_Solar,2030,1,539,0.0,1
NL_Solar,2030,1,540,0.0,1
NL_Solar,2030,1,541,0.0,1
NL_Solar,2030,1,542,0.0,1
NL_Solar,2030,1,543,0.0,1
NL_Solar,2030,1,544,0.0,1
NL_Solar,2030,1,545,0.0,1
NL_Solar,2030,1,546,0.0,1
NL_Solar,2030,1,547,0.0,1
NL_Solar,2030,1,548,0.0,1
NL_Solar,2030,1,549,0.0,1
NL_Solar,2030,1,550,0.00163624325,1
NL_Solar,2030,1,551,0.0032724865,1
NL_Solar,2030,1,552,0.00490872975,1
NL_Solar,2030,1,553,0.006544973,1
NL_Solar,2030,1,554,0.02836173475,1
NL_Solar,2030,1,555,0.0501784965,1
NL_Solar,2030,1,556,0.07199525825,1
NL_Solar,2030,1,557,0.09381202,1
NL_Solar,2030,1,558,0.10567865274999999,1
NL_Solar,2030,1,559,0.1175452855,1
NL_Solar,2030,1,560,0.12941191825,1
NL_Solar,2030,1,561,0.141278551,1
NL_Solar,2030,1,562,0.14274936625,1
NL_Solar,2030,1,563,0.1442201815,1
NL_Solar,2030,1,564,0.14569099675,1
NL_Solar,2030,1,565,0.147161812,1
NL_Solar,2030,1,566,0.144602749,1
NL_Solar,2030,1,567,0.142043686,1
NL_Solar,2030,1,568,0.139484623,1
NL_Solar,2030,1,569,0.13692556,1
NL_Solar,2030,1,570,0.13071163675,1
NL_Solar,2030,1,571,0.1244977135,1
NL_Solar,2030,1,572,0.11828379025,1
NL_Solar,2030,1,573,0.112069867,1
NL_Solar,2030,1,574,0.10173718475,1
NL_Solar,2030,1,575,0.0914045025,1
NL_Solar,2030,1,576,0.08107182025,1
NL_Solar,2030,1,577,0.070739138,1
NL_Solar,2030,1,578,0.060505528999999995,1
NL_Solar,2030,1,579,0.05027192,1
NL_Solar,2030,1,580,0.040038311,1
NL_Solar,2030,1,581,0.029804702,1
NL_Solar,2030,1,582,0.0223535265,1
NL_Solar,2030,1,583,0.014902351,1
NL_Solar,2030,1,584,0.007451175500000001,1
NL_Solar,2030,1,585,0.0,1
NL_Solar,2030,1,586,0.0,1
NL_Solar,2030,1,587,0.0,1
NL_Solar,2030,1,588,0.0,1
NL_Solar,2030,1,589,0.0,1
NL_Solar,2030,1,590,0.0,1
NL_Solar,2030,1,591,0.0,1
NL_Solar,2030,1,592,0.0,1
NL_Solar,2030,1,593,0.0,1
NL_Solar,2030,1,594,0.0,1
NL_Solar,2030,1,595,0.0,1
NL_Solar,2030,1,596,0.0,1
NL_Solar,2030,1,597,0.0,1
NL_Solar,2030,1,598,0.0,1
NL_Solar,2030,1,599,0.0,1
NL_Solar,2030,1,600,0.0,1
NL_Solar,2030,1,601,0.0,1
NL_Solar,2030,1,602,0.0,1
NL_Solar,2030,1,603,0.0,1
NL_Solar,2030,1,604,0.0,1
NL_Solar,2030,1,605,0.0,1
NL_Solar,2030,1,606,0.0,1
NL_Solar,2030,1,607,0.0,1
NL_Solar,2030,1,608,0.0,1
NL_Solar,2030,1,609,0.0,1
NL_Solar,2030,1,610,0.0,1
NL_Solar,2030,1,611,0.0,1
NL_Solar,2030,1,612,0.0,1
NL_Solar,2030,1,613,0.0,1
NL_Solar,2030,1,614,0.0,1
NL_Solar,2030,1,615,0.0,1
NL_Solar,2030,1,616,0.0,1
NL_Solar,2030,1,617,0.0,1
NL_Solar,2030,1,618,0.0,1
NL_Solar,2030,1,619,0.0,1
NL_Solar,2030,1,620,0.0,1
NL_Solar,2030,1,621,0.0,1
NL_Solar,2030,1,622,0.0,1
NL_Solar,2030,1,623,0.0,1
NL_Solar,2030,1,624,0.0,1
NL_Solar,2030,1,625,0.0,1
NL_Solar,2030,1,626,0.0,1
NL_Solar,2030,1,627,0.0,1
NL_Solar,2030,1,628,0.0,1
NL_Solar,2030,1,629,0.0,1
NL_Solar,2030,1,630,0.0,1
NL_Solar,2030,1,631,0.0,1
NL_Solar,2030,1,632,0.0,1
NL_Solar,2030,1,633,0.0,1
NL_Solar,2030,1,634,0.0,1
NL_Solar,2030,1,635,0.0,1
NL_Solar,2030,1,636,0.0,1
NL_Solar,2030,1,637,0.0,1
NL_Solar,2030,1,638,0.0,1
NL_Solar,2030,1,639,0.0,1
NL_Solar,2030,1,640,0.0,1
NL_Solar,2030,1,641,0.0,1
NL_Solar,2030,1,642,0.0,1
NL_Solar,2030,1,643,0.0,1
NL_Solar,2030,1,644,0.0,1
NL_Solar,2030,1,645,0.0,1
NL_Solar,2030,1,646,0.00105389325,1
NL_Solar,2030,1,647,0.0021077865,1
NL_Solar,2030,1,648,0.00316167975,1
NL_Solar,2030,1,649,0.004215573,1
NL_Solar,2030,1,650,0.03319334475,1
NL_Solar,2030,1,651,0.0621711165,1
NL_Solar,2030,1,652,0.09114888825,1
NL_Solar,2030,1,653,0.12012666,1
NL_Solar,2030,1,654,0.14856256225,1
NL_Solar,2030,1,655,0.1769984645,1
NL_Solar,2030,1,656,0.20543436674999999,1
NL_Solar,2030,1,657,0.233870269,1
NL_Solar,2030,1,658,0.256609056,1
NL_Solar,2030,1,659,0.279347843,1
NL_Solar,2030,1,660,0.30208663,1
NL_Solar,2030,1,661,0.324825417,1
NL_Solar,2030,1,662,0.33598623175,1
NL_Solar,2030,1,663,0.3471470465,1
NL_Solar,2030,1,664,0.35830786125,1
NL_Solar,2030,1,665,0.369468676,1
NL_Solar,2030,1,666,0.36602691625,1
NL_Solar,2030,1,667,0.3625851565,1
NL_Solar,2030,1,668,0.35914339675,1
NL_Solar,2030,1,669,0.355701637,1
NL_Solar,2030,1,670,0.3352338375,1
NL_Solar,2030,1,671,0.314766038,1
NL_Solar,2030,1,672,0.2942982385,1
NL_E_Demand,2030,1,1,0.850087224,1
NL_E_Demand,2030,1,2,0.85692436525,1
NL_E_Demand,2030,1,3,0.8637615064999999,1
NL_E_Demand,2030,1,4,0.87059864775,1
NL_E_Demand,2030,1,5,0.877435789,1
NL_E_Demand,2030,1,6,0.8731149355,1
NL_E_Demand,2030,1,7,0.868794082,1
NL_E_Demand,2030,1,8,0.8644732285,1
NL_E_Demand,2030,1,9,0.860152375,1
NL_E_Demand,2030,1,10,0.854528431,1
NL_E_Demand,2030,1,11,0.848904487,1
NL_E_Demand,2030,1,12,0.843280543,1
NL_E_Demand,2030,1,13,0.837656599,1
NL_E_Demand,2030,1,14,0.828564845,1
NL_E_Demand,2030,1,15,0.819473091,1
NL_E_Demand,2030,1,16,0.8103813369999999,1
NL_E_Demand,2030,1,17,0.801289583,1
NL_E_Demand,2030,1,18,0.790493755,1
NL_E_Demand,2030,1,19,0.779697927,1
NL_E_Demand,2030,1,20,0.7689020990000001,1
NL_E_Demand,2030,1,21,0.758106271,1
NL_E_Demand,2030,1,22,0.74757479725,1
NL_E_Demand,2030,1,23,0.7370433235,1
NL_E_Demand,2030,1,24,0.72651184975,1
NL_E_Demand,2030,1,25,0.715980376,1
NL_E_Demand,2030,1,26,0.705567877,1
NL_E_Demand,2030,1,27,0.6951553779999999,1
NL_E_Demand,2030,1,28,0.684742879,1
NL_E_Demand,2030,1,29,0.67433038,1
NL_E_Demand,2030,1,30,0.667827818,1
NL_E_Demand,2030,1,31,0.661325256,1
NL_E_Demand,2030,1,32,0.654822694,1
NL_E_Demand,2030,1,33,0.648320132,1
NL_E_Demand,2030,1,34,0.65741455125,1
NL_E_Demand,2030,1,35,0.6665089705,1
NL_E_Demand,2030,1,36,0.67560338975,1
NL_E_Demand,2030,1,37,0.684697809,1
NL_E_Demand,2030,1,38,0.682800344,1
NL_E_Demand,2030,1,39,0.680902879,1
NL_E_Demand,2030,1,40,0.679005414,1
NL_E_Demand,2030,1,41,0.677107949,1
NL_E_Demand,2030,1,42,0.676479806,1
NL_E_Demand,2030,1,43,0.675851663,1
NL_E_Demand,2030,1,44,0.6752235200000001,1
NL_E_Demand,2030,1,45,0.674595377,1
NL_E_Demand,2030,1,46,0.67596121875,1
NL_E_Demand,2030,1,47,0.6773270605,1
NL_E_Demand,2030,1,48,0.67869290225,1
NL_E_Demand,2030,1,49,0.680058744,1
NL_E_Demand,2030,1,50,0.6853016814999999,1
NL_E_Demand,2030,1,51,0.690544619,1
NL_E_Demand,2030,1,52,0.6957875565,1
NL_E_Demand,2030,1,53,0.701030494,1
NL_E_Demand,2030,1,54,0.70094662725,1
NL_E_Demand,2030,1,55,0.7008627605,1
NL_E_Demand,2030,1,56,0.7007788937499999,1
NL_E_Demand,2030,1,57,0.700695027,1
NL_E_Demand,2030,1,58,0.717929649,1
NL_E_Demand,2030,1,59,0.7351642709999999,1
NL_E_Demand,2030,1,60,0.752398893,1
NL_E_Demand,2030,1,61,0.769633515,1
NL_E_Demand,2030,1,62,0.779734387,1
NL_E_Demand,2030,1,63,0.789835259,1
NL_E_Demand,2030,1,64,0.799936131,1
NL_E_Demand,2030,1,65,0.810037003,1
NL_E_Demand,2030,1,66,0.8131964465,1
NL_E_Demand,2030,1,67,0.8163558900000001,1
NL_E_Demand,2030,1,68,0.8195153335,1
NL_E_Demand,2030,1,69,0.822674777,1
NL_E_Demand,2030,1,70,0.82496930275,1
NL_E_Demand,2030,1,71,0.8272638285,1
NL_E_Demand,2030,1,72,0.82955835425,1
NL_E_Demand,2030,1,73,0.83185288,1
NL_E_Demand,2030,1,74,0.8323220305,1
NL_E_Demand,2030,1,75,0.8327911809999999,1
NL_E_Demand,2030,1,76,0.8332603315,1
NL_E_Demand,2030,1,77,0.833729482,1
NL_E_Demand,2030,1,78,0.83432654425,1
NL_E_Demand,2030,1,79,0.8349236065,1
NL_E_Demand,2030,1,80,0.83552066875,1
NL_E_Demand,2030,1,81,0.836117731,1
NL_E_Demand,2030,1,82,0.84121023,1
NL_E_Demand,2030,1,83,0.846302729,1
NL_E_Demand,2030,1,84,0.851395228,1
NL_E_Demand,2030,1,85,0.856487727,1
NL_E_Demand,2030,1,86,0.8574252075,1
NL_E_Demand,2030,1,87,0.8583626879999999,1
NL_E_Demand,2030,1,88,0.8593001685,1
NL_E_Demand,2030,1,89,0.860237649,1
NL_E_Demand,2030,1,90,0.858434006,1
NL_E_Demand,2030,1,91,0.8566303630000001,1
NL_E_Demand,2030,1,92,0.85482672,1
NL_E_Demand,2030,1,93,0.853023077,1
NL_E_Demand,2030,1,94,0.8592020665,1
NL_E_Demand,2030,1,95,0.8653810559999999,1
NL_E_Demand,2030,1,96,0.8715600455,1
NL_E_Demand,2030,1,97,0.877739035,1
NL_E_Demand,2030,1,98,0.8820339469999999,1
NL_E_Demand,2030,1,99,0.886328859,1
NL_E_Demand,2030,1,100,0.890623771,1
NL_E_Demand,2030,1,101,0.894918683,1
NL_E_Demand,2030,1,102,0.8876912217499999,1
NL_E_Demand,2030,1,103,0.8804637605,1
NL_E_Demand,2030,1,104,0.87323629925,1
NL_E_Demand,2030,1,105,0.866008838,1
NL_E_Demand,2030,1,106,0.85866899275,1
NL_E_Demand,2030,1,107,0.8513291475,1
NL_E_Demand,2030,1,108,0.84398930225,1
NL_E_Demand,2030,1,109,0.836649457,1
NL_E_Demand,2030,1,110,0.82629678325,1
NL_E_Demand,2030,1,111,0.8159441095,1
NL_E_Demand,2030,1,112,0.80559143575,1
NL_E_Demand,2030,1,113,0.795238762,1
NL_E_Demand,2030,1,114,0.783713332,1
NL_E_Demand,2030,1,115,0.772187902,1
NL_E_Demand,2030,1,116,0.7606624719999999,1
NL_E_Demand,2030,1,117,0.749137042,1
NL_E_Demand,2030,1,118,0.737454559,1
NL_E_Demand,2030,1,119,0.7257720759999999,1
NL_E_Demand,2030,1,120,0.714089593,1
NL_E_Demand,2030,1,121,0.70240711,1
NL_E_Demand,2030,1,122,0.6914963805000001,1
NL_E_Demand,2030,1,123,0.680585651,1
NL_E_Demand,2030,1,124,0.6696749215,1
NL_E_Demand,2030,1,125,0.658764192,1
NL_E_Demand,2030,1,126,0.6521646085,1
NL_E_Demand,2030,1,127,0.645565025,1
NL_E_Demand,2030,1,128,0.6389654415,1
NL_E_Demand,2030,1,129,0.632365858,1
NL_E_Demand,2030,1,130,0.6355127925,1
NL_E_Demand,2030,1,131,0.6386597270000001,1
NL_E_Demand,2030,1,132,0.6418066615,1
NL_E_Demand,2030,1,133,0.644953596,1
NL_E_Demand,2030,1,134,0.64185168125,1
NL_E_Demand,2030,1,135,0.6387497664999999,1
NL_E_Demand,2030,1,136,0.6356478517499999,1
NL_E_Demand,2030,1,137,0.632545937,1
NL_E_Demand,2030,1,138,0.63114325175,1
NL_E_Demand,2030,1,139,0.6297405665,1
NL_E_Demand,2030,1,140,0.62833788125,1
NL_E_Demand,2030,1,141,0.626935196,1
NL_E_Demand,2030,1,142,0.627939184,1
NL_E_Demand,2030,1,143,0.628943172,1
NL_E_Demand,2030,1,144,0.62994716,1
NL_E_Demand,2030,1,145,0.630951148,1
NL_E_Demand,2030,1,146,0.6364660799999999,1
NL_E_Demand,2030,1,147,0.641981012,1
NL_E_Demand,2030,1,148,0.647495944,1
NL_E_Demand,2030,1,149,0.653010876,1
NL_E_Demand,2030,1,150,0.65350786075,1
NL_E_Demand,2030,1,151,0.6540048455,1
NL_E_Demand,2030,1,152,0.65450183025,1
NL_E_Demand,2030,1,153,0.654998815,1
NL_E_Demand,2030,1,154,0.6724033735,1
NL_E_Demand,2030,1,155,0.689807932,1
NL_E_Demand,2030,1,156,0.7072124905,1
NL_E_Demand,2030,1,157,0.724617049,1
NL_E_Demand,2030,1,158,0.735398348,1
NL_E_Demand,2030,1,159,0.746179647,1
NL_E_Demand,2030,1,160,0.756960946,1
NL_E_Demand,2030,1,161,0.767742245,1
NL_E_Demand,2030,1,162,0.77163698325,1
NL_E_Demand,2030,1,163,0.7755317214999999,1
NL_E_Demand,2030,1,164,0.77942645975,1
NL_E_Demand,2030,1,165,0.783321198,1
NL_E_Demand,2030,1,166,0.78603909825,1
NL_E_Demand,2030,1,167,0.7887569985,1
NL_E_Demand,2030,1,168,0.79147489875,1
NL_E_Demand,2030,1,169,0.794192799,1
NL_E_Demand,2030,1,170,0.79564740375,1
NL_E_Demand,2030,1,171,0.7971020085,1
NL_E_Demand,2030,1,172,0.7985566132499999,1
NL_E_Demand,2030,1,173,0.800011218,1
NL_E_Demand,2030,1,174,0.8006040805,1
NL_E_Demand,2030,1,175,0.801196943,1
NL_E_Demand,2030,1,176,0.8017898055,1
NL_E_Demand,2030,1,177,0.802382668,1
NL_E_Demand,2030,1,178,0.80714970175,1
NL_E_Demand,2030,1,179,0.8119167355,1
NL_E_Demand,2030,1,180,0.81668376925,1
NL_E_Demand,2030,1,181,0.821450803,1
NL_E_Demand,2030,1,182,0.8237788497499999,1
NL_E_Demand,2030,1,183,0.8261068965,1
NL_E_Demand,2030,1,184,0.82843494325,1
NL_E_Demand,2030,1,185,0.83076299,1
NL_E_Demand,2030,1,186,0.8320698515,1
NL_E_Demand,2030,1,187,0.833376713,1
NL_E_Demand,2030,1,188,0.8346835745,1
NL_E_Demand,2030,1,189,0.835990436,1
NL_E_Demand,2030,1,190,0.842293233,1
NL_E_Demand,2030,1,191,0.84859603,1
NL_E_Demand,2030,1,192,0.854898827,1
NL_E_Demand,2030,1,193,0.861201624,1
NL_E_Demand,2030,1,194,0.86427186,1
NL_E_Demand,2030,1,195,0.867342096,1
NL_E_Demand,2030,1,196,0.870412332,1
NL_E_Demand,2030,1,197,0.873482568,1
NL_E_Demand,2030,1,198,0.865447863,1
NL_E_Demand,2030,1,199,0.857413158,1
NL_E_Demand,2030,1,200,0.849378453,1
NL_E_Demand,2030,1,201,0.841343748,1
NL_E_Demand,2030,1,202,0.8342196045,1
NL_E_Demand,2030,1,203,0.827095461,1
NL_E_Demand,2030,1,204,0.8199713175,1
NL_E_Demand,2030,1,205,0.812847174,1
NL_E_Demand,2030,1,206,0.80233710325,1
NL_E_Demand,2030,1,207,0.7918270325,1
NL_E_Demand,2030,1,208,0.78131696175,1
NL_E_Demand,2030,1,209,0.770806891,1
NL_E_Demand,2030,1,210,0.75891495375,1
NL_E_Demand,2030,1,211,0.7470230165,1
NL_E_Demand,2030,1,212,0.73513107925,1
NL_E_Demand,2030,1,213,0.723239142,1
NL_E_Demand,2030,1,214,0.7120351404999999,1
NL_E_Demand,2030,1,215,0.7008311389999999,1
NL_E_Demand,2030,1,216,0.6896271375,1
NL_E_Demand,2030,1,217,0.678423136,1
NL_E_Demand,2030,1,218,0.6672182252500001,1
NL_E_Demand,2030,1,219,0.6560133145,1
NL_E_Demand,2030,1,220,0.6448084037499999,1
NL_E_Demand,2030,1,221,0.633603493,1
NL_E_Demand,2030,1,222,0.6265556105,1
NL_E_Demand,2030,1,223,0.619507728,1
NL_E_Demand,2030,1,224,0.6124598455,1
NL_E_Demand,2030,1,225,0.605411963,1
NL_E_Demand,2030,1,226,0.60960720475,1
NL_E_Demand,2030,1,227,0.6138024465,1
NL_E_Demand,2030,1,228,0.61799768825,1
NL_E_Demand,2030,1,229,0.62219293,1
NL_E_Demand,2030,1,230,0.6188861032499999,1
NL_E_Demand,2030,1,231,0.6155792765,1
NL_E_Demand,2030,1,232,0.6122724497500001,1
NL_E_Demand,2030,1,233,0.608965623,1
NL_E_Demand,2030,1,234,0.607837109,1
NL_E_Demand,2030,1,235,0.606708595,1
NL_E_Demand,2030,1,236,0.605580081,1
NL_E_Demand,2030,1,237,0.604451567,1
NL_E_Demand,2030,1,238,0.60556775425,1
NL_E_Demand,2030,1,239,0.6066839415,1
NL_E_Demand,2030,1,240,0.60780012875,1
NL_E_Demand,2030,1,241,0.608916316,1
NL_E_Demand,2030,1,242,0.6142898217499999,1
NL_E_Demand,2030,1,243,0.6196633275,1
NL_E_Demand,2030,1,244,0.62503683325,1
NL_E_Demand,2030,1,245,0.630410339,1
NL_E_Demand,2030,1,246,0.63051834725,1
NL_E_Demand,2030,1,247,0.6306263555,1
NL_E_Demand,2030,1,248,0.63073436375,1
NL_E_Demand,2030,1,249,0.630842372,1
NL_E_Demand,2030,1,250,0.6483769662500001,1
NL_E_Demand,2030,1,251,0.6659115605,1
NL_E_Demand,2030,1,252,0.6834461547499999,1
NL_E_Demand,2030,1,253,0.700980749,1
NL_E_Demand,2030,1,254,0.71260694325,1
NL_E_Demand,2030,1,255,0.7242331375,1
NL_E_Demand,2030,1,256,0.73585933175,1
NL_E_Demand,2030,1,257,0.747485526,1
NL_E_Demand,2030,1,258,0.7520383795,1
NL_E_Demand,2030,1,259,0.756591233,1
NL_E_Demand,2030,1,260,0.7611440865,1
NL_E_Demand,2030,1,261,0.76569694,1
NL_E_Demand,2030,1,262,0.77220941825,1
NL_E_Demand,2030,1,263,0.7787218965,1
NL_E_Demand,2030,1,264,0.78523437475,1
NL_E_Demand,2030,1,265,0.791746853,1
NL_E_Demand,2030,1,266,0.79480041975,1
NL_E_Demand,2030,1,267,0.7978539865000001,1
NL_E_Demand,2030,1,268,0.80090755325,1
NL_E_Demand,2030,1,269,0.80396112,1
NL_E_Demand,2030,1,270,0.804960772,1
NL_E_Demand,2030,1,271,0.805960424,1
NL_E_Demand,2030,1,272,0.806960076,1
NL_E_Demand,2030,1,273,0.807959728,1
NL_E_Demand,2030,1,274,0.81168718975,1
NL_E_Demand,2030,1,275,0.8154146515,1
NL_E_Demand,2030,1,276,0.8191421132500001,1
NL_E_Demand,2030,1,277,0.822869575,1
NL_E_Demand,2030,1,278,0.8219459115000001,1
NL_E_Demand,2030,1,279,0.821022248,1
NL_E_Demand,2030,1,280,0.8200985845,1
NL_E_Demand,2030,1,281,0.819174921,1
NL_E_Demand,2030,1,282,0.8164636842499999,1
NL_E_Demand,2030,1,283,0.8137524475,1
NL_E_Demand,2030,1,284,0.81104121075,1
NL_E_Demand,2030,1,285,0.808329974,1
NL_E_Demand,2030,1,286,0.8141339037499999,1
NL_E_Demand,2030,1,287,0.8199378335,1
NL_E_Demand,2030,1,288,0.82574176325,1
NL_E_Demand,2030,1,289,0.831545693,1
NL_E_Demand,2030,1,290,0.83453812375,1
NL_E_Demand,2030,1,291,0.8375305545,1
NL_E_Demand,2030,1,292,0.84052298525,1
NL_E_Demand,2030,1,293,0.843515416,1
NL_E_Demand,2030,1,294,0.83648972825,1
NL_E_Demand,2030,1,295,0.8294640405,1
NL_E_Demand,2030,1,296,0.82243835275,1
NL_E_Demand,2030,1,297,0.815412665,1
NL_E_Demand,2030,1,298,0.808368054,1
NL_E_Demand,2030,1,299,0.801323443,1
NL_E_Demand,2030,1,300,0.7942788319999999,1
NL_E_Demand,2030,1,301,0.787234221,1
NL_E_Demand,2030,1,302,0.7772134424999999,1
NL_E_Demand,2030,1,303,0.767192664,1
NL_E_Demand,2030,1,304,0.7571718855,1
NL_E_Demand,2030,1,305,0.747151107,1
NL_E_Demand,2030,1,306,0.7362824585,1
NL_E_Demand,2030,1,307,0.72541381,1
NL_E_Demand,2030,1,308,0.7145451615,1
NL_E_Demand,2030,1,309,0.703676513,1
NL_E_Demand,2030,1,310,0.69390926875,1
NL_E_Demand,2030,1,311,0.6841420245000001,1
NL_E_Demand,2030,1,312,0.67437478025,1
NL_E_Demand,2030,1,313,0.664607536,1
NL_E_Demand,2030,1,314,0.6544986162499999,1
NL_E_Demand,2030,1,315,0.6443896965,1
NL_E_Demand,2030,1,316,0.63428077675,1
NL_E_Demand,2030,1,317,0.624171857,1
NL_E_Demand,2030,1,318,0.6169126275,1
NL_E_Demand,2030,1,319,0.6096533980000001,1
NL_E_Demand,2030,1,320,0.6023941685,1
NL_E_Demand,2030,1,321,0.595134939,1
NL_E_Demand,2030,1,322,0.5858799570000001,1
NL_E_Demand,2030,1,323,0.5766249750000001,1
NL_E_Demand,2030,1,324,0.567369993,1
NL_E_Demand,2030,1,325,0.558115011,1
NL_E_Demand,2030,1,326,0.5542434885,1
NL_E_Demand,2030,1,327,0.550371966,1
NL_E_Demand,2030,1,328,0.5465004435,1
NL_E_Demand,2030,1,329,0.542628921,1
NL_E_Demand,2030,1,330,0.5404709977500001,1
NL_E_Demand,2030,1,331,0.5383130745,1
NL_E_Demand,2030,1,332,0.53615515125,1
NL_E_Demand,2030,1,333,0.533997228,1
NL_E_Demand,2030,1,334,0.5329017235,1
NL_E_Demand,2030,1,335,0.531806219,1
NL_E_Demand,2030,1,336,0.5307107145000001,1
NL_E_Demand,2030,1,337,0.52961521,1
NL_E_Demand,2030,1,338,0.5296014502499999,1
NL_E_Demand,2030,1,339,0.5295876905,1
NL_E_Demand,2030,1,340,0.52957393075,1
NL_E_Demand,2030,1,341,0.529560171,1
NL_E_Demand,2030,1,342,0.53138516725,1
NL_E_Demand,2030,1,343,0.5332101635,1
NL_E_Demand,2030,1,344,0.53503515975,1
NL_E_Demand,2030,1,345,0.536860156,1
NL_E_Demand,2030,1,346,0.54724149675,1
NL_E_Demand,2030,1,347,0.5576228375000001,1
NL_E_Demand,2030,1,348,0.56800417825,1
NL_E_Demand,2030,1,349,0.578385519,1
NL_E_Demand,2030,1,350,0.5888041065,1
NL_E_Demand,2030,1,351,0.5992226940000001,1
NL_E_Demand,2030,1,352,0.6096412815,1
NL_E_Demand,2030,1,353,0.620059869,1
NL_E_Demand,2030,1,354,0.62667439275,1
NL_E_Demand,2030,1,355,0.6332889165,1
NL_E_Demand,2030,1,356,0.6399034402499999,1
NL_E_Demand,2030,1,357,0.646517964,1
NL_E_Demand,2030,1,358,0.6506418277499999,1
NL_E_Demand,2030,1,359,0.6547656915,1
NL_E_Demand,2030,1,360,0.65888955525,1
NL_E_Demand,2030,1,361,0.663013419,1
NL_E_Demand,2030,1,362,0.66358770775,1
NL_E_Demand,2030,1,363,0.6641619965000001,1
NL_E_Demand,2030,1,364,0.6647362852500001,1
NL_E_Demand,2030,1,365,0.665310574,1
NL_E_Demand,2030,1,366,0.6642645035,1
NL_E_Demand,2030,1,367,0.6632184329999999,1
NL_E_Demand,2030,1,368,0.6621723625,1
NL_E_Demand,2030,1,369,0.661126292,1
NL_E_Demand,2030,1,370,0.66059224075,1
NL_E_Demand,2030,1,371,0.6600581895,1
NL_E_Demand,2030,1,372,0.6595241382499999,1
NL_E_Demand,2030,1,373,0.658990087,1
NL_E_Demand,2030,1,374,0.6592553139999999,1
NL_E_Demand,2030,1,375,0.659520541,1
NL_E_Demand,2030,1,376,0.659785768,1
NL_E_Demand,2030,1,377,0.660050995,1
NL_E_Demand,2030,1,378,0.6612770555,1
NL_E_Demand,2030,1,379,0.662503116,1
NL_E_Demand,2030,1,380,0.6637291765,1
NL_E_Demand,2030,1,381,0.664955237,1
NL_E_Demand,2030,1,382,0.669199328,1
NL_E_Demand,2030,1,383,0.673443419,1
NL_E_Demand,2030,1,384,0.67768751,1
NL_E_Demand,2030,1,385,0.681931601,1
NL_E_Demand,2030,1,386,0.6907990085,1
NL_E_Demand,2030,1,387,0.699666416,1
NL_E_Demand,2030,1,388,0.7085338235,1
NL_E_Demand,2030,1,389,0.717401231,1
NL_E_Demand,2030,1,390,0.7165361105,1
NL_E_Demand,2030,1,391,0.71567099,1
NL_E_Demand,2030,1,392,0.7148058695,1
NL_E_Demand,2030,1,393,0.713940749,1
NL_E_Demand,2030,1,394,0.70978982375,1
NL_E_Demand,2030,1,395,0.7056388985,1
NL_E_Demand,2030,1,396,0.70148797325,1
NL_E_Demand,2030,1,397,0.697337048,1
NL_E_Demand,2030,1,398,0.69142649025,1
NL_E_Demand,2030,1,399,0.6855159325,1
NL_E_Demand,2030,1,400,0.6796053747499999,1
NL_E_Demand,2030,1,401,0.673694817,1
NL_E_Demand,2030,1,402,0.6663662690000001,1
NL_E_Demand,2030,1,403,0.659037721,1
NL_E_Demand,2030,1,404,0.651709173,1
NL_E_Demand,2030,1,405,0.644380625,1
NL_E_Demand,2030,1,406,0.6369204985000001,1
NL_E_Demand,2030,1,407,0.629460372,1
NL_E_Demand,2030,1,408,0.6220002455,1
NL_E_Demand,2030,1,409,0.614540119,1
NL_E_Demand,2030,1,410,0.60760865025,1
NL_E_Demand,2030,1,411,0.6006771815,1
NL_E_Demand,2030,1,412,0.5937457127500001,1
NL_E_Demand,2030,1,413,0.586814244,1
NL_E_Demand,2030,1,414,0.58077244475,1
NL_E_Demand,2030,1,415,0.5747306455000001,1
NL_E_Demand,2030,1,416,0.56868884625,1
NL_E_Demand,2030,1,417,0.562647047,1
NL_E_Demand,2030,1,418,0.5596293987500001,1
NL_E_Demand,2030,1,419,0.5566117505,1
NL_E_Demand,2030,1,420,0.5535941022499999,1
NL_E_Demand,2030,1,421,0.550576454,1
NL_E_Demand,2030,1,422,0.54721931475,1
NL_E_Demand,2030,1,423,0.5438621754999999,1
NL_E_Demand,2030,1,424,0.54050503625,1
NL_E_Demand,2030,1,425,0.537147897,1
NL_E_Demand,2030,1,426,0.535373228,1
NL_E_Demand,2030,1,427,0.533598559,1
NL_E_Demand,2030,1,428,0.53182389,1
NL_E_Demand,2030,1,429,0.530049221,1
NL_E_Demand,2030,1,430,0.5288953694999999,1
NL_E_Demand,2030,1,431,0.527741518,1
NL_E_Demand,2030,1,432,0.5265876665,1
NL_E_Demand,2030,1,433,0.525433815,1
NL_E_Demand,2030,1,434,0.52411044225,1
NL_E_Demand,2030,1,435,0.5227870695,1
NL_E_Demand,2030,1,436,0.5214636967499999,1
NL_E_Demand,2030,1,437,0.520140324,1
NL_E_Demand,2030,1,438,0.51931737225,1
NL_E_Demand,2030,1,439,0.5184944204999999,1
NL_E_Demand,2030,1,440,0.51767146875,1
NL_E_Demand,2030,1,441,0.516848517,1
NL_E_Demand,2030,1,442,0.524630136,1
NL_E_Demand,2030,1,443,0.532411755,1
NL_E_Demand,2030,1,444,0.540193374,1
NL_E_Demand,2030,1,445,0.547974993,1
NL_E_Demand,2030,1,446,0.5559201735,1
NL_E_Demand,2030,1,447,0.563865354,1
NL_E_Demand,2030,1,448,0.5718105345,1
NL_E_Demand,2030,1,449,0.579755715,1
NL_E_Demand,2030,1,450,0.585892799,1
NL_E_Demand,2030,1,451,0.5920298829999999,1
NL_E_Demand,2030,1,452,0.5981669669999999,1
NL_E_Demand,2030,1,453,0.604304051,1
NL_E_Demand,2030,1,454,0.6095912695,1
NL_E_Demand,2030,1,455,0.614878488,1
NL_E_Demand,2030,1,456,0.6201657065,1
NL_E_Demand,2030,1,457,0.625452925,1
NL_E_Demand,2030,1,458,0.6272772240000001,1
NL_E_Demand,2030,1,459,0.6291015230000001,1
NL_E_Demand,2030,1,460,0.630925822,1
NL_E_Demand,2030,1,461,0.632750121,1
NL_E_Demand,2030,1,462,0.63325523075,1
NL_E_Demand,2030,1,463,0.6337603405000001,1
NL_E_Demand,2030,1,464,0.63426545025,1
NL_E_Demand,2030,1,465,0.63477056,1
NL_E_Demand,2030,1,466,0.63514681225,1
NL_E_Demand,2030,1,467,0.6355230645000001,1
NL_E_Demand,2030,1,468,0.63589931675,1
NL_E_Demand,2030,1,469,0.636275569,1
NL_E_Demand,2030,1,470,0.63602019425,1
NL_E_Demand,2030,1,471,0.6357648195000001,1
NL_E_Demand,2030,1,472,0.63550944475,1
NL_E_Demand,2030,1,473,0.63525407,1
NL_E_Demand,2030,1,474,0.6376037825,1
NL_E_Demand,2030,1,475,0.639953495,1
NL_E_Demand,2030,1,476,0.6423032074999999,1
NL_E_Demand,2030,1,477,0.64465292,1
NL_E_Demand,2030,1,478,0.6512467262499999,1
NL_E_Demand,2030,1,479,0.6578405325,1
NL_E_Demand,2030,1,480,0.66443433875,1
NL_E_Demand,2030,1,481,0.671028145,1
NL_E_Demand,2030,1,482,0.68401191825,1
NL_E_Demand,2030,1,483,0.6969956915,1
NL_E_Demand,2030,1,484,0.70997946475,1
NL_E_Demand,2030,1,485,0.722963238,1
NL_E_Demand,2030,1,486,0.7236435244999999,1
NL_E_Demand,2030,1,487,0.724323811,1
NL_E_Demand,2030,1,488,0.7250040975,1
NL_E_Demand,2030,1,489,0.725684384,1
NL_E_Demand,2030,1,490,0.72258333525,1
NL_E_Demand,2030,1,491,0.7194822865,1
NL_E_Demand,2030,1,492,0.7163812377500001,1
NL_E_Demand,2030,1,493,0.713280189,1
NL_E_Demand,2030,1,494,0.70751280825,1
NL_E_Demand,2030,1,495,0.7017454275,1
NL_E_Demand,2030,1,496,0.6959780467500001,1
NL_E_Demand,2030,1,497,0.690210666,1
NL_E_Demand,2030,1,498,0.68259176275,1
NL_E_Demand,2030,1,499,0.6749728595,1
NL_E_Demand,2030,1,500,0.66735395625,1
NL_E_Demand,2030,1,501,0.659735053,1
NL_E_Demand,2030,1,502,0.6510570805,1
NL_E_Demand,2030,1,503,0.6423791080000001,1
NL_E_Demand,2030,1,504,0.6337011355000001,1
NL_E_Demand,2030,1,505,0.625023163,1
NL_E_Demand,2030,1,506,0.61731288375,1
NL_E_Demand,2030,1,507,0.6096026045,1
NL_E_Demand,2030,1,508,0.60189232525,1
NL_E_Demand,2030,1,509,0.594182046,1
NL_E_Demand,2030,1,510,0.5888499235,1
NL_E_Demand,2030,1,511,0.583517801,1
NL_E_Demand,2030,1,512,0.5781856785,1
NL_E_Demand,2030,1,513,0.572853556,1
NL_E_Demand,2030,1,514,0.59066907925,1
NL_E_Demand,2030,1,515,0.6084846024999999,1
NL_E_Demand,2030,1,516,0.6263001257499999,1
NL_E_Demand,2030,1,517,0.644115649,1
NL_E_Demand,2030,1,518,0.6437602554999999,1
NL_E_Demand,2030,1,519,0.6434048619999999,1
NL_E_Demand,2030,1,520,0.6430494685,1
NL_E_Demand,2030,1,521,0.642694075,1
NL_E_Demand,2030,1,522,0.6444525837499999,1
NL_E_Demand,2030,1,523,0.6462110925,1
NL_E_Demand,2030,1,524,0.64796960125,1
NL_E_Demand,2030,1,525,0.64972811,1
NL_E_Demand,2030,1,526,0.6526525085,1
NL_E_Demand,2030,1,527,0.6555769069999999,1
NL_E_Demand,2030,1,528,0.6585013055,1
NL_E_Demand,2030,1,529,0.661425704,1
NL_E_Demand,2030,1,530,0.6677517525,1
NL_E_Demand,2030,1,531,0.6740778009999999,1
NL_E_Demand,2030,1,532,0.6804038495,1
NL_E_Demand,2030,1,533,0.686729898,1
NL_E_Demand,2030,1,534,0.68776309775,1
NL_E_Demand,2030,1,535,0.6887962974999999,1
NL_E_Demand,2030,1,536,0.68982949725,1
NL_E_Demand,2030,1,537,0.690862697,1
NL_E_Demand,2030,1,538,0.70897150875,1
NL_E_Demand,2030,1,539,0.7270803205,1
NL_E_Demand,2030,1,540,0.7451891322499999,1
NL_E_Demand,2030,1,541,0.763297944,1
NL_E_Demand,2030,1,542,0.7744864655,1
NL_E_Demand,2030,1,543,0.7856749869999999,1
NL_E_Demand,2030,1,544,0.7968635085,1
NL_E_Demand,2030,1,545,0.80805203,1
NL_E_Demand,2030,1,546,0.8119457437500001,1
NL_E_Demand,2030,1,547,0.8158394575000001,1
NL_E_Demand,2030,1,548,0.81973317125,1
NL_E_Demand,2030,1,549,0.823626885,1
NL_E_Demand,2030,1,550,0.822626296,1
NL_E_Demand,2030,1,551,0.821625707,1
NL_E_Demand,2030,1,552,0.820625118,1
NL_E_Demand,2030,1,553,0.819624529,1
NL_E_Demand,2030,1,554,0.8179259765,1
NL_E_Demand,2030,1,555,0.816227424,1
NL_E_Demand,2030,1,556,0.8145288715000001,1
NL_E_Demand,2030,1,557,0.812830319,1
NL_E_Demand,2030,1,558,0.8116349355,1
NL_E_Demand,2030,1,559,0.8104395520000001,1
NL_E_Demand,2030,1,560,0.8092441685,1
NL_E_Demand,2030,1,561,0.808048785,1
NL_E_Demand,2030,1,562,0.81293121475,1
NL_E_Demand,2030,1,563,0.8178136444999999,1
NL_E_Demand,2030,1,564,0.82269607425,1
NL_E_Demand,2030,1,565,0.827578504,1
NL_E_Demand,2030,1,566,0.82781969975,1
NL_E_Demand,2030,1,567,0.8280608955,1
NL_E_Demand,2030,1,568,0.82830209125,1
NL_E_Demand,2030,1,569,0.828543287,1
NL_E_Demand,2030,1,570,0.82837638675,1
NL_E_Demand,2030,1,571,0.8282094865,1
NL_E_Demand,2030,1,572,0.82804258625,1
NL_E_Demand,2030,1,573,0.827875686,1
NL_E_Demand,2030,1,574,0.83425831725,1
NL_E_Demand,2030,1,575,0.8406409485,1
NL_E_Demand,2030,1,576,0.8470235797500001,1
NL_E_Demand,2030,1,577,0.853406211,1
NL_E_Demand,2030,1,578,0.8629699015000001,1
NL_E_Demand,2030,1,579,0.872533592,1
NL_E_Demand,2030,1,580,0.8820972825,1
NL_E_Demand,2030,1,581,0.891660973,1
NL_E_Demand,2030,1,582,0.89055703075,1
NL_E_Demand,2030,1,583,0.8894530885,1
NL_E_Demand,2030,1,584,0.8883491462499999,1
NL_E_Demand,2030,1,585,0.887245204,1
NL_E_Demand,2030,1,586,0.8824351322499999,1
NL_E_Demand,2030,1,587,0.8776250605,1
NL_E_Demand,2030,1,588,0.8728149887500001,1
NL_E_Demand,2030,1,589,0.868004917,1
NL_E_Demand,2030,1,590,0.85945337775,1
NL_E_Demand,2030,1,591,0.8509018385,1
NL_E_Demand,2030,1,592,0.84235029925,1
NL_E_Demand,2030,1,593,0.83379876,1
NL_E_Demand,2030,1,594,0.8231953865,1
NL_E_Demand,2030,1,595,0.812592013,1
NL_E_Demand,2030,1,596,0.8019886395,1
NL_E_Demand,2030,1,597,0.791385266,1
NL_E_Demand,2030,1,598,0.7803584995,1
NL_E_Demand,2030,1,599,0.769331733,1
NL_E_Demand,2030,1,600,0.7583049665,1
NL_E_Demand,2030,1,601,0.7472782,1
NL_E_Demand,2030,1,602,0.73586293075,1
NL_E_Demand,2030,1,603,0.7244476615,1
NL_E_Demand,2030,1,604,0.71303239225,1
NL_E_Demand,2030,1,605,0.701617123,1
NL_E_Demand,2030,1,606,0.6945127925,1
NL_E_Demand,2030,1,607,0.687408462,1
NL_E_Demand,2030,1,608,0.6803041315,1
NL_E_Demand,2030,1,609,0.673199801,1
NL_E_Demand,2030,1,610,0.6779963885,1
NL_E_Demand,2030,1,611,0.682792976,1
NL_E_Demand,2030,1,612,0.6875895635,1
NL_E_Demand,2030,1,613,0.692386151,1
NL_E_Demand,2030,1,614,0.68891077725,1
NL_E_Demand,2030,1,615,0.6854354035,1
NL_E_Demand,2030,1,616,0.6819600297499999,1
NL_E_Demand,2030,1,617,0.678484656,1
NL_E_Demand,2030,1,618,0.6769152615,1
NL_E_Demand,2030,1,619,0.675345867,1
NL_E_Demand,2030,1,620,0.6737764725,1
NL_E_Demand,2030,1,621,0.672207078,1
NL_E_Demand,2030,1,622,0.6726854905,1
NL_E_Demand,2030,1,623,0.6731639030000001,1
NL_E_Demand,2030,1,624,0.6736423155,1
NL_E_Demand,2030,1,625,0.674120728,1
NL_E_Demand,2030,1,626,0.67887702925,1
NL_E_Demand,2030,1,627,0.6836333305,1
NL_E_Demand,2030,1,628,0.68838963175,1
NL_E_Demand,2030,1,629,0.693145933,1
NL_E_Demand,2030,1,630,0.6930573015,1
NL_E_Demand,2030,1,631,0.69296867,1
NL_E_Demand,2030,1,632,0.6928800385,1
NL_E_Demand,2030,1,633,0.692791407,1
NL_E_Demand,2030,1,634,0.710382282,1
NL_E_Demand,2030,1,635,0.727973157,1
NL_E_Demand,2030,1,636,0.745564032,1
NL_E_Demand,2030,1,637,0.763154907,1
NL_E_Demand,2030,1,638,0.77367796175,1
NL_E_Demand,2030,1,639,0.7842010165,1
NL_E_Demand,2030,1,640,0.79472407125,1
NL_E_Demand,2030,1,641,0.805247126,1
NL_E_Demand,2030,1,642,0.809235465,1
NL_E_Demand,2030,1,643,0.8132238039999999,1
NL_E_Demand,2030,1,644,0.817212143,1
NL_E_Demand,2030,1,645,0.821200482,1
NL_E_Demand,2030,1,646,0.82651008175,1
NL_E_Demand,2030,1,647,0.8318196815,1
NL_E_Demand,2030,1,648,0.83712928125,1
NL_E_Demand,2030,1,649,0.842438881,1
NL_E_Demand,2030,1,650,0.84515119625,1
NL_E_Demand,2030,1,651,0.8478635114999999,1
NL_E_Demand,2030,1,652,0.85057582675,1
NL_E_Demand,2030,1,653,0.853288142,1
NL_E_Demand,2030,1,654,0.85422231075,1
NL_E_Demand,2030,1,655,0.8551564795,1
NL_E_Demand,2030,1,656,0.85609064825,1
NL_E_Demand,2030,1,657,0.857024817,1
NL_E_Demand,2030,1,658,0.8601943705,1
NL_E_Demand,2030,1,659,0.863363924,1
NL_E_Demand,2030,1,660,0.8665334775,1
NL_E_Demand,2030,1,661,0.869703031,1
NL_E_Demand,2030,1,662,0.868425273,1
NL_E_Demand,2030,1,663,0.8671475150000001,1
NL_E_Demand,2030,1,664,0.865869757,1
NL_E_Demand,2030,1,665,0.864591999,1
NL_E_Demand,2030,1,666,0.86073437975,1
NL_E_Demand,2030,1,667,0.8568767605000001,1
NL_E_Demand,2030,1,668,0.85301914125,1
NL_E_Demand,2030,1,669,0.849161522,1
NL_E_Demand,2030,1,670,0.8530349719999999,1
NL_E_Demand,2030,1,671,0.856908422,1
NL_E_Demand,2030,1,672,0.860781872,1
