profile_name,year,rep_period,timestep,value,scenario
NL_Wind_Onshore,2030,1,1,0.927320872,1
NL_Wind_Onshore,2030,1,2,0.927320872,1
NL_Wind_Onshore,2030,1,3,0.927320872,1
NL_Wind_Onshore,2030,1,4,0.927320872,1
NL_Wind_Onshore,2030,1,5,0.927320872,1
NL_Wind_Onshore,2030,1,6,0.92788661975,1
NL_Wind_Onshore,2030,1,7,0.9284523675,1
NL_Wind_Onshore,2030,1,8,0.92901811525,1
NL_Wind_Onshore,2030,1,9,0.929583863,1
NL_Wind_Onshore,2030,1,10,0.9299536212499999,1
NL_Wind_Onshore,2030,1,11,0.9303233795,1
NL_Wind_Onshore,2030,1,12,0.9306931377500001,1
NL_Wind_Onshore,2030,1,13,0.931062896,1
NL_Wind_Onshore,2030,1,14,0.9315883782500001,1
NL_Wind_Onshore,2030,1,15,0.9321138605,1
NL_Wind_Onshore,2030,1,16,0.9326393427499999,1
NL_Wind_Onshore,2030,1,17,0.933164825,1
NL_Wind_Onshore,2030,1,18,0.93363440325,1
NL_Wind_Onshore,2030,1,19,0.9341039815000001,1
NL_Wind_Onshore,2030,1,20,0.93457355975,1
NL_Wind_Onshore,2030,1,21,0.935043138,1
NL_Wind_Onshore,2030,1,22,0.9337211457500001,1
NL_Wind_Onshore,2030,1,23,0.9323991535,1
NL_Wind_Onshore,2030,1,24,0.93107716125,1
NL_Wind_Onshore,2030,1,25,0.929755169,1
NL_Wind_Onshore,2030,1,26,0.932795382,1
NL_Wind_Onshore,2030,1,27,0.935835595,1
NL_Wind_Onshore,2030,1,28,0.938875808,1
NL_Wind_Onshore,2030,1,29,0.941916021,1
NL_Wind_Onshore,2030,1,30,0.9434931915,1
NL_Wind_Onshore,2030,1,31,0.945070362,1
NL_Wind_Onshore,2030,1,32,0.9466475325,1
NL_Wind_Onshore,2030,1,33,0.948224703,1
NL_Wind_Onshore,2030,1,34,0.9483261595,1
NL_Wind_Onshore,2030,1,35,0.948427616,1
NL_Wind_Onshore,2030,1,36,0.9485290725,1
NL_Wind_Onshore,2030,1,37,0.948630529,1
NL_Wind_Onshore,2030,1,38,0.943274171,1
NL_Wind_Onshore,2030,1,39,0.937917813,1
NL_Wind_Onshore,2030,1,40,0.932561455,1
NL_Wind_Onshore,2030,1,41,0.927205097,1
NL_Wind_Onshore,2030,1,42,0.931706327,1
NL_Wind_Onshore,2030,1,43,0.9362075569999999,1
NL_Wind_Onshore,2030,1,44,0.9407087869999999,1
NL_Wind_Onshore,2030,1,45,0.945210017,1
NL_Wind_Onshore,2030,1,46,0.9461290915,1
NL_Wind_Onshore,2030,1,47,0.947048166,1
NL_Wind_Onshore,2030,1,48,0.9479672404999999,1
NL_Wind_Onshore,2030,1,49,0.948886315,1
NL_Wind_Onshore,2030,1,50,0.94760903125,1
NL_Wind_Onshore,2030,1,51,0.9463317474999999,1
NL_Wind_Onshore,2030,1,52,0.94505446375,1
NL_Wind_Onshore,2030,1,53,0.94377718,1
NL_Wind_Onshore,2030,1,54,0.942506184,1
NL_Wind_Onshore,2030,1,55,0.9412351880000001,1
NL_Wind_Onshore,2030,1,56,0.939964192,1
NL_Wind_Onshore,2030,1,57,0.938693196,1
NL_Wind_Onshore,2030,1,58,0.940248355,1
NL_Wind_Onshore,2030,1,59,0.9418035140000001,1
NL_Wind_Onshore,2030,1,60,0.943358673,1
NL_Wind_Onshore,2030,1,61,0.944913832,1
NL_Wind_Onshore,2030,1,62,0.94602836975,1
NL_Wind_Onshore,2030,1,63,0.9471429075,1
NL_Wind_Onshore,2030,1,64,0.94825744525,1
NL_Wind_Onshore,2030,1,65,0.949371983,1
NL_Wind_Onshore,2030,1,66,0.94946614625,1
NL_Wind_Onshore,2030,1,67,0.9495603095,1
NL_Wind_Onshore,2030,1,68,0.94965447275,1
NL_Wind_Onshore,2030,1,69,0.949748636,1
NL_Wind_Onshore,2030,1,70,0.9497978895,1
NL_Wind_Onshore,2030,1,71,0.949847143,1
NL_Wind_Onshore,2030,1,72,0.9498963965,1
NL_Wind_Onshore,2030,1,73,0.94994565,1
NL_Wind_Onshore,2030,1,74,0.94995915,1
NL_Wind_Onshore,2030,1,75,0.94997265,1
NL_Wind_Onshore,2030,1,76,0.94998615,1
NL_Wind_Onshore,2030,1,77,0.94999965,1
NL_Wind_Onshore,2030,1,78,0.9499997375,1
NL_Wind_Onshore,2030,1,79,0.9499998249999999,1
NL_Wind_Onshore,2030,1,80,0.9499999124999999,1
NL_Wind_Onshore,2030,1,81,0.95,1
NL_Wind_Onshore,2030,1,82,0.95,1
NL_Wind_Onshore,2030,1,83,0.95,1
NL_Wind_Onshore,2030,1,84,0.95,1
NL_Wind_Onshore,2030,1,85,0.95,1
NL_Wind_Onshore,2030,1,86,0.95,1
NL_Wind_Onshore,2030,1,87,0.95,1
NL_Wind_Onshore,2030,1,88,0.95,1
NL_Wind_Onshore,2030,1,89,0.95,1
NL_Wind_Onshore,2030,1,90,0.95,1
NL_Wind_Onshore,2030,1,91,0.95,1
NL_Wind_Onshore,2030,1,92,0.95,1
NL_Wind_Onshore,2030,1,93,0.95,1
NL_Wind_Onshore,2030,1,94,0.95,1
NL_Wind_Onshore,2030,1,95,0.95,1
NL_Wind_Onshore,2030,1,96,0.95,1
NL_Wind_Onshore,2030,1,97,0.95,1
NL_Wind_Onshore,2030,1,98,0.95,1
NL_Wind_Onshore,2030,1,99,0.95,1
NL_Wind_Onshore,2030,1,100,0.95,1
NL_Wind_Onshore,2030,1,101,0.95,1
NL_Wind_Onshore,2030,1,102,0.95,1
NL_Wind_Onshore,2030,1,103,0.95,1
NL_Wind_Onshore,2030,1,104,0.95,1
NL_Wind_Onshore,2030,1,105,0.95,1
NL_Wind_Onshore,2030,1,106,0.95,1
NL_Wind_Onshore,2030,1,107,0.95,1
NL_Wind_Onshore,2030,1,108,0.95,1
NL_Wind_Onshore,2030,1,109,0.95,1
NL_Wind_Onshore,2030,1,110,0.95,1
NL_Wind_Onshore,2030,1,111,0.95,1
NL_Wind_Onshore,2030,1,112,0.95,1
NL_Wind_Onshore,2030,1,113,0.95,1
NL_Wind_Onshore,2030,1,114,0.95,1
NL_Wind_Onshore,2030,1,115,0.95,1
NL_Wind_Onshore,2030,1,116,0.95,1
NL_Wind_Onshore,2030,1,117,0.95,1
NL_Wind_Onshore,2030,1,118,0.95,1
NL_Wind_Onshore,2030,1,119,0.95,1
NL_Wind_Onshore,2030,1,120,0.95,1
NL_Wind_Onshore,2030,1,121,0.95,1
NL_Wind_Onshore,2030,1,122,0.95,1
NL_Wind_Onshore,2030,1,123,0.95,1
NL_Wind_Onshore,2030,1,124,0.95,1
NL_Wind_Onshore,2030,1,125,0.95,1
NL_Wind_Onshore,2030,1,126,0.95,1
NL_Wind_Onshore,2030,1,127,0.95,1
NL_Wind_Onshore,2030,1,128,0.95,1
NL_Wind_Onshore,2030,1,129,0.95,1
NL_Wind_Onshore,2030,1,130,0.95,1
NL_Wind_Onshore,2030,1,131,0.95,1
NL_Wind_Onshore,2030,1,132,0.95,1
NL_Wind_Onshore,2030,1,133,0.95,1
NL_Wind_Onshore,2030,1,134,0.9499997335,1
NL_Wind_Onshore,2030,1,135,0.949999467,1
NL_Wind_Onshore,2030,1,136,0.9499992005,1
NL_Wind_Onshore,2030,1,137,0.949998934,1
NL_Wind_Onshore,2030,1,138,0.9498861465,1
NL_Wind_Onshore,2030,1,139,0.9497733589999999,1
NL_Wind_Onshore,2030,1,140,0.9496605714999999,1
NL_Wind_Onshore,2030,1,141,0.949547784,1
NL_Wind_Onshore,2030,1,142,0.94916847175,1
NL_Wind_Onshore,2030,1,143,0.9487891595,1
NL_Wind_Onshore,2030,1,144,0.94840984725,1
NL_Wind_Onshore,2030,1,145,0.948030535,1
NL_Wind_Onshore,2030,1,146,0.948305179,1
NL_Wind_Onshore,2030,1,147,0.948579823,1
NL_Wind_Onshore,2030,1,148,0.948854467,1
NL_Wind_Onshore,2030,1,149,0.949129111,1
NL_Wind_Onshore,2030,1,150,0.949268072,1
NL_Wind_Onshore,2030,1,151,0.949407033,1
NL_Wind_Onshore,2030,1,152,0.9495459940000001,1
NL_Wind_Onshore,2030,1,153,0.949684955,1
NL_Wind_Onshore,2030,1,154,0.9496120247500001,1
NL_Wind_Onshore,2030,1,155,0.9495390945,1
NL_Wind_Onshore,2030,1,156,0.94946616425,1
NL_Wind_Onshore,2030,1,157,0.949393234,1
NL_Wind_Onshore,2030,1,158,0.94949859775,1
NL_Wind_Onshore,2030,1,159,0.9496039615,1
NL_Wind_Onshore,2030,1,160,0.94970932525,1
NL_Wind_Onshore,2030,1,161,0.949814689,1
NL_Wind_Onshore,2030,1,162,0.94985502625,1
NL_Wind_Onshore,2030,1,163,0.9498953635,1
NL_Wind_Onshore,2030,1,164,0.94993570075,1
NL_Wind_Onshore,2030,1,165,0.949976038,1
NL_Wind_Onshore,2030,1,166,0.9499763265,1
NL_Wind_Onshore,2030,1,167,0.949976615,1
NL_Wind_Onshore,2030,1,168,0.9499769035,1
NL_Wind_Onshore,2030,1,169,0.949977192,1
NL_Wind_Onshore,2030,1,170,0.94994981475,1
NL_Wind_Onshore,2030,1,171,0.9499224374999999,1
NL_Wind_Onshore,2030,1,172,0.94989506025,1
NL_Wind_Onshore,2030,1,173,0.949867683,1
NL_Wind_Onshore,2030,1,174,0.949806865,1
NL_Wind_Onshore,2030,1,175,0.949746047,1
NL_Wind_Onshore,2030,1,176,0.949685229,1
NL_Wind_Onshore,2030,1,177,0.949624411,1
NL_Wind_Onshore,2030,1,178,0.9496168275,1
NL_Wind_Onshore,2030,1,179,0.9496092439999999,1
NL_Wind_Onshore,2030,1,180,0.9496016604999999,1
NL_Wind_Onshore,2030,1,181,0.949594077,1
NL_Wind_Onshore,2030,1,182,0.94962722525,1
NL_Wind_Onshore,2030,1,183,0.9496603735,1
NL_Wind_Onshore,2030,1,184,0.94969352175,1
NL_Wind_Onshore,2030,1,185,0.94972667,1
NL_Wind_Onshore,2030,1,186,0.949523484,1
NL_Wind_Onshore,2030,1,187,0.949320298,1
NL_Wind_Onshore,2030,1,188,0.949117112,1
NL_Wind_Onshore,2030,1,189,0.948913926,1
NL_Wind_Onshore,2030,1,190,0.9482903285,1
NL_Wind_Onshore,2030,1,191,0.947666731,1
NL_Wind_Onshore,2030,1,192,0.9470431335,1
NL_Wind_Onshore,2030,1,193,0.946419536,1
NL_Wind_Onshore,2030,1,194,0.94341702975,1
NL_Wind_Onshore,2030,1,195,0.9404145235,1
NL_Wind_Onshore,2030,1,196,0.93741201725,1
NL_Wind_Onshore,2030,1,197,0.934409511,1
NL_Wind_Onshore,2030,1,198,0.93506883425,1
NL_Wind_Onshore,2030,1,199,0.9357281575,1
NL_Wind_Onshore,2030,1,200,0.93638748075,1
NL_Wind_Onshore,2030,1,201,0.937046804,1
NL_Wind_Onshore,2030,1,202,0.9327794377499999,1
NL_Wind_Onshore,2030,1,203,0.9285120714999999,1
NL_Wind_Onshore,2030,1,204,0.92424470525,1
NL_Wind_Onshore,2030,1,205,0.919977339,1
NL_Wind_Onshore,2030,1,206,0.919444265,1
NL_Wind_Onshore,2030,1,207,0.9189111910000001,1
NL_Wind_Onshore,2030,1,208,0.918378117,1
NL_Wind_Onshore,2030,1,209,0.917845043,1
NL_Wind_Onshore,2030,1,210,0.9227774415000001,1
NL_Wind_Onshore,2030,1,211,0.92770984,1
NL_Wind_Onshore,2030,1,212,0.9326422384999999,1
NL_Wind_Onshore,2030,1,213,0.937574637,1
NL_Wind_Onshore,2030,1,214,0.93770806775,1
NL_Wind_Onshore,2030,1,215,0.9378414985,1
NL_Wind_Onshore,2030,1,216,0.9379749292499999,1
NL_Wind_Onshore,2030,1,217,0.93810836,1
NL_Wind_Onshore,2030,1,218,0.94081285125,1
NL_Wind_Onshore,2030,1,219,0.9435173425,1
NL_Wind_Onshore,2030,1,220,0.9462218337499999,1
NL_Wind_Onshore,2030,1,221,0.948926325,1
NL_Wind_Onshore,2030,1,222,0.94847444175,1
NL_Wind_Onshore,2030,1,223,0.9480225585,1
NL_Wind_Onshore,2030,1,224,0.94757067525,1
NL_Wind_Onshore,2030,1,225,0.947118792,1
NL_Wind_Onshore,2030,1,226,0.94620978825,1
NL_Wind_Onshore,2030,1,227,0.9453007845000001,1
NL_Wind_Onshore,2030,1,228,0.9443917807500001,1
NL_Wind_Onshore,2030,1,229,0.943482777,1
NL_Wind_Onshore,2030,1,230,0.9394878385000001,1
NL_Wind_Onshore,2030,1,231,0.9354929000000001,1
NL_Wind_Onshore,2030,1,232,0.9314979615,1
NL_Wind_Onshore,2030,1,233,0.927503023,1
NL_Wind_Onshore,2030,1,234,0.8912939335,1
NL_Wind_Onshore,2030,1,235,0.8550848440000001,1
NL_Wind_Onshore,2030,1,236,0.8188757545,1
NL_Wind_Onshore,2030,1,237,0.782666665,1
NL_Wind_Onshore,2030,1,238,0.7620789275000001,1
NL_Wind_Onshore,2030,1,239,0.7414911900000001,1
NL_Wind_Onshore,2030,1,240,0.7209034525,1
NL_Wind_Onshore,2030,1,241,0.700315715,1
NL_Wind_Onshore,2030,1,242,0.6839581565,1
NL_Wind_Onshore,2030,1,243,0.6676005979999999,1
NL_Wind_Onshore,2030,1,244,0.6512430395,1
NL_Wind_Onshore,2030,1,245,0.634885481,1
NL_Wind_Onshore,2030,1,246,0.60040615375,1
NL_Wind_Onshore,2030,1,247,0.5659268264999999,1
NL_Wind_Onshore,2030,1,248,0.53144749925,1
NL_Wind_Onshore,2030,1,249,0.496968172,1
NL_Wind_Onshore,2030,1,250,0.47053651825,1
NL_Wind_Onshore,2030,1,251,0.4441048645,1
NL_Wind_Onshore,2030,1,252,0.41767321075,1
NL_Wind_Onshore,2030,1,253,0.391241557,1
NL_Wind_Onshore,2030,1,254,0.37243673375,1
NL_Wind_Onshore,2030,1,255,0.3536319105,1
NL_Wind_Onshore,2030,1,256,0.33482708725,1
NL_Wind_Onshore,2030,1,257,0.316022264,1
NL_Wind_Onshore,2030,1,258,0.3128301585,1
NL_Wind_Onshore,2030,1,259,0.309638053,1
NL_Wind_Onshore,2030,1,260,0.3064459475,1
NL_Wind_Onshore,2030,1,261,0.303253842,1
NL_Wind_Onshore,2030,1,262,0.31996969124999997,1
NL_Wind_Onshore,2030,1,263,0.3366855405,1
NL_Wind_Onshore,2030,1,264,0.35340138975,1
NL_Wind_Onshore,2030,1,265,0.370117239,1
NL_Wind_Onshore,2030,1,266,0.39637815649999997,1
NL_Wind_Onshore,2030,1,267,0.422639074,1
NL_Wind_Onshore,2030,1,268,0.44889999150000004,1
NL_Wind_Onshore,2030,1,269,0.475160909,1
NL_Wind_Onshore,2030,1,270,0.5087539587500001,1
NL_Wind_Onshore,2030,1,271,0.5423470085000001,1
NL_Wind_Onshore,2030,1,272,0.57594005825,1
NL_Wind_Onshore,2030,1,273,0.609533108,1
NL_Wind_Onshore,2030,1,274,0.64308858575,1
NL_Wind_Onshore,2030,1,275,0.6766440635,1
NL_Wind_Onshore,2030,1,276,0.71019954125,1
NL_Wind_Onshore,2030,1,277,0.743755019,1
NL_Wind_Onshore,2030,1,278,0.75715271025,1
NL_Wind_Onshore,2030,1,279,0.7705504015,1
NL_Wind_Onshore,2030,1,280,0.78394809275,1
NL_Wind_Onshore,2030,1,281,0.797345784,1
NL_Wind_Onshore,2030,1,282,0.81858012425,1
NL_Wind_Onshore,2030,1,283,0.8398144645000001,1
NL_Wind_Onshore,2030,1,284,0.86104880475,1
NL_Wind_Onshore,2030,1,285,0.882283145,1
NL_Wind_Onshore,2030,1,286,0.8848180055,1
NL_Wind_Onshore,2030,1,287,0.8873528660000001,1
NL_Wind_Onshore,2030,1,288,0.8898877265,1
NL_Wind_Onshore,2030,1,289,0.892422587,1
NL_Wind_Onshore,2030,1,290,0.8969811765,1
NL_Wind_Onshore,2030,1,291,0.901539766,1
NL_Wind_Onshore,2030,1,292,0.9060983555000001,1
NL_Wind_Onshore,2030,1,293,0.910656945,1
NL_Wind_Onshore,2030,1,294,0.9086690885,1
NL_Wind_Onshore,2030,1,295,0.906681232,1
NL_Wind_Onshore,2030,1,296,0.9046933755,1
NL_Wind_Onshore,2030,1,297,0.902705519,1
NL_Wind_Onshore,2030,1,298,0.900121043,1
NL_Wind_Onshore,2030,1,299,0.897536567,1
NL_Wind_Onshore,2030,1,300,0.894952091,1
NL_Wind_Onshore,2030,1,301,0.892367615,1
NL_Wind_Onshore,2030,1,302,0.8920469885,1
NL_Wind_Onshore,2030,1,303,0.891726362,1
NL_Wind_Onshore,2030,1,304,0.8914057355,1
NL_Wind_Onshore,2030,1,305,0.891085109,1
NL_Wind_Onshore,2030,1,306,0.89305389025,1
NL_Wind_Onshore,2030,1,307,0.8950226715,1
NL_Wind_Onshore,2030,1,308,0.89699145275,1
NL_Wind_Onshore,2030,1,309,0.898960234,1
NL_Wind_Onshore,2030,1,310,0.895387285,1
NL_Wind_Onshore,2030,1,311,0.8918143359999999,1
NL_Wind_Onshore,2030,1,312,0.888241387,1
NL_Wind_Onshore,2030,1,313,0.884668438,1
NL_Wind_Onshore,2030,1,314,0.88665847825,1
NL_Wind_Onshore,2030,1,315,0.8886485184999999,1
NL_Wind_Onshore,2030,1,316,0.89063855875,1
NL_Wind_Onshore,2030,1,317,0.892628599,1
NL_Wind_Onshore,2030,1,318,0.88804866575,1
NL_Wind_Onshore,2030,1,319,0.8834687325,1
NL_Wind_Onshore,2030,1,320,0.8788887992500001,1
NL_Wind_Onshore,2030,1,321,0.874308866,1
NL_Wind_Onshore,2030,1,322,0.8741127762500001,1
NL_Wind_Onshore,2030,1,323,0.8739166865,1
NL_Wind_Onshore,2030,1,324,0.8737205967499999,1
NL_Wind_Onshore,2030,1,325,0.873524507,1
NL_Wind_Onshore,2030,1,326,0.87114041925,1
NL_Wind_Onshore,2030,1,327,0.8687563315,1
NL_Wind_Onshore,2030,1,328,0.86637224375,1
NL_Wind_Onshore,2030,1,329,0.863988156,1
NL_Wind_Onshore,2030,1,330,0.8237697405,1
NL_Wind_Onshore,2030,1,331,0.783551325,1
NL_Wind_Onshore,2030,1,332,0.7433329095000001,1
NL_Wind_Onshore,2030,1,333,0.703114494,1
NL_Wind_Onshore,2030,1,334,0.7181492815,1
NL_Wind_Onshore,2030,1,335,0.733184069,1
NL_Wind_Onshore,2030,1,336,0.7482188565,1
NL_Wind_Onshore,2030,1,337,0.763253644,1
NL_Wind_Onshore,2030,1,338,0.76148824725,1
NL_Wind_Onshore,2030,1,339,0.7597228505,1
NL_Wind_Onshore,2030,1,340,0.75795745375,1
NL_Wind_Onshore,2030,1,341,0.756192057,1
NL_Wind_Onshore,2030,1,342,0.74650321725,1
NL_Wind_Onshore,2030,1,343,0.7368143775,1
NL_Wind_Onshore,2030,1,344,0.72712553775,1
NL_Wind_Onshore,2030,1,345,0.717436698,1
NL_Wind_Onshore,2030,1,346,0.6987885045,1
NL_Wind_Onshore,2030,1,347,0.6801403109999999,1
NL_Wind_Onshore,2030,1,348,0.6614921175,1
NL_Wind_Onshore,2030,1,349,0.642843924,1
NL_Wind_Onshore,2030,1,350,0.6345810715,1
NL_Wind_Onshore,2030,1,351,0.6263182190000001,1
NL_Wind_Onshore,2030,1,352,0.6180553665,1
NL_Wind_Onshore,2030,1,353,0.609792514,1
NL_Wind_Onshore,2030,1,354,0.6246673927499999,1
NL_Wind_Onshore,2030,1,355,0.6395422715,1
NL_Wind_Onshore,2030,1,356,0.65441715025,1
NL_Wind_Onshore,2030,1,357,0.669292029,1
NL_Wind_Onshore,2030,1,358,0.68693427675,1
NL_Wind_Onshore,2030,1,359,0.7045765245,1
NL_Wind_Onshore,2030,1,360,0.72221877225,1
NL_Wind_Onshore,2030,1,361,0.73986102,1
NL_Wind_Onshore,2030,1,362,0.7482236945,1
NL_Wind_Onshore,2030,1,363,0.756586369,1
NL_Wind_Onshore,2030,1,364,0.7649490434999999,1
NL_Wind_Onshore,2030,1,365,0.773311718,1
NL_Wind_Onshore,2030,1,366,0.76401552275,1
NL_Wind_Onshore,2030,1,367,0.7547193274999999,1
NL_Wind_Onshore,2030,1,368,0.74542313225,1
NL_Wind_Onshore,2030,1,369,0.736126937,1
NL_Wind_Onshore,2030,1,370,0.7405577665,1
NL_Wind_Onshore,2030,1,371,0.744988596,1
NL_Wind_Onshore,2030,1,372,0.7494194255,1
NL_Wind_Onshore,2030,1,373,0.753850255,1
NL_Wind_Onshore,2030,1,374,0.7718273275,1
NL_Wind_Onshore,2030,1,375,0.7898044,1
NL_Wind_Onshore,2030,1,376,0.8077814725,1
NL_Wind_Onshore,2030,1,377,0.825758545,1
NL_Wind_Onshore,2030,1,378,0.842627145,1
NL_Wind_Onshore,2030,1,379,0.859495745,1
NL_Wind_Onshore,2030,1,380,0.8763643449999999,1
NL_Wind_Onshore,2030,1,381,0.893232945,1
NL_Wind_Onshore,2030,1,382,0.89466490675,1
NL_Wind_Onshore,2030,1,383,0.8960968684999999,1
NL_Wind_Onshore,2030,1,384,0.89752883025,1
NL_Wind_Onshore,2030,1,385,0.898960792,1
NL_Wind_Onshore,2030,1,386,0.90035847275,1
NL_Wind_Onshore,2030,1,387,0.9017561535,1
NL_Wind_Onshore,2030,1,388,0.90315383425,1
NL_Wind_Onshore,2030,1,389,0.904551515,1
NL_Wind_Onshore,2030,1,390,0.9083708079999999,1
NL_Wind_Onshore,2030,1,391,0.912190101,1
NL_Wind_Onshore,2030,1,392,0.916009394,1
NL_Wind_Onshore,2030,1,393,0.919828687,1
NL_Wind_Onshore,2030,1,394,0.9216246459999999,1
NL_Wind_Onshore,2030,1,395,0.923420605,1
NL_Wind_Onshore,2030,1,396,0.9252165640000001,1
NL_Wind_Onshore,2030,1,397,0.927012523,1
NL_Wind_Onshore,2030,1,398,0.92637684725,1
NL_Wind_Onshore,2030,1,399,0.9257411715,1
NL_Wind_Onshore,2030,1,400,0.92510549575,1
NL_Wind_Onshore,2030,1,401,0.92446982,1
NL_Wind_Onshore,2030,1,402,0.9202982657500001,1
NL_Wind_Onshore,2030,1,403,0.9161267115,1
NL_Wind_Onshore,2030,1,404,0.91195515725,1
NL_Wind_Onshore,2030,1,405,0.907783603,1
NL_Wind_Onshore,2030,1,406,0.8983837490000001,1
NL_Wind_Onshore,2030,1,407,0.888983895,1
NL_Wind_Onshore,2030,1,408,0.879584041,1
NL_Wind_Onshore,2030,1,409,0.870184187,1
NL_Wind_Onshore,2030,1,410,0.85941713925,1
NL_Wind_Onshore,2030,1,411,0.8486500914999999,1
NL_Wind_Onshore,2030,1,412,0.83788304375,1
NL_Wind_Onshore,2030,1,413,0.827115996,1
NL_Wind_Onshore,2030,1,414,0.8204652514999999,1
NL_Wind_Onshore,2030,1,415,0.813814507,1
NL_Wind_Onshore,2030,1,416,0.8071637625,1
NL_Wind_Onshore,2030,1,417,0.800513018,1
NL_Wind_Onshore,2030,1,418,0.8033488085,1
NL_Wind_Onshore,2030,1,419,0.8061845990000001,1
NL_Wind_Onshore,2030,1,420,0.8090203895,1
NL_Wind_Onshore,2030,1,421,0.81185618,1
NL_Wind_Onshore,2030,1,422,0.816941596,1
NL_Wind_Onshore,2030,1,423,0.822027012,1
NL_Wind_Onshore,2030,1,424,0.827112428,1
NL_Wind_Onshore,2030,1,425,0.832197844,1
NL_Wind_Onshore,2030,1,426,0.8107200382499999,1
NL_Wind_Onshore,2030,1,427,0.7892422324999999,1
NL_Wind_Onshore,2030,1,428,0.76776442675,1
NL_Wind_Onshore,2030,1,429,0.746286621,1
NL_Wind_Onshore,2030,1,430,0.70236204725,1
NL_Wind_Onshore,2030,1,431,0.6584374735,1
NL_Wind_Onshore,2030,1,432,0.61451289975,1
NL_Wind_Onshore,2030,1,433,0.570588326,1
NL_Wind_Onshore,2030,1,434,0.54568873225,1
NL_Wind_Onshore,2030,1,435,0.5207891385,1
NL_Wind_Onshore,2030,1,436,0.49588954475,1
NL_Wind_Onshore,2030,1,437,0.470989951,1
NL_Wind_Onshore,2030,1,438,0.45895560950000003,1
NL_Wind_Onshore,2030,1,439,0.446921268,1
NL_Wind_Onshore,2030,1,440,0.4348869265,1
NL_Wind_Onshore,2030,1,441,0.422852585,1
NL_Wind_Onshore,2030,1,442,0.41594076,1
NL_Wind_Onshore,2030,1,443,0.40902893500000004,1
NL_Wind_Onshore,2030,1,444,0.40211711,1
NL_Wind_Onshore,2030,1,445,0.395205285,1
NL_Wind_Onshore,2030,1,446,0.40829687575,1
NL_Wind_Onshore,2030,1,447,0.4213884665,1
NL_Wind_Onshore,2030,1,448,0.43448005725,1
NL_Wind_Onshore,2030,1,449,0.447571648,1
NL_Wind_Onshore,2030,1,450,0.47454818725,1
NL_Wind_Onshore,2030,1,451,0.5015247265,1
NL_Wind_Onshore,2030,1,452,0.52850126575,1
NL_Wind_Onshore,2030,1,453,0.555477805,1
NL_Wind_Onshore,2030,1,454,0.57281068925,1
NL_Wind_Onshore,2030,1,455,0.5901435735,1
NL_Wind_Onshore,2030,1,456,0.60747645775,1
NL_Wind_Onshore,2030,1,457,0.624809342,1
NL_Wind_Onshore,2030,1,458,0.62413220225,1
NL_Wind_Onshore,2030,1,459,0.6234550625,1
NL_Wind_Onshore,2030,1,460,0.6227779227500001,1
NL_Wind_Onshore,2030,1,461,0.622100783,1
NL_Wind_Onshore,2030,1,462,0.6221596175,1
NL_Wind_Onshore,2030,1,463,0.622218452,1
NL_Wind_Onshore,2030,1,464,0.6222772865,1
NL_Wind_Onshore,2030,1,465,0.622336121,1
NL_Wind_Onshore,2030,1,466,0.6183587850000001,1
NL_Wind_Onshore,2030,1,467,0.614381449,1
NL_Wind_Onshore,2030,1,468,0.610404113,1
NL_Wind_Onshore,2030,1,469,0.606426777,1
NL_Wind_Onshore,2030,1,470,0.6052809180000001,1
NL_Wind_Onshore,2030,1,471,0.6041350590000001,1
NL_Wind_Onshore,2030,1,472,0.6029892,1
NL_Wind_Onshore,2030,1,473,0.601843341,1
NL_Wind_Onshore,2030,1,474,0.582028435,1
NL_Wind_Onshore,2030,1,475,0.562213529,1
NL_Wind_Onshore,2030,1,476,0.542398623,1
NL_Wind_Onshore,2030,1,477,0.522583717,1
NL_Wind_Onshore,2030,1,478,0.5091216169999999,1
NL_Wind_Onshore,2030,1,479,0.495659517,1
NL_Wind_Onshore,2030,1,480,0.48219741699999996,1
NL_Wind_Onshore,2030,1,481,0.468735317,1
NL_Wind_Onshore,2030,1,482,0.46727805,1
NL_Wind_Onshore,2030,1,483,0.46582078299999996,1
NL_Wind_Onshore,2030,1,484,0.464363516,1
NL_Wind_Onshore,2030,1,485,0.462906249,1
NL_Wind_Onshore,2030,1,486,0.464410283,1
NL_Wind_Onshore,2030,1,487,0.46591431699999997,1
NL_Wind_Onshore,2030,1,488,0.467418351,1
NL_Wind_Onshore,2030,1,489,0.468922385,1
NL_Wind_Onshore,2030,1,490,0.4544634045,1
NL_Wind_Onshore,2030,1,491,0.440004424,1
NL_Wind_Onshore,2030,1,492,0.4255454435,1
NL_Wind_Onshore,2030,1,493,0.411086463,1
NL_Wind_Onshore,2030,1,494,0.4038595505,1
NL_Wind_Onshore,2030,1,495,0.39663263800000004,1
NL_Wind_Onshore,2030,1,496,0.3894057255,1
NL_Wind_Onshore,2030,1,497,0.382178813,1
NL_Wind_Onshore,2030,1,498,0.39068227,1
NL_Wind_Onshore,2030,1,499,0.399185727,1
NL_Wind_Onshore,2030,1,500,0.407689184,1
NL_Wind_Onshore,2030,1,501,0.416192641,1
NL_Wind_Onshore,2030,1,502,0.4351024715,1
NL_Wind_Onshore,2030,1,503,0.454012302,1
NL_Wind_Onshore,2030,1,504,0.4729221325,1
NL_Wind_Onshore,2030,1,505,0.491831963,1
NL_Wind_Onshore,2030,1,506,0.49649505925,1
NL_Wind_Onshore,2030,1,507,0.5011581555,1
NL_Wind_Onshore,2030,1,508,0.50582125175,1
NL_Wind_Onshore,2030,1,509,0.510484348,1
NL_Wind_Onshore,2030,1,510,0.51857258225,1
NL_Wind_Onshore,2030,1,511,0.5266608165,1
NL_Wind_Onshore,2030,1,512,0.5347490507499999,1
NL_Wind_Onshore,2030,1,513,0.542837285,1
NL_Wind_Onshore,2030,1,514,0.5504313757499999,1
NL_Wind_Onshore,2030,1,515,0.5580254665,1
NL_Wind_Onshore,2030,1,516,0.56561955725,1
NL_Wind_Onshore,2030,1,517,0.573213648,1
NL_Wind_Onshore,2030,1,518,0.57462616025,1
NL_Wind_Onshore,2030,1,519,0.5760386725,1
NL_Wind_Onshore,2030,1,520,0.5774511847499999,1
NL_Wind_Onshore,2030,1,521,0.578863697,1
NL_Wind_Onshore,2030,1,522,0.5548269702499999,1
NL_Wind_Onshore,2030,1,523,0.5307902435,1
NL_Wind_Onshore,2030,1,524,0.50675351675,1
NL_Wind_Onshore,2030,1,525,0.48271679,1
NL_Wind_Onshore,2030,1,526,0.45487082700000003,1
NL_Wind_Onshore,2030,1,527,0.427024864,1
NL_Wind_Onshore,2030,1,528,0.399178901,1
NL_Wind_Onshore,2030,1,529,0.371332938,1
NL_Wind_Onshore,2030,1,530,0.35185341775,1
NL_Wind_Onshore,2030,1,531,0.3323738975,1
NL_Wind_Onshore,2030,1,532,0.31289437724999997,1
NL_Wind_Onshore,2030,1,533,0.293414857,1
NL_Wind_Onshore,2030,1,534,0.29591754025,1
NL_Wind_Onshore,2030,1,535,0.29842022349999997,1
NL_Wind_Onshore,2030,1,536,0.30092290675,1
NL_Wind_Onshore,2030,1,537,0.30342559,1
NL_Wind_Onshore,2030,1,538,0.318117179,1
NL_Wind_Onshore,2030,1,539,0.33280876800000003,1
NL_Wind_Onshore,2030,1,540,0.347500357,1
NL_Wind_Onshore,2030,1,541,0.362191946,1
NL_Wind_Onshore,2030,1,542,0.38748969099999997,1
NL_Wind_Onshore,2030,1,543,0.412787436,1
NL_Wind_Onshore,2030,1,544,0.438085181,1
NL_Wind_Onshore,2030,1,545,0.463382926,1
NL_Wind_Onshore,2030,1,546,0.492463563,1
NL_Wind_Onshore,2030,1,547,0.5215442,1
NL_Wind_Onshore,2030,1,548,0.550624837,1
NL_Wind_Onshore,2030,1,549,0.579705474,1
NL_Wind_Onshore,2030,1,550,0.607429376,1
NL_Wind_Onshore,2030,1,551,0.635153278,1
NL_Wind_Onshore,2030,1,552,0.6628771800000001,1
NL_Wind_Onshore,2030,1,553,0.690601082,1
NL_Wind_Onshore,2030,1,554,0.715186139,1
NL_Wind_Onshore,2030,1,555,0.739771196,1
NL_Wind_Onshore,2030,1,556,0.764356253,1
NL_Wind_Onshore,2030,1,557,0.78894131,1
NL_Wind_Onshore,2030,1,558,0.80695871175,1
NL_Wind_Onshore,2030,1,559,0.8249761135,1
NL_Wind_Onshore,2030,1,560,0.84299351525,1
NL_Wind_Onshore,2030,1,561,0.861010917,1
NL_Wind_Onshore,2030,1,562,0.867105876,1
NL_Wind_Onshore,2030,1,563,0.873200835,1
NL_Wind_Onshore,2030,1,564,0.879295794,1
NL_Wind_Onshore,2030,1,565,0.885390753,1
NL_Wind_Onshore,2030,1,566,0.88332399725,1
NL_Wind_Onshore,2030,1,567,0.8812572415,1
NL_Wind_Onshore,2030,1,568,0.87919048575,1
NL_Wind_Onshore,2030,1,569,0.87712373,1
NL_Wind_Onshore,2030,1,570,0.864961977,1
NL_Wind_Onshore,2030,1,571,0.852800224,1
NL_Wind_Onshore,2030,1,572,0.840638471,1
NL_Wind_Onshore,2030,1,573,0.828476718,1
NL_Wind_Onshore,2030,1,574,0.83258507225,1
NL_Wind_Onshore,2030,1,575,0.8366934265,1
NL_Wind_Onshore,2030,1,576,0.84080178075,1
NL_Wind_Onshore,2030,1,577,0.844910135,1
NL_Wind_Onshore,2030,1,578,0.83147678675,1
NL_Wind_Onshore,2030,1,579,0.8180434384999999,1
NL_Wind_Onshore,2030,1,580,0.80461009025,1
NL_Wind_Onshore,2030,1,581,0.791176742,1
NL_Wind_Onshore,2030,1,582,0.7899141925,1
NL_Wind_Onshore,2030,1,583,0.788651643,1
NL_Wind_Onshore,2030,1,584,0.7873890935000001,1
NL_Wind_Onshore,2030,1,585,0.786126544,1
NL_Wind_Onshore,2030,1,586,0.78370098,1
NL_Wind_Onshore,2030,1,587,0.781275416,1
NL_Wind_Onshore,2030,1,588,0.778849852,1
NL_Wind_Onshore,2030,1,589,0.776424288,1
NL_Wind_Onshore,2030,1,590,0.76501880375,1
NL_Wind_Onshore,2030,1,591,0.7536133195,1
NL_Wind_Onshore,2030,1,592,0.74220783525,1
NL_Wind_Onshore,2030,1,593,0.730802351,1
NL_Wind_Onshore,2030,1,594,0.709647751,1
NL_Wind_Onshore,2030,1,595,0.6884931510000001,1
NL_Wind_Onshore,2030,1,596,0.6673385510000001,1
NL_Wind_Onshore,2030,1,597,0.646183951,1
NL_Wind_Onshore,2030,1,598,0.64993917125,1
NL_Wind_Onshore,2030,1,599,0.6536943915,1
NL_Wind_Onshore,2030,1,600,0.65744961175,1
NL_Wind_Onshore,2030,1,601,0.661204832,1
NL_Wind_Onshore,2030,1,602,0.6739110367500001,1
NL_Wind_Onshore,2030,1,603,0.6866172415,1
NL_Wind_Onshore,2030,1,604,0.69932344625,1
NL_Wind_Onshore,2030,1,605,0.712029651,1
NL_Wind_Onshore,2030,1,606,0.717735318,1
NL_Wind_Onshore,2030,1,607,0.7234409850000001,1
NL_Wind_Onshore,2030,1,608,0.7291466520000001,1
NL_Wind_Onshore,2030,1,609,0.734852319,1
NL_Wind_Onshore,2030,1,610,0.75548547525,1
NL_Wind_Onshore,2030,1,611,0.7761186314999999,1
NL_Wind_Onshore,2030,1,612,0.79675178775,1
NL_Wind_Onshore,2030,1,613,0.817384944,1
NL_Wind_Onshore,2030,1,614,0.83358688975,1
NL_Wind_Onshore,2030,1,615,0.8497888355,1
NL_Wind_Onshore,2030,1,616,0.86599078125,1
NL_Wind_Onshore,2030,1,617,0.882192727,1
NL_Wind_Onshore,2030,1,618,0.8901890527499999,1
NL_Wind_Onshore,2030,1,619,0.8981853785,1
NL_Wind_Onshore,2030,1,620,0.90618170425,1
NL_Wind_Onshore,2030,1,621,0.91417803,1
NL_Wind_Onshore,2030,1,622,0.915944604,1
NL_Wind_Onshore,2030,1,623,0.917711178,1
NL_Wind_Onshore,2030,1,624,0.9194777519999999,1
NL_Wind_Onshore,2030,1,625,0.921244326,1
NL_Wind_Onshore,2030,1,626,0.9155952755,1
NL_Wind_Onshore,2030,1,627,0.909946225,1
NL_Wind_Onshore,2030,1,628,0.9042971745,1
NL_Wind_Onshore,2030,1,629,0.898648124,1
NL_Wind_Onshore,2030,1,630,0.8912170715000001,1
NL_Wind_Onshore,2030,1,631,0.883786019,1
NL_Wind_Onshore,2030,1,632,0.8763549665,1
NL_Wind_Onshore,2030,1,633,0.868923914,1
NL_Wind_Onshore,2030,1,634,0.86904979225,1
NL_Wind_Onshore,2030,1,635,0.8691756705,1
NL_Wind_Onshore,2030,1,636,0.86930154875,1
NL_Wind_Onshore,2030,1,637,0.869427427,1
NL_Wind_Onshore,2030,1,638,0.87926834925,1
NL_Wind_Onshore,2030,1,639,0.8891092715,1
NL_Wind_Onshore,2030,1,640,0.89895019375,1
NL_Wind_Onshore,2030,1,641,0.908791116,1
NL_Wind_Onshore,2030,1,642,0.91641639925,1
NL_Wind_Onshore,2030,1,643,0.9240416825,1
NL_Wind_Onshore,2030,1,644,0.93166696575,1
NL_Wind_Onshore,2030,1,645,0.939292249,1
NL_Wind_Onshore,2030,1,646,0.940913957,1
NL_Wind_Onshore,2030,1,647,0.942535665,1
NL_Wind_Onshore,2030,1,648,0.9441573729999999,1
NL_Wind_Onshore,2030,1,649,0.945779081,1
NL_Wind_Onshore,2030,1,650,0.94628850725,1
NL_Wind_Onshore,2030,1,651,0.9467979335,1
NL_Wind_Onshore,2030,1,652,0.9473073597499999,1
NL_Wind_Onshore,2030,1,653,0.947816786,1
NL_Wind_Onshore,2030,1,654,0.9480330647499999,1
NL_Wind_Onshore,2030,1,655,0.9482493435,1
NL_Wind_Onshore,2030,1,656,0.9484656222500001,1
NL_Wind_Onshore,2030,1,657,0.948681901,1
NL_Wind_Onshore,2030,1,658,0.94879569225,1
NL_Wind_Onshore,2030,1,659,0.9489094835,1
NL_Wind_Onshore,2030,1,660,0.94902327475,1
NL_Wind_Onshore,2030,1,661,0.949137066,1
NL_Wind_Onshore,2030,1,662,0.94928940475,1
NL_Wind_Onshore,2030,1,663,0.9494417435,1
NL_Wind_Onshore,2030,1,664,0.94959408225,1
NL_Wind_Onshore,2030,1,665,0.949746421,1
NL_Wind_Onshore,2030,1,666,0.9497555772499999,1
NL_Wind_Onshore,2030,1,667,0.9497647334999999,1
NL_Wind_Onshore,2030,1,668,0.94977388975,1
NL_Wind_Onshore,2030,1,669,0.949783046,1
NL_Wind_Onshore,2030,1,670,0.9498172795,1
NL_Wind_Onshore,2030,1,671,0.949851513,1
NL_Wind_Onshore,2030,1,672,0.9498857465,1
NL_Wind_Offshore,2030,1,1,0.975744495,1
NL_Wind_Offshore,2030,1,2,0.975428859,1
NL_Wind_Offshore,2030,1,3,0.975113223,1
NL_Wind_Offshore,2030,1,4,0.9747975870000001,1
NL_Wind_Offshore,2030,1,5,0.974481951,1
NL_Wind_Offshore,2030,1,6,0.97456456775,1
NL_Wind_Offshore,2030,1,7,0.9746471845,1
NL_Wind_Offshore,2030,1,8,0.97472980125,1
NL_Wind_Offshore,2030,1,9,0.974812418,1
NL_Wind_Offshore,2030,1,10,0.97551669575,1
NL_Wind_Offshore,2030,1,11,0.9762209735,1
NL_Wind_Offshore,2030,1,12,0.97692525125,1
NL_Wind_Offshore,2030,1,13,0.977629529,1
NL_Wind_Offshore,2030,1,14,0.9772967605,1
NL_Wind_Offshore,2030,1,15,0.976963992,1
NL_Wind_Offshore,2030,1,16,0.9766312235,1
NL_Wind_Offshore,2030,1,17,0.976298455,1
NL_Wind_Offshore,2030,1,18,0.9764533665,1
NL_Wind_Offshore,2030,1,19,0.976608278,1
NL_Wind_Offshore,2030,1,20,0.9767631895,1
NL_Wind_Offshore,2030,1,21,0.976918101,1
NL_Wind_Offshore,2030,1,22,0.97693323,1
NL_Wind_Offshore,2030,1,23,0.976948359,1
NL_Wind_Offshore,2030,1,24,0.976963488,1
NL_Wind_Offshore,2030,1,25,0.976978617,1
NL_Wind_Offshore,2030,1,26,0.97597693325,1
NL_Wind_Offshore,2030,1,27,0.9749752494999999,1
NL_Wind_Offshore,2030,1,28,0.9739735657499999,1
NL_Wind_Offshore,2030,1,29,0.972971882,1
NL_Wind_Offshore,2030,1,30,0.97298574975,1
NL_Wind_Offshore,2030,1,31,0.9729996175,1
NL_Wind_Offshore,2030,1,32,0.97301348525,1
NL_Wind_Offshore,2030,1,33,0.973027353,1
NL_Wind_Offshore,2030,1,34,0.97393763975,1
NL_Wind_Offshore,2030,1,35,0.9748479265000001,1
NL_Wind_Offshore,2030,1,36,0.97575821325,1
NL_Wind_Offshore,2030,1,37,0.9766685,1
NL_Wind_Offshore,2030,1,38,0.97681162275,1
NL_Wind_Offshore,2030,1,39,0.9769547455,1
NL_Wind_Offshore,2030,1,40,0.97709786825,1
NL_Wind_Offshore,2030,1,41,0.977240991,1
NL_Wind_Offshore,2030,1,42,0.97743081775,1
NL_Wind_Offshore,2030,1,43,0.9776206445,1
NL_Wind_Offshore,2030,1,44,0.97781047125,1
NL_Wind_Offshore,2030,1,45,0.978000298,1
NL_Wind_Offshore,2030,1,46,0.97811260325,1
NL_Wind_Offshore,2030,1,47,0.9782249085,1
NL_Wind_Offshore,2030,1,48,0.9783372137499999,1
NL_Wind_Offshore,2030,1,49,0.978449519,1
NL_Wind_Offshore,2030,1,50,0.978412945,1
NL_Wind_Offshore,2030,1,51,0.978376371,1
NL_Wind_Offshore,2030,1,52,0.9783397970000001,1
NL_Wind_Offshore,2030,1,53,0.978303223,1
NL_Wind_Offshore,2030,1,54,0.97844394975,1
NL_Wind_Offshore,2030,1,55,0.9785846765,1
NL_Wind_Offshore,2030,1,56,0.97872540325,1
NL_Wind_Offshore,2030,1,57,0.97886613,1
NL_Wind_Offshore,2030,1,58,0.9788251557500001,1
NL_Wind_Offshore,2030,1,59,0.9787841815,1
NL_Wind_Offshore,2030,1,60,0.97874320725,1
NL_Wind_Offshore,2030,1,61,0.978702233,1
NL_Wind_Offshore,2030,1,62,0.9788220107500001,1
NL_Wind_Offshore,2030,1,63,0.9789417885,1
NL_Wind_Offshore,2030,1,64,0.97906156625,1
NL_Wind_Offshore,2030,1,65,0.979181344,1
NL_Wind_Offshore,2030,1,66,0.9791841210000001,1
NL_Wind_Offshore,2030,1,67,0.979186898,1
NL_Wind_Offshore,2030,1,68,0.979189675,1
NL_Wind_Offshore,2030,1,69,0.979192452,1
NL_Wind_Offshore,2030,1,70,0.9791940247500001,1
NL_Wind_Offshore,2030,1,71,0.9791955975,1
NL_Wind_Offshore,2030,1,72,0.97919717025,1
NL_Wind_Offshore,2030,1,73,0.979198743,1
NL_Wind_Offshore,2030,1,74,0.97622713475,1
NL_Wind_Offshore,2030,1,75,0.9732555265,1
NL_Wind_Offshore,2030,1,76,0.9702839182499999,1
NL_Wind_Offshore,2030,1,77,0.96731231,1
NL_Wind_Offshore,2030,1,78,0.90457005075,1
NL_Wind_Offshore,2030,1,79,0.8418277915,1
NL_Wind_Offshore,2030,1,80,0.77908553225,1
NL_Wind_Offshore,2030,1,81,0.716343273,1
NL_Wind_Offshore,2030,1,82,0.719943226,1
NL_Wind_Offshore,2030,1,83,0.723543179,1
NL_Wind_Offshore,2030,1,84,0.7271431319999999,1
NL_Wind_Offshore,2030,1,85,0.730743085,1
NL_Wind_Offshore,2030,1,86,0.70852728025,1
NL_Wind_Offshore,2030,1,87,0.6863114754999999,1
NL_Wind_Offshore,2030,1,88,0.66409567075,1
NL_Wind_Offshore,2030,1,89,0.641879866,1
NL_Wind_Offshore,2030,1,90,0.615170812,1
NL_Wind_Offshore,2030,1,91,0.588461758,1
NL_Wind_Offshore,2030,1,92,0.561752704,1
NL_Wind_Offshore,2030,1,93,0.53504365,1
NL_Wind_Offshore,2030,1,94,0.58965941675,1
NL_Wind_Offshore,2030,1,95,0.6442751835,1
NL_Wind_Offshore,2030,1,96,0.69889095025,1
NL_Wind_Offshore,2030,1,97,0.753506717,1
NL_Wind_Offshore,2030,1,98,0.7489738945000001,1
NL_Wind_Offshore,2030,1,99,0.7444410720000001,1
NL_Wind_Offshore,2030,1,100,0.7399082495,1
NL_Wind_Offshore,2030,1,101,0.735375427,1
NL_Wind_Offshore,2030,1,102,0.7237871605,1
NL_Wind_Offshore,2030,1,103,0.712198894,1
NL_Wind_Offshore,2030,1,104,0.7006106275,1
NL_Wind_Offshore,2030,1,105,0.689022361,1
NL_Wind_Offshore,2030,1,106,0.666782556,1
NL_Wind_Offshore,2030,1,107,0.644542751,1
NL_Wind_Offshore,2030,1,108,0.622302946,1
NL_Wind_Offshore,2030,1,109,0.600063141,1
NL_Wind_Offshore,2030,1,110,0.68442093275,1
NL_Wind_Offshore,2030,1,111,0.7687787245,1
NL_Wind_Offshore,2030,1,112,0.85313651625,1
NL_Wind_Offshore,2030,1,113,0.937494308,1
NL_Wind_Offshore,2030,1,114,0.947854508,1
NL_Wind_Offshore,2030,1,115,0.9582147080000001,1
NL_Wind_Offshore,2030,1,116,0.968574908,1
NL_Wind_Offshore,2030,1,117,0.978935108,1
NL_Wind_Offshore,2030,1,118,0.979001326,1
NL_Wind_Offshore,2030,1,119,0.9790675440000001,1
NL_Wind_Offshore,2030,1,120,0.979133762,1
NL_Wind_Offshore,2030,1,121,0.97919998,1
NL_Wind_Offshore,2030,1,122,0.979199929,1
NL_Wind_Offshore,2030,1,123,0.979199878,1
NL_Wind_Offshore,2030,1,124,0.979199827,1
NL_Wind_Offshore,2030,1,125,0.979199776,1
NL_Wind_Offshore,2030,1,126,0.97919195225,1
NL_Wind_Offshore,2030,1,127,0.9791841285,1
NL_Wind_Offshore,2030,1,128,0.97917630475,1
NL_Wind_Offshore,2030,1,129,0.979168481,1
NL_Wind_Offshore,2030,1,130,0.9790708655,1
NL_Wind_Offshore,2030,1,131,0.97897325,1
NL_Wind_Offshore,2030,1,132,0.9788756345,1
NL_Wind_Offshore,2030,1,133,0.978778019,1
NL_Wind_Offshore,2030,1,134,0.97877594425,1
NL_Wind_Offshore,2030,1,135,0.9787738695,1
NL_Wind_Offshore,2030,1,136,0.97877179475,1
NL_Wind_Offshore,2030,1,137,0.97876972,1
NL_Wind_Offshore,2030,1,138,0.9780277012499999,1
NL_Wind_Offshore,2030,1,139,0.9772856825,1
NL_Wind_Offshore,2030,1,140,0.97654366375,1
NL_Wind_Offshore,2030,1,141,0.975801645,1
NL_Wind_Offshore,2030,1,142,0.9766417535,1
NL_Wind_Offshore,2030,1,143,0.977481862,1
NL_Wind_Offshore,2030,1,144,0.9783219704999999,1
NL_Wind_Offshore,2030,1,145,0.979162079,1
NL_Wind_Offshore,2030,1,146,0.97915671775,1
NL_Wind_Offshore,2030,1,147,0.9791513565,1
NL_Wind_Offshore,2030,1,148,0.9791459952499999,1
NL_Wind_Offshore,2030,1,149,0.979140634,1
NL_Wind_Offshore,2030,1,150,0.97914013125,1
NL_Wind_Offshore,2030,1,151,0.9791396285,1
NL_Wind_Offshore,2030,1,152,0.97913912575,1
NL_Wind_Offshore,2030,1,153,0.979138623,1
NL_Wind_Offshore,2030,1,154,0.97913638725,1
NL_Wind_Offshore,2030,1,155,0.9791341515,1
NL_Wind_Offshore,2030,1,156,0.97913191575,1
NL_Wind_Offshore,2030,1,157,0.97912968,1
NL_Wind_Offshore,2030,1,158,0.97909073075,1
NL_Wind_Offshore,2030,1,159,0.9790517814999999,1
NL_Wind_Offshore,2030,1,160,0.97901283225,1
NL_Wind_Offshore,2030,1,161,0.978973883,1
NL_Wind_Offshore,2030,1,162,0.9789624345,1
NL_Wind_Offshore,2030,1,163,0.978950986,1
NL_Wind_Offshore,2030,1,164,0.9789395375,1
NL_Wind_Offshore,2030,1,165,0.978928089,1
NL_Wind_Offshore,2030,1,166,0.9789680412499999,1
NL_Wind_Offshore,2030,1,167,0.9790079935,1
NL_Wind_Offshore,2030,1,168,0.97904794575,1
NL_Wind_Offshore,2030,1,169,0.979087898,1
NL_Wind_Offshore,2030,1,170,0.97901379675,1
NL_Wind_Offshore,2030,1,171,0.9789396955,1
NL_Wind_Offshore,2030,1,172,0.97886559425,1
NL_Wind_Offshore,2030,1,173,0.978791493,1
NL_Wind_Offshore,2030,1,174,0.978858667,1
NL_Wind_Offshore,2030,1,175,0.978925841,1
NL_Wind_Offshore,2030,1,176,0.978993015,1
NL_Wind_Offshore,2030,1,177,0.979060189,1
NL_Wind_Offshore,2030,1,178,0.97867520475,1
NL_Wind_Offshore,2030,1,179,0.9782902205,1
NL_Wind_Offshore,2030,1,180,0.97790523625,1
NL_Wind_Offshore,2030,1,181,0.977520252,1
NL_Wind_Offshore,2030,1,182,0.977697025,1
NL_Wind_Offshore,2030,1,183,0.9778737980000001,1
NL_Wind_Offshore,2030,1,184,0.978050571,1
NL_Wind_Offshore,2030,1,185,0.978227344,1
NL_Wind_Offshore,2030,1,186,0.9770929235,1
NL_Wind_Offshore,2030,1,187,0.975958503,1
NL_Wind_Offshore,2030,1,188,0.9748240825,1
NL_Wind_Offshore,2030,1,189,0.973689662,1
NL_Wind_Offshore,2030,1,190,0.97343730575,1
NL_Wind_Offshore,2030,1,191,0.9731849495,1
NL_Wind_Offshore,2030,1,192,0.9729325932499999,1
NL_Wind_Offshore,2030,1,193,0.972680237,1
NL_Wind_Offshore,2030,1,194,0.9717958984999999,1
NL_Wind_Offshore,2030,1,195,0.97091156,1
NL_Wind_Offshore,2030,1,196,0.9700272215,1
NL_Wind_Offshore,2030,1,197,0.969142883,1
NL_Wind_Offshore,2030,1,198,0.9680305419999999,1
NL_Wind_Offshore,2030,1,199,0.9669182009999999,1
NL_Wind_Offshore,2030,1,200,0.96580586,1
NL_Wind_Offshore,2030,1,201,0.964693519,1
NL_Wind_Offshore,2030,1,202,0.96549753475,1
NL_Wind_Offshore,2030,1,203,0.9663015505,1
NL_Wind_Offshore,2030,1,204,0.96710556625,1
NL_Wind_Offshore,2030,1,205,0.967909582,1
NL_Wind_Offshore,2030,1,206,0.9698832835,1
NL_Wind_Offshore,2030,1,207,0.9718569850000001,1
NL_Wind_Offshore,2030,1,208,0.9738306865,1
NL_Wind_Offshore,2030,1,209,0.975804388,1
NL_Wind_Offshore,2030,1,210,0.97615531375,1
NL_Wind_Offshore,2030,1,211,0.9765062394999999,1
NL_Wind_Offshore,2030,1,212,0.97685716525,1
NL_Wind_Offshore,2030,1,213,0.977208091,1
NL_Wind_Offshore,2030,1,214,0.9772313002499999,1
NL_Wind_Offshore,2030,1,215,0.9772545095,1
NL_Wind_Offshore,2030,1,216,0.97727771875,1
NL_Wind_Offshore,2030,1,217,0.977300928,1
NL_Wind_Offshore,2030,1,218,0.9744461950000001,1
NL_Wind_Offshore,2030,1,219,0.971591462,1
NL_Wind_Offshore,2030,1,220,0.968736729,1
NL_Wind_Offshore,2030,1,221,0.965881996,1
NL_Wind_Offshore,2030,1,222,0.965563888,1
NL_Wind_Offshore,2030,1,223,0.96524578,1
NL_Wind_Offshore,2030,1,224,0.964927672,1
NL_Wind_Offshore,2030,1,225,0.964609564,1
NL_Wind_Offshore,2030,1,226,0.9626045925,1
NL_Wind_Offshore,2030,1,227,0.9605996210000001,1
NL_Wind_Offshore,2030,1,228,0.9585946495000001,1
NL_Wind_Offshore,2030,1,229,0.956589678,1
NL_Wind_Offshore,2030,1,230,0.9395759785000001,1
NL_Wind_Offshore,2030,1,231,0.9225622790000001,1
NL_Wind_Offshore,2030,1,232,0.9055485795,1
NL_Wind_Offshore,2030,1,233,0.88853488,1
NL_Wind_Offshore,2030,1,234,0.8590302235,1
NL_Wind_Offshore,2030,1,235,0.829525567,1
NL_Wind_Offshore,2030,1,236,0.8000209105,1
NL_Wind_Offshore,2030,1,237,0.770516254,1
NL_Wind_Offshore,2030,1,238,0.7706945697500001,1
NL_Wind_Offshore,2030,1,239,0.7708728855,1
NL_Wind_Offshore,2030,1,240,0.7710512012499999,1
NL_Wind_Offshore,2030,1,241,0.771229517,1
NL_Wind_Offshore,2030,1,242,0.766151728,1
NL_Wind_Offshore,2030,1,243,0.761073939,1
NL_Wind_Offshore,2030,1,244,0.75599615,1
NL_Wind_Offshore,2030,1,245,0.750918361,1
NL_Wind_Offshore,2030,1,246,0.73676136975,1
NL_Wind_Offshore,2030,1,247,0.7226043785,1
NL_Wind_Offshore,2030,1,248,0.70844738725,1
NL_Wind_Offshore,2030,1,249,0.694290396,1
NL_Wind_Offshore,2030,1,250,0.69553208125,1
NL_Wind_Offshore,2030,1,251,0.6967737665,1
NL_Wind_Offshore,2030,1,252,0.69801545175,1
NL_Wind_Offshore,2030,1,253,0.699257137,1
NL_Wind_Offshore,2030,1,254,0.73525632325,1
NL_Wind_Offshore,2030,1,255,0.7712555095,1
NL_Wind_Offshore,2030,1,256,0.80725469575,1
NL_Wind_Offshore,2030,1,257,0.843253882,1
NL_Wind_Offshore,2030,1,258,0.8574744532499999,1
NL_Wind_Offshore,2030,1,259,0.8716950244999999,1
NL_Wind_Offshore,2030,1,260,0.88591559575,1
NL_Wind_Offshore,2030,1,261,0.900136167,1
NL_Wind_Offshore,2030,1,262,0.9093246955000001,1
NL_Wind_Offshore,2030,1,263,0.918513224,1
NL_Wind_Offshore,2030,1,264,0.9277017525,1
NL_Wind_Offshore,2030,1,265,0.936890281,1
NL_Wind_Offshore,2030,1,266,0.94220254275,1
NL_Wind_Offshore,2030,1,267,0.9475148045,1
NL_Wind_Offshore,2030,1,268,0.95282706625,1
NL_Wind_Offshore,2030,1,269,0.958139328,1
NL_Wind_Offshore,2030,1,270,0.959013397,1
NL_Wind_Offshore,2030,1,271,0.9598874660000001,1
NL_Wind_Offshore,2030,1,272,0.960761535,1
NL_Wind_Offshore,2030,1,273,0.961635604,1
NL_Wind_Offshore,2030,1,274,0.96285530025,1
NL_Wind_Offshore,2030,1,275,0.9640749965,1
NL_Wind_Offshore,2030,1,276,0.96529469275,1
NL_Wind_Offshore,2030,1,277,0.966514389,1
NL_Wind_Offshore,2030,1,278,0.9651684039999999,1
NL_Wind_Offshore,2030,1,279,0.963822419,1
NL_Wind_Offshore,2030,1,280,0.962476434,1
NL_Wind_Offshore,2030,1,281,0.961130449,1
NL_Wind_Offshore,2030,1,282,0.9604404535,1
NL_Wind_Offshore,2030,1,283,0.959750458,1
NL_Wind_Offshore,2030,1,284,0.9590604625,1
NL_Wind_Offshore,2030,1,285,0.958370467,1
NL_Wind_Offshore,2030,1,286,0.95546837525,1
NL_Wind_Offshore,2030,1,287,0.9525662834999999,1
NL_Wind_Offshore,2030,1,288,0.94966419175,1
NL_Wind_Offshore,2030,1,289,0.9467621,1
NL_Wind_Offshore,2030,1,290,0.94698777775,1
NL_Wind_Offshore,2030,1,291,0.9472134555,1
NL_Wind_Offshore,2030,1,292,0.9474391332500001,1
NL_Wind_Offshore,2030,1,293,0.947664811,1
NL_Wind_Offshore,2030,1,294,0.944777475,1
NL_Wind_Offshore,2030,1,295,0.9418901390000001,1
NL_Wind_Offshore,2030,1,296,0.939002803,1
NL_Wind_Offshore,2030,1,297,0.936115467,1
NL_Wind_Offshore,2030,1,298,0.93324398725,1
NL_Wind_Offshore,2030,1,299,0.9303725075,1
NL_Wind_Offshore,2030,1,300,0.92750102775,1
NL_Wind_Offshore,2030,1,301,0.924629548,1
NL_Wind_Offshore,2030,1,302,0.922424336,1
NL_Wind_Offshore,2030,1,303,0.9202191239999999,1
NL_Wind_Offshore,2030,1,304,0.918013912,1
NL_Wind_Offshore,2030,1,305,0.9158087,1
NL_Wind_Offshore,2030,1,306,0.9157699835,1
NL_Wind_Offshore,2030,1,307,0.915731267,1
NL_Wind_Offshore,2030,1,308,0.9156925505,1
NL_Wind_Offshore,2030,1,309,0.915653834,1
NL_Wind_Offshore,2030,1,310,0.9115009425,1
NL_Wind_Offshore,2030,1,311,0.907348051,1
NL_Wind_Offshore,2030,1,312,0.9031951595,1
NL_Wind_Offshore,2030,1,313,0.899042268,1
NL_Wind_Offshore,2030,1,314,0.88426789275,1
NL_Wind_Offshore,2030,1,315,0.8694935175,1
NL_Wind_Offshore,2030,1,316,0.85471914225,1
NL_Wind_Offshore,2030,1,317,0.839944767,1
NL_Wind_Offshore,2030,1,318,0.8199904435,1
NL_Wind_Offshore,2030,1,319,0.80003612,1
NL_Wind_Offshore,2030,1,320,0.7800817965,1
NL_Wind_Offshore,2030,1,321,0.760127473,1
NL_Wind_Offshore,2030,1,322,0.7451283025000001,1
NL_Wind_Offshore,2030,1,323,0.7301291320000001,1
NL_Wind_Offshore,2030,1,324,0.7151299615,1
NL_Wind_Offshore,2030,1,325,0.700130791,1
NL_Wind_Offshore,2030,1,326,0.69365713425,1
NL_Wind_Offshore,2030,1,327,0.6871834775,1
NL_Wind_Offshore,2030,1,328,0.68070982075,1
NL_Wind_Offshore,2030,1,329,0.674236164,1
NL_Wind_Offshore,2030,1,330,0.6423545065,1
NL_Wind_Offshore,2030,1,331,0.610472849,1
NL_Wind_Offshore,2030,1,332,0.5785911914999999,1
NL_Wind_Offshore,2030,1,333,0.546709534,1
NL_Wind_Offshore,2030,1,334,0.52575341225,1
NL_Wind_Offshore,2030,1,335,0.5047972905,1
NL_Wind_Offshore,2030,1,336,0.48384116875,1
NL_Wind_Offshore,2030,1,337,0.462885047,1
NL_Wind_Offshore,2030,1,338,0.45943964525000003,1
NL_Wind_Offshore,2030,1,339,0.4559942435,1
NL_Wind_Offshore,2030,1,340,0.45254884175,1
NL_Wind_Offshore,2030,1,341,0.44910344,1
NL_Wind_Offshore,2030,1,342,0.43411134775000004,1
NL_Wind_Offshore,2030,1,343,0.4191192555,1
NL_Wind_Offshore,2030,1,344,0.40412716325,1
NL_Wind_Offshore,2030,1,345,0.389135071,1
NL_Wind_Offshore,2030,1,346,0.37874548525,1
NL_Wind_Offshore,2030,1,347,0.36835589950000003,1
NL_Wind_Offshore,2030,1,348,0.35796631375,1
NL_Wind_Offshore,2030,1,349,0.347576728,1
NL_Wind_Offshore,2030,1,350,0.348064477,1
NL_Wind_Offshore,2030,1,351,0.348552226,1
NL_Wind_Offshore,2030,1,352,0.349039975,1
NL_Wind_Offshore,2030,1,353,0.349527724,1
NL_Wind_Offshore,2030,1,354,0.36522980974999997,1
NL_Wind_Offshore,2030,1,355,0.38093189549999995,1
NL_Wind_Offshore,2030,1,356,0.39663398125,1
NL_Wind_Offshore,2030,1,357,0.412336067,1
NL_Wind_Offshore,2030,1,358,0.4303808715,1
NL_Wind_Offshore,2030,1,359,0.448425676,1
NL_Wind_Offshore,2030,1,360,0.4664704805,1
NL_Wind_Offshore,2030,1,361,0.484515285,1
NL_Wind_Offshore,2030,1,362,0.49798756425,1
NL_Wind_Offshore,2030,1,363,0.5114598435,1
NL_Wind_Offshore,2030,1,364,0.52493212275,1
NL_Wind_Offshore,2030,1,365,0.538404402,1
NL_Wind_Offshore,2030,1,366,0.5377765407499999,1
NL_Wind_Offshore,2030,1,367,0.5371486795,1
NL_Wind_Offshore,2030,1,368,0.53652081825,1
NL_Wind_Offshore,2030,1,369,0.535892957,1
NL_Wind_Offshore,2030,1,370,0.5505110965,1
NL_Wind_Offshore,2030,1,371,0.565129236,1
NL_Wind_Offshore,2030,1,372,0.5797473755,1
NL_Wind_Offshore,2030,1,373,0.594365515,1
NL_Wind_Offshore,2030,1,374,0.59073758475,1
NL_Wind_Offshore,2030,1,375,0.5871096545000001,1
NL_Wind_Offshore,2030,1,376,0.58348172425,1
NL_Wind_Offshore,2030,1,377,0.579853794,1
NL_Wind_Offshore,2030,1,378,0.5789879065000001,1
NL_Wind_Offshore,2030,1,379,0.578122019,1
NL_Wind_Offshore,2030,1,380,0.5772561315,1
NL_Wind_Offshore,2030,1,381,0.576390244,1
NL_Wind_Offshore,2030,1,382,0.58318126675,1
NL_Wind_Offshore,2030,1,383,0.5899722895,1
NL_Wind_Offshore,2030,1,384,0.59676331225,1
NL_Wind_Offshore,2030,1,385,0.603554335,1
NL_Wind_Offshore,2030,1,386,0.6158871539999999,1
NL_Wind_Offshore,2030,1,387,0.628219973,1
NL_Wind_Offshore,2030,1,388,0.640552792,1
NL_Wind_Offshore,2030,1,389,0.652885611,1
NL_Wind_Offshore,2030,1,390,0.69121394675,1
NL_Wind_Offshore,2030,1,391,0.7295422825,1
NL_Wind_Offshore,2030,1,392,0.7678706182499999,1
NL_Wind_Offshore,2030,1,393,0.806198954,1
NL_Wind_Offshore,2030,1,394,0.823825719,1
NL_Wind_Offshore,2030,1,395,0.841452484,1
NL_Wind_Offshore,2030,1,396,0.859079249,1
NL_Wind_Offshore,2030,1,397,0.876706014,1
NL_Wind_Offshore,2030,1,398,0.87493413475,1
NL_Wind_Offshore,2030,1,399,0.8731622555,1
NL_Wind_Offshore,2030,1,400,0.87139037625,1
NL_Wind_Offshore,2030,1,401,0.869618497,1
NL_Wind_Offshore,2030,1,402,0.8704346417500001,1
NL_Wind_Offshore,2030,1,403,0.8712507865000001,1
NL_Wind_Offshore,2030,1,404,0.87206693125,1
NL_Wind_Offshore,2030,1,405,0.872883076,1
NL_Wind_Offshore,2030,1,406,0.8628412875,1
NL_Wind_Offshore,2030,1,407,0.8527994990000001,1
NL_Wind_Offshore,2030,1,408,0.8427577105,1
NL_Wind_Offshore,2030,1,409,0.832715922,1
NL_Wind_Offshore,2030,1,410,0.7932812902499999,1
NL_Wind_Offshore,2030,1,411,0.7538466585,1
NL_Wind_Offshore,2030,1,412,0.71441202675,1
NL_Wind_Offshore,2030,1,413,0.674977395,1
NL_Wind_Offshore,2030,1,414,0.649079235,1
NL_Wind_Offshore,2030,1,415,0.623181075,1
NL_Wind_Offshore,2030,1,416,0.597282915,1
NL_Wind_Offshore,2030,1,417,0.571384755,1
NL_Wind_Offshore,2030,1,418,0.56699949375,1
NL_Wind_Offshore,2030,1,419,0.5626142325,1
NL_Wind_Offshore,2030,1,420,0.5582289712499999,1
NL_Wind_Offshore,2030,1,421,0.55384371,1
NL_Wind_Offshore,2030,1,422,0.545354871,1
NL_Wind_Offshore,2030,1,423,0.536866032,1
NL_Wind_Offshore,2030,1,424,0.528377193,1
NL_Wind_Offshore,2030,1,425,0.519888354,1
NL_Wind_Offshore,2030,1,426,0.524226181,1
NL_Wind_Offshore,2030,1,427,0.528564008,1
NL_Wind_Offshore,2030,1,428,0.532901835,1
NL_Wind_Offshore,2030,1,429,0.537239662,1
NL_Wind_Offshore,2030,1,430,0.53913264575,1
NL_Wind_Offshore,2030,1,431,0.5410256295,1
NL_Wind_Offshore,2030,1,432,0.54291861325,1
NL_Wind_Offshore,2030,1,433,0.544811597,1
NL_Wind_Offshore,2030,1,434,0.5553048927500001,1
NL_Wind_Offshore,2030,1,435,0.5657981885000001,1
NL_Wind_Offshore,2030,1,436,0.57629148425,1
NL_Wind_Offshore,2030,1,437,0.58678478,1
NL_Wind_Offshore,2030,1,438,0.5871023522500001,1
NL_Wind_Offshore,2030,1,439,0.5874199245,1
NL_Wind_Offshore,2030,1,440,0.58773749675,1
NL_Wind_Offshore,2030,1,441,0.588055069,1
NL_Wind_Offshore,2030,1,442,0.568382544,1
NL_Wind_Offshore,2030,1,443,0.548710019,1
NL_Wind_Offshore,2030,1,444,0.529037494,1
NL_Wind_Offshore,2030,1,445,0.509364969,1
NL_Wind_Offshore,2030,1,446,0.49236580599999996,1
NL_Wind_Offshore,2030,1,447,0.475366643,1
NL_Wind_Offshore,2030,1,448,0.45836748,1
NL_Wind_Offshore,2030,1,449,0.441368317,1
NL_Wind_Offshore,2030,1,450,0.43828155550000003,1
NL_Wind_Offshore,2030,1,451,0.435194794,1
NL_Wind_Offshore,2030,1,452,0.43210803249999996,1
NL_Wind_Offshore,2030,1,453,0.429021271,1
NL_Wind_Offshore,2030,1,454,0.3953773,1
NL_Wind_Offshore,2030,1,455,0.361733329,1
NL_Wind_Offshore,2030,1,456,0.328089358,1
NL_Wind_Offshore,2030,1,457,0.294445387,1
NL_Wind_Offshore,2030,1,458,0.281750237,1
NL_Wind_Offshore,2030,1,459,0.269055087,1
NL_Wind_Offshore,2030,1,460,0.256359937,1
NL_Wind_Offshore,2030,1,461,0.243664787,1
NL_Wind_Offshore,2030,1,462,0.241240463,1
NL_Wind_Offshore,2030,1,463,0.23881613899999998,1
NL_Wind_Offshore,2030,1,464,0.236391815,1
NL_Wind_Offshore,2030,1,465,0.233967491,1
NL_Wind_Offshore,2030,1,466,0.23800074375,1
NL_Wind_Offshore,2030,1,467,0.24203399650000001,1
NL_Wind_Offshore,2030,1,468,0.24606724925,1
NL_Wind_Offshore,2030,1,469,0.250100502,1
NL_Wind_Offshore,2030,1,470,0.25706456925,1
NL_Wind_Offshore,2030,1,471,0.26402863649999997,1
NL_Wind_Offshore,2030,1,472,0.27099270375,1
NL_Wind_Offshore,2030,1,473,0.277956771,1
NL_Wind_Offshore,2030,1,474,0.27208964075,1
NL_Wind_Offshore,2030,1,475,0.2662225105,1
NL_Wind_Offshore,2030,1,476,0.26035538025000005,1
NL_Wind_Offshore,2030,1,477,0.25448825,1
NL_Wind_Offshore,2030,1,478,0.259321409,1
NL_Wind_Offshore,2030,1,479,0.26415456800000003,1
NL_Wind_Offshore,2030,1,480,0.268987727,1
NL_Wind_Offshore,2030,1,481,0.273820886,1
NL_Wind_Offshore,2030,1,482,0.28445963825,1
NL_Wind_Offshore,2030,1,483,0.2950983905,1
NL_Wind_Offshore,2030,1,484,0.30573714275,1
NL_Wind_Offshore,2030,1,485,0.316375895,1
NL_Wind_Offshore,2030,1,486,0.315863962,1
NL_Wind_Offshore,2030,1,487,0.31535202900000003,1
NL_Wind_Offshore,2030,1,488,0.314840096,1
NL_Wind_Offshore,2030,1,489,0.314328163,1
NL_Wind_Offshore,2030,1,490,0.36288212,1
NL_Wind_Offshore,2030,1,491,0.411436077,1
NL_Wind_Offshore,2030,1,492,0.45999003400000005,1
NL_Wind_Offshore,2030,1,493,0.508543991,1
NL_Wind_Offshore,2030,1,494,0.5416609695000001,1
NL_Wind_Offshore,2030,1,495,0.574777948,1
NL_Wind_Offshore,2030,1,496,0.6078949265,1
NL_Wind_Offshore,2030,1,497,0.641011905,1
NL_Wind_Offshore,2030,1,498,0.6509865465,1
NL_Wind_Offshore,2030,1,499,0.660961188,1
NL_Wind_Offshore,2030,1,500,0.6709358295000001,1
NL_Wind_Offshore,2030,1,501,0.680910471,1
NL_Wind_Offshore,2030,1,502,0.68117507625,1
NL_Wind_Offshore,2030,1,503,0.6814396815,1
NL_Wind_Offshore,2030,1,504,0.68170428675,1
NL_Wind_Offshore,2030,1,505,0.681968892,1
NL_Wind_Offshore,2030,1,506,0.6858572789999999,1
NL_Wind_Offshore,2030,1,507,0.689745666,1
NL_Wind_Offshore,2030,1,508,0.693634053,1
NL_Wind_Offshore,2030,1,509,0.69752244,1
NL_Wind_Offshore,2030,1,510,0.7010304387499999,1
NL_Wind_Offshore,2030,1,511,0.7045384375,1
NL_Wind_Offshore,2030,1,512,0.7080464362500001,1
NL_Wind_Offshore,2030,1,513,0.711554435,1
NL_Wind_Offshore,2030,1,514,0.72085733375,1
NL_Wind_Offshore,2030,1,515,0.7301602325000001,1
NL_Wind_Offshore,2030,1,516,0.73946313125,1
NL_Wind_Offshore,2030,1,517,0.74876603,1
NL_Wind_Offshore,2030,1,518,0.74641842075,1
NL_Wind_Offshore,2030,1,519,0.7440708115,1
NL_Wind_Offshore,2030,1,520,0.74172320225,1
NL_Wind_Offshore,2030,1,521,0.739375593,1
NL_Wind_Offshore,2030,1,522,0.752343349,1
NL_Wind_Offshore,2030,1,523,0.765311105,1
NL_Wind_Offshore,2030,1,524,0.778278861,1
NL_Wind_Offshore,2030,1,525,0.791246617,1
NL_Wind_Offshore,2030,1,526,0.80647173425,1
NL_Wind_Offshore,2030,1,527,0.8216968515,1
NL_Wind_Offshore,2030,1,528,0.83692196875,1
NL_Wind_Offshore,2030,1,529,0.852147086,1
NL_Wind_Offshore,2030,1,530,0.8641899802499999,1
NL_Wind_Offshore,2030,1,531,0.8762328745,1
NL_Wind_Offshore,2030,1,532,0.88827576875,1
NL_Wind_Offshore,2030,1,533,0.900318663,1
NL_Wind_Offshore,2030,1,534,0.8912215649999999,1
NL_Wind_Offshore,2030,1,535,0.8821244669999999,1
NL_Wind_Offshore,2030,1,536,0.873027369,1
NL_Wind_Offshore,2030,1,537,0.863930271,1
NL_Wind_Offshore,2030,1,538,0.85315526025,1
NL_Wind_Offshore,2030,1,539,0.8423802495,1
NL_Wind_Offshore,2030,1,540,0.83160523875,1
NL_Wind_Offshore,2030,1,541,0.820830228,1
NL_Wind_Offshore,2030,1,542,0.83548961475,1
NL_Wind_Offshore,2030,1,543,0.8501490015,1
NL_Wind_Offshore,2030,1,544,0.86480838825,1
NL_Wind_Offshore,2030,1,545,0.879467775,1
NL_Wind_Offshore,2030,1,546,0.89112485075,1
NL_Wind_Offshore,2030,1,547,0.9027819265,1
NL_Wind_Offshore,2030,1,548,0.91443900225,1
NL_Wind_Offshore,2030,1,549,0.926096078,1
NL_Wind_Offshore,2030,1,550,0.9270528115000001,1
NL_Wind_Offshore,2030,1,551,0.9280095450000001,1
NL_Wind_Offshore,2030,1,552,0.9289662785,1
NL_Wind_Offshore,2030,1,553,0.929923012,1
NL_Wind_Offshore,2030,1,554,0.9340377975,1
NL_Wind_Offshore,2030,1,555,0.938152583,1
NL_Wind_Offshore,2030,1,556,0.9422673685,1
NL_Wind_Offshore,2030,1,557,0.946382154,1
NL_Wind_Offshore,2030,1,558,0.93505242725,1
NL_Wind_Offshore,2030,1,559,0.9237227004999999,1
NL_Wind_Offshore,2030,1,560,0.91239297375,1
NL_Wind_Offshore,2030,1,561,0.901063247,1
NL_Wind_Offshore,2030,1,562,0.8894454635,1
NL_Wind_Offshore,2030,1,563,0.87782768,1
NL_Wind_Offshore,2030,1,564,0.8662098965,1
NL_Wind_Offshore,2030,1,565,0.854592113,1
NL_Wind_Offshore,2030,1,566,0.8521368892500001,1
NL_Wind_Offshore,2030,1,567,0.8496816655,1
NL_Wind_Offshore,2030,1,568,0.84722644175,1
NL_Wind_Offshore,2030,1,569,0.844771218,1
NL_Wind_Offshore,2030,1,570,0.817135152,1
NL_Wind_Offshore,2030,1,571,0.789499086,1
NL_Wind_Offshore,2030,1,572,0.7618630200000001,1
NL_Wind_Offshore,2030,1,573,0.734226954,1
NL_Wind_Offshore,2030,1,574,0.70842519475,1
NL_Wind_Offshore,2030,1,575,0.6826234355,1
NL_Wind_Offshore,2030,1,576,0.6568216762500001,1
NL_Wind_Offshore,2030,1,577,0.631019917,1
NL_Wind_Offshore,2030,1,578,0.624153367,1
NL_Wind_Offshore,2030,1,579,0.6172868170000001,1
NL_Wind_Offshore,2030,1,580,0.6104202670000001,1
NL_Wind_Offshore,2030,1,581,0.603553717,1
NL_Wind_Offshore,2030,1,582,0.5888491635,1
NL_Wind_Offshore,2030,1,583,0.57414461,1
NL_Wind_Offshore,2030,1,584,0.5594400565,1
NL_Wind_Offshore,2030,1,585,0.544735503,1
NL_Wind_Offshore,2030,1,586,0.52490393475,1
NL_Wind_Offshore,2030,1,587,0.5050723665,1
NL_Wind_Offshore,2030,1,588,0.48524079825,1
NL_Wind_Offshore,2030,1,589,0.46540923,1
NL_Wind_Offshore,2030,1,590,0.4503987445,1
NL_Wind_Offshore,2030,1,591,0.435388259,1
NL_Wind_Offshore,2030,1,592,0.4203777735,1
NL_Wind_Offshore,2030,1,593,0.405367288,1
NL_Wind_Offshore,2030,1,594,0.413158019,1
NL_Wind_Offshore,2030,1,595,0.42094875,1
NL_Wind_Offshore,2030,1,596,0.428739481,1
NL_Wind_Offshore,2030,1,597,0.436530212,1
NL_Wind_Offshore,2030,1,598,0.44287888249999996,1
NL_Wind_Offshore,2030,1,599,0.44922755299999995,1
NL_Wind_Offshore,2030,1,600,0.4555762235,1
NL_Wind_Offshore,2030,1,601,0.461924894,1
NL_Wind_Offshore,2030,1,602,0.49193781975,1
NL_Wind_Offshore,2030,1,603,0.5219507455,1
NL_Wind_Offshore,2030,1,604,0.55196367125,1
NL_Wind_Offshore,2030,1,605,0.581976597,1
NL_Wind_Offshore,2030,1,606,0.60233400075,1
NL_Wind_Offshore,2030,1,607,0.6226914045,1
NL_Wind_Offshore,2030,1,608,0.6430488082500001,1
NL_Wind_Offshore,2030,1,609,0.663406212,1
NL_Wind_Offshore,2030,1,610,0.71627470275,1
NL_Wind_Offshore,2030,1,611,0.7691431935,1
NL_Wind_Offshore,2030,1,612,0.82201168425,1
NL_Wind_Offshore,2030,1,613,0.874880175,1
NL_Wind_Offshore,2030,1,614,0.89119291825,1
NL_Wind_Offshore,2030,1,615,0.9075056615,1
NL_Wind_Offshore,2030,1,616,0.92381840475,1
NL_Wind_Offshore,2030,1,617,0.940131148,1
NL_Wind_Offshore,2030,1,618,0.948457428,1
NL_Wind_Offshore,2030,1,619,0.956783708,1
NL_Wind_Offshore,2030,1,620,0.965109988,1
NL_Wind_Offshore,2030,1,621,0.973436268,1
NL_Wind_Offshore,2030,1,622,0.9743025737500001,1
NL_Wind_Offshore,2030,1,623,0.9751688795,1
NL_Wind_Offshore,2030,1,624,0.97603518525,1
NL_Wind_Offshore,2030,1,625,0.976901491,1
NL_Wind_Offshore,2030,1,626,0.9756316647500001,1
NL_Wind_Offshore,2030,1,627,0.9743618385,1
NL_Wind_Offshore,2030,1,628,0.97309201225,1
NL_Wind_Offshore,2030,1,629,0.971822186,1
NL_Wind_Offshore,2030,1,630,0.9729469310000001,1
NL_Wind_Offshore,2030,1,631,0.974071676,1
NL_Wind_Offshore,2030,1,632,0.9751964209999999,1
NL_Wind_Offshore,2030,1,633,0.976321166,1
NL_Wind_Offshore,2030,1,634,0.9765835657499999,1
NL_Wind_Offshore,2030,1,635,0.9768459654999999,1
NL_Wind_Offshore,2030,1,636,0.97710836525,1
NL_Wind_Offshore,2030,1,637,0.977370765,1
NL_Wind_Offshore,2030,1,638,0.9776414675,1
NL_Wind_Offshore,2030,1,639,0.97791217,1
NL_Wind_Offshore,2030,1,640,0.9781828724999999,1
NL_Wind_Offshore,2030,1,641,0.978453575,1
NL_Wind_Offshore,2030,1,642,0.97860453325,1
NL_Wind_Offshore,2030,1,643,0.9787554915,1
NL_Wind_Offshore,2030,1,644,0.97890644975,1
NL_Wind_Offshore,2030,1,645,0.979057408,1
NL_Wind_Offshore,2030,1,646,0.9790817525,1
NL_Wind_Offshore,2030,1,647,0.9791060970000001,1
NL_Wind_Offshore,2030,1,648,0.9791304415000001,1
NL_Wind_Offshore,2030,1,649,0.979154786,1
NL_Wind_Offshore,2030,1,650,0.9791652195,1
NL_Wind_Offshore,2030,1,651,0.979175653,1
NL_Wind_Offshore,2030,1,652,0.9791860865,1
NL_Wind_Offshore,2030,1,653,0.97919652,1
NL_Wind_Offshore,2030,1,654,0.979196939,1
NL_Wind_Offshore,2030,1,655,0.979197358,1
NL_Wind_Offshore,2030,1,656,0.979197777,1
NL_Wind_Offshore,2030,1,657,0.979198196,1
NL_Wind_Offshore,2030,1,658,0.9791983682500001,1
NL_Wind_Offshore,2030,1,659,0.9791985405,1
NL_Wind_Offshore,2030,1,660,0.9791987127499999,1
NL_Wind_Offshore,2030,1,661,0.979198885,1
NL_Wind_Offshore,2030,1,662,0.9791991019999999,1
NL_Wind_Offshore,2030,1,663,0.9791993189999999,1
NL_Wind_Offshore,2030,1,664,0.979199536,1
NL_Wind_Offshore,2030,1,665,0.979199753,1
NL_Wind_Offshore,2030,1,666,0.9791990239999999,1
NL_Wind_Offshore,2030,1,667,0.979198295,1
NL_Wind_Offshore,2030,1,668,0.9791975660000001,1
NL_Wind_Offshore,2030,1,669,0.979196837,1
NL_Wind_Offshore,2030,1,670,0.979189902,1
NL_Wind_Offshore,2030,1,671,0.9791829670000001,1
NL_Wind_Offshore,2030,1,672,0.979176032,1
NL_Solar,2030,1,1,0.0,1
NL_Solar,2030,1,2,0.0,1
NL_Solar,2030,1,3,0.0,1
NL_Solar,2030,1,4,0.0,1
NL_Solar,2030,1,5,0.0,1
NL_Solar,2030,1,6,0.0,1
NL_Solar,2030,1,7,0.0,1
NL_Solar,2030,1,8,0.0,1
NL_Solar,2030,1,9,0.0,1
NL_Solar,2030,1,10,0.0,1
NL_Solar,2030,1,11,0.0,1
NL_Solar,2030,1,12,0.0,1
NL_Solar,2030,1,13,0.0,1
NL_Solar,2030,1,14,0.0,1
NL_Solar,2030,1,15,0.0,1
NL_Solar,2030,1,16,0.0,1
NL_Solar,2030,1,17,0.0,1
NL_Solar,2030,1,18,0.0,1
NL_Solar,2030,1,19,0.0,1
NL_Solar,2030,1,20,0.0,1
NL_Solar,2030,1,21,0.0,1
NL_Solar,2030,1,22,0.0,1
NL_Solar,2030,1,23,0.0,1
NL_Solar,2030,1,24,0.0,1
NL_Solar,2030,1,25,0.0,1
NL_Solar,2030,1,26,0.0,1
NL_Solar,2030,1,27,0.0,1
NL_Solar,2030,1,28,0.0,1
NL_Solar,2030,1,29,0.0,1
NL_Solar,2030,1,30,0.0,1
NL_Solar,2030,1,31,0.0,1
NL_Solar,2030,1,32,0.0,1
NL_Solar,2030,1,33,0.0,1
NL_Solar,2030,1,34,0.0,1
NL_Solar,2030,1,35,0.0,1
NL_Solar,2030,1,36,0.0,1
NL_Solar,2030,1,37,0.0,1
NL_Solar,2030,1,38,0.0243999805,1
NL_Solar,2030,1,39,0.048799961,1
NL_Solar,2030,1,40,0.0731999415,1
NL_Solar,2030,1,41,0.097599922,1
NL_Solar,2030,1,42,0.11421288025000001,1
NL_Solar,2030,1,43,0.1308258385,1
NL_Solar,2030,1,44,0.14743879675,1
NL_Solar,2030,1,45,0.164051755,1
NL_Solar,2030,1,46,0.17608626025,1
NL_Solar,2030,1,47,0.1881207655,1
NL_Solar,2030,1,48,0.20015527075,1
NL_Solar,2030,1,49,0.212189776,1
NL_Solar,2030,1,50,0.21711861175,1
NL_Solar,2030,1,51,0.2220474475,1
NL_Solar,2030,1,52,0.22697628325,1
NL_Solar,2030,1,53,0.231905119,1
NL_Solar,2030,1,54,0.224368727,1
NL_Solar,2030,1,55,0.216832335,1
NL_Solar,2030,1,56,0.209295943,1
NL_Solar,2030,1,57,0.201759551,1
NL_Solar,2030,1,58,0.17949859175,1
NL_Solar,2030,1,59,0.1572376325,1
NL_Solar,2030,1,60,0.13497667325,1
NL_Solar,2030,1,61,0.112715714,1
NL_Solar,2030,1,62,0.089432209,1
NL_Solar,2030,1,63,0.066148704,1
NL_Solar,2030,1,64,0.04286519899999999,1
NL_Solar,2030,1,65,0.019581694,1
NL_Solar,2030,1,66,0.014686270500000001,1
NL_Solar,2030,1,67,0.009790847,1
NL_Solar,2030,1,68,0.004895423499999999,1
NL_Solar,2030,1,69,0.0,1
NL_Solar,2030,1,70,0.0,1
NL_Solar,2030,1,71,0.0,1
NL_Solar,2030,1,72,0.0,1
NL_Solar,2030,1,73,0.0,1
NL_Solar,2030,1,74,0.0,1
NL_Solar,2030,1,75,0.0,1
NL_Solar,2030,1,76,0.0,1
NL_Solar,2030,1,77,0.0,1
NL_Solar,2030,1,78,0.0,1
NL_Solar,2030,1,79,0.0,1
NL_Solar,2030,1,80,0.0,1
NL_Solar,2030,1,81,0.0,1
NL_Solar,2030,1,82,0.0,1
NL_Solar,2030,1,83,0.0,1
NL_Solar,2030,1,84,0.0,1
NL_Solar,2030,1,85,0.0,1
NL_Solar,2030,1,86,0.0,1
NL_Solar,2030,1,87,0.0,1
NL_Solar,2030,1,88,0.0,1
NL_Solar,2030,1,89,0.0,1
NL_Solar,2030,1,90,0.0,1
NL_Solar,2030,1,91,0.0,1
NL_Solar,2030,1,92,0.0,1
NL_Solar,2030,1,93,0.0,1
NL_Solar,2030,1,94,0.0,1
NL_Solar,2030,1,95,0.0,1
NL_Solar,2030,1,96,0.0,1
NL_Solar,2030,1,97,0.0,1
NL_Solar,2030,1,98,0.0,1
NL_Solar,2030,1,99,0.0,1
NL_Solar,2030,1,100,0.0,1
NL_Solar,2030,1,101,0.0,1
NL_Solar,2030,1,102,0.0,1
NL_Solar,2030,1,103,0.0,1
NL_Solar,2030,1,104,0.0,1
NL_Solar,2030,1,105,0.0,1
NL_Solar,2030,1,106,0.0,1
NL_Solar,2030,1,107,0.0,1
NL_Solar,2030,1,108,0.0,1
NL_Solar,2030,1,109,0.0,1
NL_Solar,2030,1,110,0.0,1
NL_Solar,2030,1,111,0.0,1
NL_Solar,2030,1,112,0.0,1
NL_Solar,2030,1,113,0.0,1
NL_Solar,2030,1,114,0.0,1
NL_Solar,2030,1,115,0.0,1
NL_Solar,2030,1,116,0.0,1
NL_Solar,2030,1,117,0.0,1
NL_Solar,2030,1,118,0.0,1
NL_Solar,2030,1,119,0.0,1
NL_Solar,2030,1,120,0.0,1
NL_Solar,2030,1,121,0.0,1
NL_Solar,2030,1,122,0.0,1
NL_Solar,2030,1,123,0.0,1
NL_Solar,2030,1,124,0.0,1
NL_Solar,2030,1,125,0.0,1
NL_Solar,2030,1,126,0.0,1
NL_Solar,2030,1,127,0.0,1
NL_Solar,2030,1,128,0.0,1
NL_Solar,2030,1,129,0.0,1
NL_Solar,2030,1,130,0.0,1
NL_Solar,2030,1,131,0.0,1
NL_Solar,2030,1,132,0.0,1
NL_Solar,2030,1,133,0.0,1
NL_Solar,2030,1,134,0.013228111,1
NL_Solar,2030,1,135,0.026456222,1
NL_Solar,2030,1,136,0.039684333,1
NL_Solar,2030,1,137,0.052912444,1
NL_Solar,2030,1,138,0.08567029100000001,1
NL_Solar,2030,1,139,0.118428138,1
NL_Solar,2030,1,140,0.151185985,1
NL_Solar,2030,1,141,0.183943832,1
NL_Solar,2030,1,142,0.2203103945,1
NL_Solar,2030,1,143,0.256676957,1
NL_Solar,2030,1,144,0.29304351949999996,1
NL_Solar,2030,1,145,0.329410082,1
NL_Solar,2030,1,146,0.34095501475,1
NL_Solar,2030,1,147,0.3524999475,1
NL_Solar,2030,1,148,0.36404488025,1
NL_Solar,2030,1,149,0.375589813,1
NL_Solar,2030,1,150,0.3648196905,1
NL_Solar,2030,1,151,0.354049568,1
NL_Solar,2030,1,152,0.3432794455,1
NL_Solar,2030,1,153,0.332509323,1
NL_Solar,2030,1,154,0.30632425550000003,1
NL_Solar,2030,1,155,0.28013918800000004,1
NL_Solar,2030,1,156,0.2539541205,1
NL_Solar,2030,1,157,0.227769053,1
NL_Solar,2030,1,158,0.1867065735,1
NL_Solar,2030,1,159,0.145644094,1
NL_Solar,2030,1,160,0.1045816145,1
NL_Solar,2030,1,161,0.063519135,1
NL_Solar,2030,1,162,0.04763935125,1
NL_Solar,2030,1,163,0.0317595675,1
NL_Solar,2030,1,164,0.01587978375,1
NL_Solar,2030,1,165,0.0,1
NL_Solar,2030,1,166,0.0,1
NL_Solar,2030,1,167,0.0,1
NL_Solar,2030,1,168,0.0,1
NL_Solar,2030,1,169,0.0,1
NL_Solar,2030,1,170,0.0,1
NL_Solar,2030,1,171,0.0,1
NL_Solar,2030,1,172,0.0,1
NL_Solar,2030,1,173,0.0,1
NL_Solar,2030,1,174,0.0,1
NL_Solar,2030,1,175,0.0,1
NL_Solar,2030,1,176,0.0,1
NL_Solar,2030,1,177,0.0,1
NL_Solar,2030,1,178,0.0,1
NL_Solar,2030,1,179,0.0,1
NL_Solar,2030,1,180,0.0,1
NL_Solar,2030,1,181,0.0,1
NL_Solar,2030,1,182,0.0,1
NL_Solar,2030,1,183,0.0,1
NL_Solar,2030,1,184,0.0,1
NL_Solar,2030,1,185,0.0,1
NL_Solar,2030,1,186,0.0,1
NL_Solar,2030,1,187,0.0,1
NL_Solar,2030,1,188,0.0,1
NL_Solar,2030,1,189,0.0,1
NL_Solar,2030,1,190,0.0,1
NL_Solar,2030,1,191,0.0,1
NL_Solar,2030,1,192,0.0,1
NL_Solar,2030,1,193,0.0,1
NL_Solar,2030,1,194,0.0,1
NL_Solar,2030,1,195,0.0,1
NL_Solar,2030,1,196,0.0,1
NL_Solar,2030,1,197,0.0,1
NL_Solar,2030,1,198,0.0,1
NL_Solar,2030,1,199,0.0,1
NL_Solar,2030,1,200,0.0,1
NL_Solar,2030,1,201,0.0,1
NL_Solar,2030,1,202,0.0,1
NL_Solar,2030,1,203,0.0,1
NL_Solar,2030,1,204,0.0,1
NL_Solar,2030,1,205,0.0,1
NL_Solar,2030,1,206,0.0,1
NL_Solar,2030,1,207,0.0,1
NL_Solar,2030,1,208,0.0,1
NL_Solar,2030,1,209,0.0,1
NL_Solar,2030,1,210,0.0,1
NL_Solar,2030,1,211,0.0,1
NL_Solar,2030,1,212,0.0,1
NL_Solar,2030,1,213,0.0,1
NL_Solar,2030,1,214,0.0,1
NL_Solar,2030,1,215,0.0,1
NL_Solar,2030,1,216,0.0,1
NL_Solar,2030,1,217,0.0,1
NL_Solar,2030,1,218,0.0,1
NL_Solar,2030,1,219,0.0,1
NL_Solar,2030,1,220,0.0,1
NL_Solar,2030,1,221,0.0,1
NL_Solar,2030,1,222,0.0,1
NL_Solar,2030,1,223,0.0,1
NL_Solar,2030,1,224,0.0,1
NL_Solar,2030,1,225,0.0,1
NL_Solar,2030,1,226,0.0,1
NL_Solar,2030,1,227,0.0,1
NL_Solar,2030,1,228,0.0,1
NL_Solar,2030,1,229,0.0,1
NL_Solar,2030,1,230,0.001366077,1
NL_Solar,2030,1,231,0.002732154,1
NL_Solar,2030,1,232,0.004098231,1
NL_Solar,2030,1,233,0.005464308,1
NL_Solar,2030,1,234,0.0091617435,1
NL_Solar,2030,1,235,0.012859178999999998,1
NL_Solar,2030,1,236,0.0165566145,1
NL_Solar,2030,1,237,0.02025405,1
NL_Solar,2030,1,238,0.02395741,1
NL_Solar,2030,1,239,0.02766077,1
NL_Solar,2030,1,240,0.031364130000000004,1
NL_Solar,2030,1,241,0.03506749,1
NL_Solar,2030,1,242,0.037702519749999996,1
NL_Solar,2030,1,243,0.0403375495,1
NL_Solar,2030,1,244,0.042972579250000004,1
NL_Solar,2030,1,245,0.045607609,1
NL_Solar,2030,1,246,0.04301442875,1
NL_Solar,2030,1,247,0.0404212485,1
NL_Solar,2030,1,248,0.03782806825,1
NL_Solar,2030,1,249,0.035234888,1
NL_Solar,2030,1,250,0.029884560249999997,1
NL_Solar,2030,1,251,0.0245342325,1
NL_Solar,2030,1,252,0.01918390475,1
NL_Solar,2030,1,253,0.013833577,1
NL_Solar,2030,1,254,0.01037518275,1
NL_Solar,2030,1,255,0.0069167885,1
NL_Solar,2030,1,256,0.00345839425,1
NL_Solar,2030,1,257,0.0,1
NL_Solar,2030,1,258,0.0,1
NL_Solar,2030,1,259,0.0,1
NL_Solar,2030,1,260,0.0,1
NL_Solar,2030,1,261,0.0,1
NL_Solar,2030,1,262,0.0,1
NL_Solar,2030,1,263,0.0,1
NL_Solar,2030,1,264,0.0,1
NL_Solar,2030,1,265,0.0,1
NL_Solar,2030,1,266,0.0,1
NL_Solar,2030,1,267,0.0,1
NL_Solar,2030,1,268,0.0,1
NL_Solar,2030,1,269,0.0,1
NL_Solar,2030,1,270,0.0,1
NL_Solar,2030,1,271,0.0,1
NL_Solar,2030,1,272,0.0,1
NL_Solar,2030,1,273,0.0,1
NL_Solar,2030,1,274,0.0,1
NL_Solar,2030,1,275,0.0,1
NL_Solar,2030,1,276,0.0,1
NL_Solar,2030,1,277,0.0,1
NL_Solar,2030,1,278,0.0,1
NL_Solar,2030,1,279,0.0,1
NL_Solar,2030,1,280,0.0,1
NL_Solar,2030,1,281,0.0,1
NL_Solar,2030,1,282,0.0,1
NL_Solar,2030,1,283,0.0,1
NL_Solar,2030,1,284,0.0,1
NL_Solar,2030,1,285,0.0,1
NL_Solar,2030,1,286,0.0,1
NL_Solar,2030,1,287,0.0,1
NL_Solar,2030,1,288,0.0,1
NL_Solar,2030,1,289,0.0,1
NL_Solar,2030,1,290,0.0,1
NL_Solar,2030,1,291,0.0,1
NL_Solar,2030,1,292,0.0,1
NL_Solar,2030,1,293,0.0,1
NL_Solar,2030,1,294,0.0,1
NL_Solar,2030,1,295,0.0,1
NL_Solar,2030,1,296,0.0,1
NL_Solar,2030,1,297,0.0,1
NL_Solar,2030,1,298,0.0,1
NL_Solar,2030,1,299,0.0,1
NL_Solar,2030,1,300,0.0,1
NL_Solar,2030,1,301,0.0,1
NL_Solar,2030,1,302,0.0,1
NL_Solar,2030,1,303,0.0,1
NL_Solar,2030,1,304,0.0,1
NL_Solar,2030,1,305,0.0,1
NL_Solar,2030,1,306,0.0,1
NL_Solar,2030,1,307,0.0,1
NL_Solar,2030,1,308,0.0,1
NL_Solar,2030,1,309,0.0,1
NL_Solar,2030,1,310,0.0,1
NL_Solar,2030,1,311,0.0,1
NL_Solar,2030,1,312,0.0,1
NL_Solar,2030,1,313,0.0,1
NL_Solar,2030,1,314,0.0,1
NL_Solar,2030,1,315,0.0,1
NL_Solar,2030,1,316,0.0,1
NL_Solar,2030,1,317,0.0,1
NL_Solar,2030,1,318,0.0,1
NL_Solar,2030,1,319,0.0,1
NL_Solar,2030,1,320,0.0,1
NL_Solar,2030,1,321,0.0,1
NL_Solar,2030,1,322,0.0,1
NL_Solar,2030,1,323,0.0,1
NL_Solar,2030,1,324,0.0,1
NL_Solar,2030,1,325,0.0,1
NL_Solar,2030,1,326,0.034429924,1
NL_Solar,2030,1,327,0.068859848,1
NL_Solar,2030,1,328,0.103289772,1
NL_Solar,2030,1,329,0.137719696,1
NL_Solar,2030,1,330,0.16386728625,1
NL_Solar,2030,1,331,0.19001487649999999,1
NL_Solar,2030,1,332,0.21616246675,1
NL_Solar,2030,1,333,0.242310057,1
NL_Solar,2030,1,334,0.25870652525,1
NL_Solar,2030,1,335,0.2751029935,1
NL_Solar,2030,1,336,0.29149946174999997,1
NL_Solar,2030,1,337,0.30789593,1
NL_Solar,2030,1,338,0.30957954825,1
NL_Solar,2030,1,339,0.31126316649999997,1
NL_Solar,2030,1,340,0.31294678475,1
NL_Solar,2030,1,341,0.314630403,1
NL_Solar,2030,1,342,0.3019565045,1
NL_Solar,2030,1,343,0.289282606,1
NL_Solar,2030,1,344,0.2766087075,1
NL_Solar,2030,1,345,0.263934809,1
NL_Solar,2030,1,346,0.24466174224999998,1
NL_Solar,2030,1,347,0.2253886755,1
NL_Solar,2030,1,348,0.20611560875,1
NL_Solar,2030,1,349,0.186842542,1
NL_Solar,2030,1,350,0.15680603175,1
NL_Solar,2030,1,351,0.1267695215,1
NL_Solar,2030,1,352,0.09673301125,1
NL_Solar,2030,1,353,0.066696501,1
NL_Solar,2030,1,354,0.05002237575,1
NL_Solar,2030,1,355,0.0333482505,1
NL_Solar,2030,1,356,0.016674125250000005,1
NL_Solar,2030,1,357,0.0,1
NL_Solar,2030,1,358,0.0,1
NL_Solar,2030,1,359,0.0,1
NL_Solar,2030,1,360,0.0,1
NL_Solar,2030,1,361,0.0,1
NL_Solar,2030,1,362,0.0,1
NL_Solar,2030,1,363,0.0,1
NL_Solar,2030,1,364,0.0,1
NL_Solar,2030,1,365,0.0,1
NL_Solar,2030,1,366,0.0,1
NL_Solar,2030,1,367,0.0,1
NL_Solar,2030,1,368,0.0,1
NL_Solar,2030,1,369,0.0,1
NL_Solar,2030,1,370,0.0,1
NL_Solar,2030,1,371,0.0,1
NL_Solar,2030,1,372,0.0,1
NL_Solar,2030,1,373,0.0,1
NL_Solar,2030,1,374,0.0,1
NL_Solar,2030,1,375,0.0,1
NL_Solar,2030,1,376,0.0,1
NL_Solar,2030,1,377,0.0,1
NL_Solar,2030,1,378,0.0,1
NL_Solar,2030,1,379,0.0,1
NL_Solar,2030,1,380,0.0,1
NL_Solar,2030,1,381,0.0,1
NL_Solar,2030,1,382,0.0,1
NL_Solar,2030,1,383,0.0,1
NL_Solar,2030,1,384,0.0,1
NL_Solar,2030,1,385,0.0,1
NL_Solar,2030,1,386,0.0,1
NL_Solar,2030,1,387,0.0,1
NL_Solar,2030,1,388,0.0,1
NL_Solar,2030,1,389,0.0,1
NL_Solar,2030,1,390,0.0,1
NL_Solar,2030,1,391,0.0,1
NL_Solar,2030,1,392,0.0,1
NL_Solar,2030,1,393,0.0,1
NL_Solar,2030,1,394,0.0,1
NL_Solar,2030,1,395,0.0,1
NL_Solar,2030,1,396,0.0,1
NL_Solar,2030,1,397,0.0,1
NL_Solar,2030,1,398,0.0,1
NL_Solar,2030,1,399,0.0,1
NL_Solar,2030,1,400,0.0,1
NL_Solar,2030,1,401,0.0,1
NL_Solar,2030,1,402,0.0,1
NL_Solar,2030,1,403,0.0,1
NL_Solar,2030,1,404,0.0,1
NL_Solar,2030,1,405,0.0,1
NL_Solar,2030,1,406,0.0,1
NL_Solar,2030,1,407,0.0,1
NL_Solar,2030,1,408,0.0,1
NL_Solar,2030,1,409,0.0,1
NL_Solar,2030,1,410,0.0,1
NL_Solar,2030,1,411,0.0,1
NL_Solar,2030,1,412,0.0,1
NL_Solar,2030,1,413,0.0,1
NL_Solar,2030,1,414,0.0,1
NL_Solar,2030,1,415,0.0,1
NL_Solar,2030,1,416,0.0,1
NL_Solar,2030,1,417,0.0,1
NL_Solar,2030,1,418,0.0,1
NL_Solar,2030,1,419,0.0,1
NL_Solar,2030,1,420,0.0,1
NL_Solar,2030,1,421,0.0,1
NL_Solar,2030,1,422,0.01705242175,1
NL_Solar,2030,1,423,0.0341048435,1
NL_Solar,2030,1,424,0.05115726525,1
NL_Solar,2030,1,425,0.068209687,1
NL_Solar,2030,1,426,0.08697227975,1
NL_Solar,2030,1,427,0.1057348725,1
NL_Solar,2030,1,428,0.12449746525,1
NL_Solar,2030,1,429,0.143260058,1
NL_Solar,2030,1,430,0.16008621174999998,1
NL_Solar,2030,1,431,0.1769123655,1
NL_Solar,2030,1,432,0.19373851925000002,1
NL_Solar,2030,1,433,0.210564673,1
NL_Solar,2030,1,434,0.211386719,1
NL_Solar,2030,1,435,0.21220876500000002,1
NL_Solar,2030,1,436,0.21303081100000001,1
NL_Solar,2030,1,437,0.213852857,1
NL_Solar,2030,1,438,0.2000379195,1
NL_Solar,2030,1,439,0.186222982,1
NL_Solar,2030,1,440,0.17240804450000002,1
NL_Solar,2030,1,441,0.158593107,1
NL_Solar,2030,1,442,0.13929022700000002,1
NL_Solar,2030,1,443,0.11998734700000001,1
NL_Solar,2030,1,444,0.100684467,1
NL_Solar,2030,1,445,0.081381587,1
NL_Solar,2030,1,446,0.06490164725,1
NL_Solar,2030,1,447,0.0484217075,1
NL_Solar,2030,1,448,0.03194176775,1
NL_Solar,2030,1,449,0.015461828,1
NL_Solar,2030,1,450,0.011596371000000001,1
NL_Solar,2030,1,451,0.007730914,1
NL_Solar,2030,1,452,0.0038654569999999992,1
NL_Solar,2030,1,453,0.0,1
NL_Solar,2030,1,454,0.0,1
NL_Solar,2030,1,455,0.0,1
NL_Solar,2030,1,456,0.0,1
NL_Solar,2030,1,457,0.0,1
NL_Solar,2030,1,458,0.0,1
NL_Solar,2030,1,459,0.0,1
NL_Solar,2030,1,460,0.0,1
NL_Solar,2030,1,461,0.0,1
NL_Solar,2030,1,462,0.0,1
NL_Solar,2030,1,463,0.0,1
NL_Solar,2030,1,464,0.0,1
NL_Solar,2030,1,465,0.0,1
NL_Solar,2030,1,466,0.0,1
NL_Solar,2030,1,467,0.0,1
NL_Solar,2030,1,468,0.0,1
NL_Solar,2030,1,469,0.0,1
NL_Solar,2030,1,470,0.0,1
NL_Solar,2030,1,471,0.0,1
NL_Solar,2030,1,472,0.0,1
NL_Solar,2030,1,473,0.0,1
NL_Solar,2030,1,474,0.0,1
NL_Solar,2030,1,475,0.0,1
NL_Solar,2030,1,476,0.0,1
NL_Solar,2030,1,477,0.0,1
NL_Solar,2030,1,478,0.0,1
NL_Solar,2030,1,479,0.0,1
NL_Solar,2030,1,480,0.0,1
NL_Solar,2030,1,481,0.0,1
NL_Solar,2030,1,482,0.0,1
NL_Solar,2030,1,483,0.0,1
NL_Solar,2030,1,484,0.0,1
NL_Solar,2030,1,485,0.0,1
NL_Solar,2030,1,486,0.0,1
NL_Solar,2030,1,487,0.0,1
NL_Solar,2030,1,488,0.0,1
NL_Solar,2030,1,489,0.0,1
NL_Solar,2030,1,490,0.0,1
NL_Solar,2030,1,491,0.0,1
NL_Solar,2030,1,492,0.0,1
NL_Solar,2030,1,493,0.0,1
NL_Solar,2030,1,494,0.0,1
NL_Solar,2030,1,495,0.0,1
NL_Solar,2030,1,496,0.0,1
NL_Solar,2030,1,497,0.0,1
NL_Solar,2030,1,498,0.0,1
NL_Solar,2030,1,499,0.0,1
NL_Solar,2030,1,500,0.0,1
NL_Solar,2030,1,501,0.0,1
NL_Solar,2030,1,502,0.0,1
NL_Solar,2030,1,503,0.0,1
NL_Solar,2030,1,504,0.0,1
NL_Solar,2030,1,505,0.0,1
NL_Solar,2030,1,506,0.0,1
NL_Solar,2030,1,507,0.0,1
NL_Solar,2030,1,508,0.0,1
NL_Solar,2030,1,509,0.0,1
NL_Solar,2030,1,510,0.0,1
NL_Solar,2030,1,511,0.0,1
NL_Solar,2030,1,512,0.0,1
NL_Solar,2030,1,513,0.0,1
NL_Solar,2030,1,514,0.0,1
NL_Solar,2030,1,515,0.0,1
NL_Solar,2030,1,516,0.0,1
NL_Solar,2030,1,517,0.0,1
NL_Solar,2030,1,518,0.01937675775,1
NL_Solar,2030,1,519,0.0387535155,1
NL_Solar,2030,1,520,0.05813027325,1
NL_Solar,2030,1,521,0.077507031,1
NL_Solar,2030,1,522,0.0994019715,1
NL_Solar,2030,1,523,0.121296912,1
NL_Solar,2030,1,524,0.1431918525,1
NL_Solar,2030,1,525,0.165086793,1
NL_Solar,2030,1,526,0.18267610025,1
NL_Solar,2030,1,527,0.2002654075,1
NL_Solar,2030,1,528,0.21785471475,1
NL_Solar,2030,1,529,0.235444022,1
NL_Solar,2030,1,530,0.23599669625,1
NL_Solar,2030,1,531,0.2365493705,1
NL_Solar,2030,1,532,0.23710204475,1
NL_Solar,2030,1,533,0.237654719,1
NL_Solar,2030,1,534,0.227064933,1
NL_Solar,2030,1,535,0.21647514699999998,1
NL_Solar,2030,1,536,0.205885361,1
NL_Solar,2030,1,537,0.195295575,1
NL_Solar,2030,1,538,0.1794109145,1
NL_Solar,2030,1,539,0.16352625399999998,1
NL_Solar,2030,1,540,0.1476415935,1
NL_Solar,2030,1,541,0.131756933,1
NL_Solar,2030,1,542,0.10947534375,1
NL_Solar,2030,1,543,0.0871937545,1
NL_Solar,2030,1,544,0.06491216525,1
NL_Solar,2030,1,545,0.042630576,1
NL_Solar,2030,1,546,0.031972932,1
NL_Solar,2030,1,547,0.021315288,1
NL_Solar,2030,1,548,0.010657644,1
NL_Solar,2030,1,549,0.0,1
NL_Solar,2030,1,550,0.0,1
NL_Solar,2030,1,551,0.0,1
NL_Solar,2030,1,552,0.0,1
NL_Solar,2030,1,553,0.0,1
NL_Solar,2030,1,554,0.0,1
NL_Solar,2030,1,555,0.0,1
NL_Solar,2030,1,556,0.0,1
NL_Solar,2030,1,557,0.0,1
NL_Solar,2030,1,558,0.0,1
NL_Solar,2030,1,559,0.0,1
NL_Solar,2030,1,560,0.0,1
NL_Solar,2030,1,561,0.0,1
NL_Solar,2030,1,562,0.0,1
NL_Solar,2030,1,563,0.0,1
NL_Solar,2030,1,564,0.0,1
NL_Solar,2030,1,565,0.0,1
NL_Solar,2030,1,566,0.0,1
NL_Solar,2030,1,567,0.0,1
NL_Solar,2030,1,568,0.0,1
NL_Solar,2030,1,569,0.0,1
NL_Solar,2030,1,570,0.0,1
NL_Solar,2030,1,571,0.0,1
NL_Solar,2030,1,572,0.0,1
NL_Solar,2030,1,573,0.0,1
NL_Solar,2030,1,574,0.0,1
NL_Solar,2030,1,575,0.0,1
NL_Solar,2030,1,576,0.0,1
NL_Solar,2030,1,577,0.0,1
NL_Solar,2030,1,578,0.0,1
NL_Solar,2030,1,579,0.0,1
NL_Solar,2030,1,580,0.0,1
NL_Solar,2030,1,581,0.0,1
NL_Solar,2030,1,582,0.0,1
NL_Solar,2030,1,583,0.0,1
NL_Solar,2030,1,584,0.0,1
NL_Solar,2030,1,585,0.0,1
NL_Solar,2030,1,586,0.0,1
NL_Solar,2030,1,587,0.0,1
NL_Solar,2030,1,588,0.0,1
NL_Solar,2030,1,589,0.0,1
NL_Solar,2030,1,590,0.0,1
NL_Solar,2030,1,591,0.0,1
NL_Solar,2030,1,592,0.0,1
NL_Solar,2030,1,593,0.0,1
NL_Solar,2030,1,594,0.0,1
NL_Solar,2030,1,595,0.0,1
NL_Solar,2030,1,596,0.0,1
NL_Solar,2030,1,597,0.0,1
NL_Solar,2030,1,598,0.0,1
NL_Solar,2030,1,599,0.0,1
NL_Solar,2030,1,600,0.0,1
NL_Solar,2030,1,601,0.0,1
NL_Solar,2030,1,602,0.0,1
NL_Solar,2030,1,603,0.0,1
NL_Solar,2030,1,604,0.0,1
NL_Solar,2030,1,605,0.0,1
NL_Solar,2030,1,606,0.0,1
NL_Solar,2030,1,607,0.0,1
NL_Solar,2030,1,608,0.0,1
NL_Solar,2030,1,609,0.0,1
NL_Solar,2030,1,610,0.0,1
NL_Solar,2030,1,611,0.0,1
NL_Solar,2030,1,612,0.0,1
NL_Solar,2030,1,613,0.0,1
NL_Solar,2030,1,614,0.036983938,1
NL_Solar,2030,1,615,0.073967876,1
NL_Solar,2030,1,616,0.11095181400000001,1
NL_Solar,2030,1,617,0.147935752,1
NL_Solar,2030,1,618,0.1797559715,1
NL_Solar,2030,1,619,0.21157619100000002,1
NL_Solar,2030,1,620,0.24339641050000002,1
NL_Solar,2030,1,621,0.27521663,1
NL_Solar,2030,1,622,0.29208541675,1
NL_Solar,2030,1,623,0.3089542035,1
NL_Solar,2030,1,624,0.32582299025,1
NL_Solar,2030,1,625,0.342691777,1
NL_Solar,2030,1,626,0.34260437675,1
NL_Solar,2030,1,627,0.3425169765,1
NL_Solar,2030,1,628,0.34242957625,1
NL_Solar,2030,1,629,0.342342176,1
NL_Solar,2030,1,630,0.32888555875000003,1
NL_Solar,2030,1,631,0.3154289415,1
NL_Solar,2030,1,632,0.30197232425,1
NL_Solar,2030,1,633,0.288515707,1
NL_Solar,2030,1,634,0.25926893,1
NL_Solar,2030,1,635,0.230022153,1
NL_Solar,2030,1,636,0.200775376,1
NL_Solar,2030,1,637,0.171528599,1
NL_Solar,2030,1,638,0.141124032,1
NL_Solar,2030,1,639,0.110719465,1
NL_Solar,2030,1,640,0.080314898,1
NL_Solar,2030,1,641,0.049910331,1
NL_Solar,2030,1,642,0.03743274825,1
NL_Solar,2030,1,643,0.0249551655,1
NL_Solar,2030,1,644,0.01247758275,1
NL_Solar,2030,1,645,0.0,1
NL_Solar,2030,1,646,0.0,1
NL_Solar,2030,1,647,0.0,1
NL_Solar,2030,1,648,0.0,1
NL_Solar,2030,1,649,0.0,1
NL_Solar,2030,1,650,0.0,1
NL_Solar,2030,1,651,0.0,1
NL_Solar,2030,1,652,0.0,1
NL_Solar,2030,1,653,0.0,1
NL_Solar,2030,1,654,0.0,1
NL_Solar,2030,1,655,0.0,1
NL_Solar,2030,1,656,0.0,1
NL_Solar,2030,1,657,0.0,1
NL_Solar,2030,1,658,0.0,1
NL_Solar,2030,1,659,0.0,1
NL_Solar,2030,1,660,0.0,1
NL_Solar,2030,1,661,0.0,1
NL_Solar,2030,1,662,0.0,1
NL_Solar,2030,1,663,0.0,1
NL_Solar,2030,1,664,0.0,1
NL_Solar,2030,1,665,0.0,1
NL_Solar,2030,1,666,0.0,1
NL_Solar,2030,1,667,0.0,1
NL_Solar,2030,1,668,0.0,1
NL_Solar,2030,1,669,0.0,1
NL_Solar,2030,1,670,0.0,1
NL_Solar,2030,1,671,0.0,1
NL_Solar,2030,1,672,0.0,1
NL_E_Demand,2030,1,1,0.633142247,1
NL_E_Demand,2030,1,2,0.63116653675,1
NL_E_Demand,2030,1,3,0.6291908265,1
NL_E_Demand,2030,1,4,0.62721511625,1
NL_E_Demand,2030,1,5,0.625239406,1
NL_E_Demand,2030,1,6,0.62420708775,1
NL_E_Demand,2030,1,7,0.6231747695000001,1
NL_E_Demand,2030,1,8,0.62214245125,1
NL_E_Demand,2030,1,9,0.621110133,1
NL_E_Demand,2030,1,10,0.6207713595,1
NL_E_Demand,2030,1,11,0.620432586,1
NL_E_Demand,2030,1,12,0.6200938125,1
NL_E_Demand,2030,1,13,0.619755039,1
NL_E_Demand,2030,1,14,0.619816591,1
NL_E_Demand,2030,1,15,0.619878143,1
NL_E_Demand,2030,1,16,0.619939695,1
NL_E_Demand,2030,1,17,0.620001247,1
NL_E_Demand,2030,1,18,0.62181785925,1
NL_E_Demand,2030,1,19,0.6236344715,1
NL_E_Demand,2030,1,20,0.62545108375,1
NL_E_Demand,2030,1,21,0.627267696,1
NL_E_Demand,2030,1,22,0.63732022675,1
NL_E_Demand,2030,1,23,0.6473727575,1
NL_E_Demand,2030,1,24,0.65742528825,1
NL_E_Demand,2030,1,25,0.667477819,1
NL_E_Demand,2030,1,26,0.67473414825,1
NL_E_Demand,2030,1,27,0.6819904775000001,1
NL_E_Demand,2030,1,28,0.68924680675,1
NL_E_Demand,2030,1,29,0.696503136,1
NL_E_Demand,2030,1,30,0.7002275195000001,1
NL_E_Demand,2030,1,31,0.703951903,1
NL_E_Demand,2030,1,32,0.7076762864999999,1
NL_E_Demand,2030,1,33,0.71140067,1
NL_E_Demand,2030,1,34,0.71596571925,1
NL_E_Demand,2030,1,35,0.7205307685,1
NL_E_Demand,2030,1,36,0.72509581775,1
NL_E_Demand,2030,1,37,0.729660867,1
NL_E_Demand,2030,1,38,0.731433379,1
NL_E_Demand,2030,1,39,0.733205891,1
NL_E_Demand,2030,1,40,0.734978403,1
NL_E_Demand,2030,1,41,0.736750915,1
NL_E_Demand,2030,1,42,0.7373238535,1
NL_E_Demand,2030,1,43,0.737896792,1
NL_E_Demand,2030,1,44,0.7384697305000001,1
NL_E_Demand,2030,1,45,0.739042669,1
NL_E_Demand,2030,1,46,0.7396456925,1
NL_E_Demand,2030,1,47,0.740248716,1
NL_E_Demand,2030,1,48,0.7408517395,1
NL_E_Demand,2030,1,49,0.741454763,1
NL_E_Demand,2030,1,50,0.74173616725,1
NL_E_Demand,2030,1,51,0.7420175715,1
NL_E_Demand,2030,1,52,0.74229897575,1
NL_E_Demand,2030,1,53,0.74258038,1
NL_E_Demand,2030,1,54,0.7451783967500001,1
NL_E_Demand,2030,1,55,0.7477764135,1
NL_E_Demand,2030,1,56,0.75037443025,1
NL_E_Demand,2030,1,57,0.752972447,1
NL_E_Demand,2030,1,58,0.76025415475,1
NL_E_Demand,2030,1,59,0.7675358624999999,1
NL_E_Demand,2030,1,60,0.77481757025,1
NL_E_Demand,2030,1,61,0.782099278,1
NL_E_Demand,2030,1,62,0.79505005375,1
NL_E_Demand,2030,1,63,0.8080008295000001,1
NL_E_Demand,2030,1,64,0.82095160525,1
NL_E_Demand,2030,1,65,0.833902381,1
NL_E_Demand,2030,1,66,0.83245682125,1
NL_E_Demand,2030,1,67,0.8310112615,1
NL_E_Demand,2030,1,68,0.82956570175,1
NL_E_Demand,2030,1,69,0.828120142,1
NL_E_Demand,2030,1,70,0.825654491,1
NL_E_Demand,2030,1,71,0.82318884,1
NL_E_Demand,2030,1,72,0.820723189,1
NL_E_Demand,2030,1,73,0.818257538,1
NL_E_Demand,2030,1,74,0.8138247045,1
NL_E_Demand,2030,1,75,0.809391871,1
NL_E_Demand,2030,1,76,0.8049590375,1
NL_E_Demand,2030,1,77,0.800526204,1
NL_E_Demand,2030,1,78,0.7936402579999999,1
NL_E_Demand,2030,1,79,0.786754312,1
NL_E_Demand,2030,1,80,0.779868366,1
NL_E_Demand,2030,1,81,0.77298242,1
NL_E_Demand,2030,1,82,0.76448207625,1
NL_E_Demand,2030,1,83,0.7559817325,1
NL_E_Demand,2030,1,84,0.7474813887499999,1
NL_E_Demand,2030,1,85,0.738981045,1
NL_E_Demand,2030,1,86,0.7315006037499999,1
NL_E_Demand,2030,1,87,0.7240201625,1
NL_E_Demand,2030,1,88,0.71653972125,1
NL_E_Demand,2030,1,89,0.70905928,1
NL_E_Demand,2030,1,90,0.70288942275,1
NL_E_Demand,2030,1,91,0.6967195655,1
NL_E_Demand,2030,1,92,0.69054970825,1
NL_E_Demand,2030,1,93,0.684379851,1
NL_E_Demand,2030,1,94,0.70076475875,1
NL_E_Demand,2030,1,95,0.7171496665,1
NL_E_Demand,2030,1,96,0.73353457425,1
NL_E_Demand,2030,1,97,0.749919482,1
NL_E_Demand,2030,1,98,0.74715209725,1
NL_E_Demand,2030,1,99,0.7443847125,1
NL_E_Demand,2030,1,100,0.74161732775,1
NL_E_Demand,2030,1,101,0.738849943,1
NL_E_Demand,2030,1,102,0.7383161752499999,1
NL_E_Demand,2030,1,103,0.7377824074999999,1
NL_E_Demand,2030,1,104,0.73724863975,1
NL_E_Demand,2030,1,105,0.736714872,1
NL_E_Demand,2030,1,106,0.7383803194999999,1
NL_E_Demand,2030,1,107,0.740045767,1
NL_E_Demand,2030,1,108,0.7417112145,1
NL_E_Demand,2030,1,109,0.743376662,1
NL_E_Demand,2030,1,110,0.74788307025,1
NL_E_Demand,2030,1,111,0.7523894785,1
NL_E_Demand,2030,1,112,0.75689588675,1
NL_E_Demand,2030,1,113,0.761402295,1
NL_E_Demand,2030,1,114,0.75913967125,1
NL_E_Demand,2030,1,115,0.7568770475,1
NL_E_Demand,2030,1,116,0.75461442375,1
NL_E_Demand,2030,1,117,0.7523518,1
NL_E_Demand,2030,1,118,0.76599407875,1
NL_E_Demand,2030,1,119,0.7796363575,1
NL_E_Demand,2030,1,120,0.79327863625,1
NL_E_Demand,2030,1,121,0.806920915,1
NL_E_Demand,2030,1,122,0.8170364965,1
NL_E_Demand,2030,1,123,0.8271520779999999,1
NL_E_Demand,2030,1,124,0.8372676594999999,1
NL_E_Demand,2030,1,125,0.847383241,1
NL_E_Demand,2030,1,126,0.8523641405,1
NL_E_Demand,2030,1,127,0.85734504,1
NL_E_Demand,2030,1,128,0.8623259395,1
NL_E_Demand,2030,1,129,0.867306839,1
NL_E_Demand,2030,1,130,0.871424842,1
NL_E_Demand,2030,1,131,0.875542845,1
NL_E_Demand,2030,1,132,0.879660848,1
NL_E_Demand,2030,1,133,0.883778851,1
NL_E_Demand,2030,1,134,0.8843980925,1
NL_E_Demand,2030,1,135,0.885017334,1
NL_E_Demand,2030,1,136,0.8856365755,1
NL_E_Demand,2030,1,137,0.886255817,1
NL_E_Demand,2030,1,138,0.8870254875,1
NL_E_Demand,2030,1,139,0.887795158,1
NL_E_Demand,2030,1,140,0.8885648285,1
NL_E_Demand,2030,1,141,0.889334499,1
NL_E_Demand,2030,1,142,0.89315964975,1
NL_E_Demand,2030,1,143,0.8969848005,1
NL_E_Demand,2030,1,144,0.90080995125,1
NL_E_Demand,2030,1,145,0.904635102,1
NL_E_Demand,2030,1,146,0.904828277,1
NL_E_Demand,2030,1,147,0.905021452,1
NL_E_Demand,2030,1,148,0.905214627,1
NL_E_Demand,2030,1,149,0.905407802,1
NL_E_Demand,2030,1,150,0.90497329275,1
NL_E_Demand,2030,1,151,0.9045387835,1
NL_E_Demand,2030,1,152,0.90410427425,1
NL_E_Demand,2030,1,153,0.903669765,1
NL_E_Demand,2030,1,154,0.911890213,1
NL_E_Demand,2030,1,155,0.920110661,1
NL_E_Demand,2030,1,156,0.928331109,1
NL_E_Demand,2030,1,157,0.936551557,1
NL_E_Demand,2030,1,158,0.9465488335000001,1
NL_E_Demand,2030,1,159,0.95654611,1
NL_E_Demand,2030,1,160,0.9665433864999999,1
NL_E_Demand,2030,1,161,0.976540663,1
NL_E_Demand,2030,1,162,0.97004592825,1
NL_E_Demand,2030,1,163,0.9635511935000001,1
NL_E_Demand,2030,1,164,0.95705645875,1
NL_E_Demand,2030,1,165,0.950561724,1
NL_E_Demand,2030,1,166,0.94437143425,1
NL_E_Demand,2030,1,167,0.9381811445,1
NL_E_Demand,2030,1,168,0.93199085475,1
NL_E_Demand,2030,1,169,0.925800565,1
NL_E_Demand,2030,1,170,0.91683991875,1
NL_E_Demand,2030,1,171,0.9078792725,1
NL_E_Demand,2030,1,172,0.89891862625,1
NL_E_Demand,2030,1,173,0.88995798,1
NL_E_Demand,2030,1,174,0.87962198025,1
NL_E_Demand,2030,1,175,0.8692859804999999,1
NL_E_Demand,2030,1,176,0.85894998075,1
NL_E_Demand,2030,1,177,0.848613981,1
NL_E_Demand,2030,1,178,0.83767299975,1
NL_E_Demand,2030,1,179,0.8267320185,1
NL_E_Demand,2030,1,180,0.81579103725,1
NL_E_Demand,2030,1,181,0.804850056,1
NL_E_Demand,2030,1,182,0.793199459,1
NL_E_Demand,2030,1,183,0.781548862,1
NL_E_Demand,2030,1,184,0.769898265,1
NL_E_Demand,2030,1,185,0.758247668,1
NL_E_Demand,2030,1,186,0.7513782855,1
NL_E_Demand,2030,1,187,0.744508903,1
NL_E_Demand,2030,1,188,0.7376395205,1
NL_E_Demand,2030,1,189,0.730770138,1
NL_E_Demand,2030,1,190,0.73652365375,1
NL_E_Demand,2030,1,191,0.7422771695,1
NL_E_Demand,2030,1,192,0.74803068525,1
NL_E_Demand,2030,1,193,0.753784201,1
NL_E_Demand,2030,1,194,0.7501138940000001,1
NL_E_Demand,2030,1,195,0.746443587,1
NL_E_Demand,2030,1,196,0.74277328,1
NL_E_Demand,2030,1,197,0.739102973,1
NL_E_Demand,2030,1,198,0.7374998620000001,1
NL_E_Demand,2030,1,199,0.7358967510000001,1
NL_E_Demand,2030,1,200,0.73429364,1
NL_E_Demand,2030,1,201,0.732690529,1
NL_E_Demand,2030,1,202,0.73348539675,1
NL_E_Demand,2030,1,203,0.7342802645,1
NL_E_Demand,2030,1,204,0.73507513225,1
NL_E_Demand,2030,1,205,0.73587,1
NL_E_Demand,2030,1,206,0.7398806335,1
NL_E_Demand,2030,1,207,0.743891267,1
NL_E_Demand,2030,1,208,0.7479019005,1
NL_E_Demand,2030,1,209,0.751912534,1
NL_E_Demand,2030,1,210,0.7496079285,1
NL_E_Demand,2030,1,211,0.747303323,1
NL_E_Demand,2030,1,212,0.7449987175,1
NL_E_Demand,2030,1,213,0.742694112,1
NL_E_Demand,2030,1,214,0.75614597525,1
NL_E_Demand,2030,1,215,0.7695978385,1
NL_E_Demand,2030,1,216,0.78304970175,1
NL_E_Demand,2030,1,217,0.796501565,1
NL_E_Demand,2030,1,218,0.80800021575,1
NL_E_Demand,2030,1,219,0.8194988665,1
NL_E_Demand,2030,1,220,0.83099751725,1
NL_E_Demand,2030,1,221,0.842496168,1
NL_E_Demand,2030,1,222,0.8480821655,1
NL_E_Demand,2030,1,223,0.853668163,1
NL_E_Demand,2030,1,224,0.8592541605,1
NL_E_Demand,2030,1,225,0.864840158,1
NL_E_Demand,2030,1,226,0.8714229225000001,1
NL_E_Demand,2030,1,227,0.878005687,1
NL_E_Demand,2030,1,228,0.8845884515,1
NL_E_Demand,2030,1,229,0.891171216,1
NL_E_Demand,2030,1,230,0.8945752220000001,1
NL_E_Demand,2030,1,231,0.8979792280000001,1
NL_E_Demand,2030,1,232,0.901383234,1
NL_E_Demand,2030,1,233,0.90478724,1
NL_E_Demand,2030,1,234,0.90628511675,1
NL_E_Demand,2030,1,235,0.9077829935,1
NL_E_Demand,2030,1,236,0.90928087025,1
NL_E_Demand,2030,1,237,0.910778747,1
NL_E_Demand,2030,1,238,0.91538160275,1
NL_E_Demand,2030,1,239,0.9199844585000001,1
NL_E_Demand,2030,1,240,0.9245873142500001,1
NL_E_Demand,2030,1,241,0.92919017,1
NL_E_Demand,2030,1,242,0.929994184,1
NL_E_Demand,2030,1,243,0.930798198,1
NL_E_Demand,2030,1,244,0.931602212,1
NL_E_Demand,2030,1,245,0.932406226,1
NL_E_Demand,2030,1,246,0.93141295875,1
NL_E_Demand,2030,1,247,0.9304196915,1
NL_E_Demand,2030,1,248,0.92942642425,1
NL_E_Demand,2030,1,249,0.928433157,1
NL_E_Demand,2030,1,250,0.9351324735,1
NL_E_Demand,2030,1,251,0.94183179,1
NL_E_Demand,2030,1,252,0.9485311065,1
NL_E_Demand,2030,1,253,0.955230423,1
NL_E_Demand,2030,1,254,0.9603448427500001,1
NL_E_Demand,2030,1,255,0.9654592625,1
NL_E_Demand,2030,1,256,0.97057368225,1
NL_E_Demand,2030,1,257,0.975688102,1
NL_E_Demand,2030,1,258,0.967033285,1
NL_E_Demand,2030,1,259,0.958378468,1
NL_E_Demand,2030,1,260,0.949723651,1
NL_E_Demand,2030,1,261,0.941068834,1
NL_E_Demand,2030,1,262,0.93371171675,1
NL_E_Demand,2030,1,263,0.9263545995,1
NL_E_Demand,2030,1,264,0.91899748225,1
NL_E_Demand,2030,1,265,0.911640365,1
NL_E_Demand,2030,1,266,0.90168823075,1
NL_E_Demand,2030,1,267,0.8917360965000001,1
NL_E_Demand,2030,1,268,0.88178396225,1
NL_E_Demand,2030,1,269,0.871831828,1
NL_E_Demand,2030,1,270,0.8614563000000001,1
NL_E_Demand,2030,1,271,0.851080772,1
NL_E_Demand,2030,1,272,0.840705244,1
NL_E_Demand,2030,1,273,0.830329716,1
NL_E_Demand,2030,1,274,0.8191082727500001,1
NL_E_Demand,2030,1,275,0.8078868295,1
NL_E_Demand,2030,1,276,0.7966653862499999,1
NL_E_Demand,2030,1,277,0.785443943,1
NL_E_Demand,2030,1,278,0.774219315,1
NL_E_Demand,2030,1,279,0.762994687,1
NL_E_Demand,2030,1,280,0.751770059,1
NL_E_Demand,2030,1,281,0.740545431,1
NL_E_Demand,2030,1,282,0.7328945775,1
NL_E_Demand,2030,1,283,0.725243724,1
NL_E_Demand,2030,1,284,0.7175928705000001,1
NL_E_Demand,2030,1,285,0.709942017,1
NL_E_Demand,2030,1,286,0.7118684042500001,1
NL_E_Demand,2030,1,287,0.7137947915,1
NL_E_Demand,2030,1,288,0.71572117875,1
NL_E_Demand,2030,1,289,0.717647566,1
NL_E_Demand,2030,1,290,0.71400921075,1
NL_E_Demand,2030,1,291,0.7103708555,1
NL_E_Demand,2030,1,292,0.70673250025,1
NL_E_Demand,2030,1,293,0.703094145,1
NL_E_Demand,2030,1,294,0.70145941975,1
NL_E_Demand,2030,1,295,0.6998246945,1
NL_E_Demand,2030,1,296,0.69818996925,1
NL_E_Demand,2030,1,297,0.696555244,1
NL_E_Demand,2030,1,298,0.69731503925,1
NL_E_Demand,2030,1,299,0.6980748345000001,1
NL_E_Demand,2030,1,300,0.69883462975,1
NL_E_Demand,2030,1,301,0.699594425,1
NL_E_Demand,2030,1,302,0.70420180925,1
NL_E_Demand,2030,1,303,0.7088091935,1
NL_E_Demand,2030,1,304,0.71341657775,1
NL_E_Demand,2030,1,305,0.718023962,1
NL_E_Demand,2030,1,306,0.71640867175,1
NL_E_Demand,2030,1,307,0.7147933815,1
NL_E_Demand,2030,1,308,0.71317809125,1
NL_E_Demand,2030,1,309,0.711562801,1
NL_E_Demand,2030,1,310,0.7251228775,1
NL_E_Demand,2030,1,311,0.738682954,1
NL_E_Demand,2030,1,312,0.7522430305,1
NL_E_Demand,2030,1,313,0.765803107,1
NL_E_Demand,2030,1,314,0.777031952,1
NL_E_Demand,2030,1,315,0.788260797,1
NL_E_Demand,2030,1,316,0.7994896420000001,1
NL_E_Demand,2030,1,317,0.810718487,1
NL_E_Demand,2030,1,318,0.8152064292500001,1
NL_E_Demand,2030,1,319,0.8196943715,1
NL_E_Demand,2030,1,320,0.82418231375,1
NL_E_Demand,2030,1,321,0.828670256,1
NL_E_Demand,2030,1,322,0.8327912645,1
NL_E_Demand,2030,1,323,0.836912273,1
NL_E_Demand,2030,1,324,0.8410332815,1
NL_E_Demand,2030,1,325,0.84515429,1
NL_E_Demand,2030,1,326,0.8461567605,1
NL_E_Demand,2030,1,327,0.847159231,1
NL_E_Demand,2030,1,328,0.8481617015,1
NL_E_Demand,2030,1,329,0.849164172,1
NL_E_Demand,2030,1,330,0.84882506975,1
NL_E_Demand,2030,1,331,0.8484859675,1
NL_E_Demand,2030,1,332,0.84814686525,1
NL_E_Demand,2030,1,333,0.847807763,1
NL_E_Demand,2030,1,334,0.85361044175,1
NL_E_Demand,2030,1,335,0.8594131205,1
NL_E_Demand,2030,1,336,0.86521579925,1
NL_E_Demand,2030,1,337,0.871018478,1
NL_E_Demand,2030,1,338,0.8727871005,1
NL_E_Demand,2030,1,339,0.8745557230000001,1
NL_E_Demand,2030,1,340,0.8763243455,1
NL_E_Demand,2030,1,341,0.878092968,1
NL_E_Demand,2030,1,342,0.87859239175,1
NL_E_Demand,2030,1,343,0.8790918155,1
NL_E_Demand,2030,1,344,0.87959123925,1
NL_E_Demand,2030,1,345,0.880090663,1
NL_E_Demand,2030,1,346,0.8875632680000001,1
NL_E_Demand,2030,1,347,0.8950358730000001,1
NL_E_Demand,2030,1,348,0.902508478,1
NL_E_Demand,2030,1,349,0.909981083,1
NL_E_Demand,2030,1,350,0.9143869565,1
NL_E_Demand,2030,1,351,0.91879283,1
NL_E_Demand,2030,1,352,0.9231987035,1
NL_E_Demand,2030,1,353,0.927604577,1
NL_E_Demand,2030,1,354,0.92032533575,1
NL_E_Demand,2030,1,355,0.9130460945000001,1
NL_E_Demand,2030,1,356,0.9057668532500001,1
NL_E_Demand,2030,1,357,0.898487612,1
NL_E_Demand,2030,1,358,0.8916139705,1
NL_E_Demand,2030,1,359,0.884740329,1
NL_E_Demand,2030,1,360,0.8778666875000001,1
NL_E_Demand,2030,1,361,0.870993046,1
NL_E_Demand,2030,1,362,0.86110839925,1
NL_E_Demand,2030,1,363,0.8512237525,1
NL_E_Demand,2030,1,364,0.84133910575,1
NL_E_Demand,2030,1,365,0.831454459,1
NL_E_Demand,2030,1,366,0.82003877825,1
NL_E_Demand,2030,1,367,0.8086230974999999,1
NL_E_Demand,2030,1,368,0.79720741675,1
NL_E_Demand,2030,1,369,0.785791736,1
NL_E_Demand,2030,1,370,0.77434225225,1
NL_E_Demand,2030,1,371,0.7628927685,1
NL_E_Demand,2030,1,372,0.75144328475,1
NL_E_Demand,2030,1,373,0.739993801,1
NL_E_Demand,2030,1,374,0.728201511,1
NL_E_Demand,2030,1,375,0.7164092209999999,1
NL_E_Demand,2030,1,376,0.704616931,1
NL_E_Demand,2030,1,377,0.692824641,1
NL_E_Demand,2030,1,378,0.68496583075,1
NL_E_Demand,2030,1,379,0.6771070205,1
NL_E_Demand,2030,1,380,0.66924821025,1
NL_E_Demand,2030,1,381,0.6613894,1
NL_E_Demand,2030,1,382,0.66178499425,1
NL_E_Demand,2030,1,383,0.6621805885000001,1
NL_E_Demand,2030,1,384,0.66257618275,1
NL_E_Demand,2030,1,385,0.662971777,1
NL_E_Demand,2030,1,386,0.6588099992500001,1
NL_E_Demand,2030,1,387,0.6546482215,1
NL_E_Demand,2030,1,388,0.65048644375,1
NL_E_Demand,2030,1,389,0.646324666,1
NL_E_Demand,2030,1,390,0.644706993,1
NL_E_Demand,2030,1,391,0.6430893200000001,1
NL_E_Demand,2030,1,392,0.641471647,1
NL_E_Demand,2030,1,393,0.639853974,1
NL_E_Demand,2030,1,394,0.64070664175,1
NL_E_Demand,2030,1,395,0.6415593095000001,1
NL_E_Demand,2030,1,396,0.64241197725,1
NL_E_Demand,2030,1,397,0.643264645,1
NL_E_Demand,2030,1,398,0.6477889960000001,1
NL_E_Demand,2030,1,399,0.652313347,1
NL_E_Demand,2030,1,400,0.6568376979999999,1
NL_E_Demand,2030,1,401,0.661362049,1
NL_E_Demand,2030,1,402,0.6591514912499999,1
NL_E_Demand,2030,1,403,0.6569409335,1
NL_E_Demand,2030,1,404,0.65473037575,1
NL_E_Demand,2030,1,405,0.652519818,1
NL_E_Demand,2030,1,406,0.6659238307500001,1
NL_E_Demand,2030,1,407,0.6793278435000001,1
NL_E_Demand,2030,1,408,0.69273185625,1
NL_E_Demand,2030,1,409,0.706135869,1
NL_E_Demand,2030,1,410,0.71779593875,1
NL_E_Demand,2030,1,411,0.7294560085,1
NL_E_Demand,2030,1,412,0.74111607825,1
NL_E_Demand,2030,1,413,0.752776148,1
NL_E_Demand,2030,1,414,0.757850269,1
NL_E_Demand,2030,1,415,0.76292439,1
NL_E_Demand,2030,1,416,0.767998511,1
NL_E_Demand,2030,1,417,0.773072632,1
NL_E_Demand,2030,1,418,0.77809568275,1
NL_E_Demand,2030,1,419,0.7831187335,1
NL_E_Demand,2030,1,420,0.78814178425,1
NL_E_Demand,2030,1,421,0.793164835,1
NL_E_Demand,2030,1,422,0.7949795435,1
NL_E_Demand,2030,1,423,0.796794252,1
NL_E_Demand,2030,1,424,0.7986089605,1
NL_E_Demand,2030,1,425,0.800423669,1
NL_E_Demand,2030,1,426,0.7999711945,1
NL_E_Demand,2030,1,427,0.79951872,1
NL_E_Demand,2030,1,428,0.7990662454999999,1
NL_E_Demand,2030,1,429,0.798613771,1
NL_E_Demand,2030,1,430,0.8026347805,1
NL_E_Demand,2030,1,431,0.80665579,1
NL_E_Demand,2030,1,432,0.8106767994999999,1
NL_E_Demand,2030,1,433,0.814697809,1
NL_E_Demand,2030,1,434,0.8157407965,1
NL_E_Demand,2030,1,435,0.8167837840000001,1
NL_E_Demand,2030,1,436,0.8178267715,1
NL_E_Demand,2030,1,437,0.818869759,1
NL_E_Demand,2030,1,438,0.8184881095000001,1
NL_E_Demand,2030,1,439,0.8181064600000001,1
NL_E_Demand,2030,1,440,0.8177248105,1
NL_E_Demand,2030,1,441,0.817343161,1
NL_E_Demand,2030,1,442,0.823038787,1
NL_E_Demand,2030,1,443,0.8287344130000001,1
NL_E_Demand,2030,1,444,0.834430039,1
NL_E_Demand,2030,1,445,0.840125665,1
NL_E_Demand,2030,1,446,0.84828950975,1
NL_E_Demand,2030,1,447,0.8564533544999999,1
NL_E_Demand,2030,1,448,0.86461719925,1
NL_E_Demand,2030,1,449,0.872781044,1
NL_E_Demand,2030,1,450,0.866164564,1
NL_E_Demand,2030,1,451,0.859548084,1
NL_E_Demand,2030,1,452,0.852931604,1
NL_E_Demand,2030,1,453,0.846315124,1
NL_E_Demand,2030,1,454,0.8389800482499999,1
NL_E_Demand,2030,1,455,0.8316449724999999,1
NL_E_Demand,2030,1,456,0.82430989675,1
NL_E_Demand,2030,1,457,0.816974821,1
NL_E_Demand,2030,1,458,0.80729802675,1
NL_E_Demand,2030,1,459,0.7976212325,1
NL_E_Demand,2030,1,460,0.78794443825,1
NL_E_Demand,2030,1,461,0.778267644,1
NL_E_Demand,2030,1,462,0.7683623015000001,1
NL_E_Demand,2030,1,463,0.7584569590000001,1
NL_E_Demand,2030,1,464,0.7485516165,1
NL_E_Demand,2030,1,465,0.738646274,1
NL_E_Demand,2030,1,466,0.7297823667500001,1
NL_E_Demand,2030,1,467,0.7209184595,1
NL_E_Demand,2030,1,468,0.7120545522499999,1
NL_E_Demand,2030,1,469,0.703190645,1
NL_E_Demand,2030,1,470,0.6937593692499999,1
NL_E_Demand,2030,1,471,0.6843280935,1
NL_E_Demand,2030,1,472,0.67489681775,1
NL_E_Demand,2030,1,473,0.665465542,1
NL_E_Demand,2030,1,474,0.6588457645,1
NL_E_Demand,2030,1,475,0.652225987,1
NL_E_Demand,2030,1,476,0.6456062095,1
NL_E_Demand,2030,1,477,0.638986432,1
NL_E_Demand,2030,1,478,0.636001292,1
NL_E_Demand,2030,1,479,0.6330161519999999,1
NL_E_Demand,2030,1,480,0.630031012,1
NL_E_Demand,2030,1,481,0.627045872,1
NL_E_Demand,2030,1,482,0.623227491,1
NL_E_Demand,2030,1,483,0.61940911,1
NL_E_Demand,2030,1,484,0.615590729,1
NL_E_Demand,2030,1,485,0.611772348,1
NL_E_Demand,2030,1,486,0.6099387265,1
NL_E_Demand,2030,1,487,0.608105105,1
NL_E_Demand,2030,1,488,0.6062714835,1
NL_E_Demand,2030,1,489,0.604437862,1
NL_E_Demand,2030,1,490,0.603575219,1
NL_E_Demand,2030,1,491,0.602712576,1
NL_E_Demand,2030,1,492,0.601849933,1
NL_E_Demand,2030,1,493,0.60098729,1
NL_E_Demand,2030,1,494,0.6008433464999999,1
NL_E_Demand,2030,1,495,0.6006994029999999,1
NL_E_Demand,2030,1,496,0.6005554595,1
NL_E_Demand,2030,1,497,0.600411516,1
NL_E_Demand,2030,1,498,0.60215273475,1
NL_E_Demand,2030,1,499,0.6038939535,1
NL_E_Demand,2030,1,500,0.60563517225,1
NL_E_Demand,2030,1,501,0.607376391,1
NL_E_Demand,2030,1,502,0.617791645,1
NL_E_Demand,2030,1,503,0.628206899,1
NL_E_Demand,2030,1,504,0.638622153,1
NL_E_Demand,2030,1,505,0.649037407,1
NL_E_Demand,2030,1,506,0.659993153,1
NL_E_Demand,2030,1,507,0.670948899,1
NL_E_Demand,2030,1,508,0.6819046449999999,1
NL_E_Demand,2030,1,509,0.692860391,1
NL_E_Demand,2030,1,510,0.69874955475,1
NL_E_Demand,2030,1,511,0.7046387185,1
NL_E_Demand,2030,1,512,0.71052788225,1
NL_E_Demand,2030,1,513,0.716417046,1
NL_E_Demand,2030,1,514,0.71684853875,1
NL_E_Demand,2030,1,515,0.7172800315000001,1
NL_E_Demand,2030,1,516,0.7177115242500001,1
NL_E_Demand,2030,1,517,0.718143017,1
NL_E_Demand,2030,1,518,0.71445063275,1
NL_E_Demand,2030,1,519,0.7107582485,1
NL_E_Demand,2030,1,520,0.7070658642500001,1
NL_E_Demand,2030,1,521,0.70337348,1
NL_E_Demand,2030,1,522,0.701561755,1
NL_E_Demand,2030,1,523,0.69975003,1
NL_E_Demand,2030,1,524,0.6979383050000001,1
NL_E_Demand,2030,1,525,0.69612658,1
NL_E_Demand,2030,1,526,0.694902398,1
NL_E_Demand,2030,1,527,0.693678216,1
NL_E_Demand,2030,1,528,0.692454034,1
NL_E_Demand,2030,1,529,0.691229852,1
NL_E_Demand,2030,1,530,0.69200061,1
NL_E_Demand,2030,1,531,0.692771368,1
NL_E_Demand,2030,1,532,0.693542126,1
NL_E_Demand,2030,1,533,0.694312884,1
NL_E_Demand,2030,1,534,0.69699204375,1
NL_E_Demand,2030,1,535,0.6996712035,1
NL_E_Demand,2030,1,536,0.70235036325,1
NL_E_Demand,2030,1,537,0.705029523,1
NL_E_Demand,2030,1,538,0.71168461475,1
NL_E_Demand,2030,1,539,0.7183397065,1
NL_E_Demand,2030,1,540,0.72499479825,1
NL_E_Demand,2030,1,541,0.73164989,1
NL_E_Demand,2030,1,542,0.746711539,1
NL_E_Demand,2030,1,543,0.761773188,1
NL_E_Demand,2030,1,544,0.776834837,1
NL_E_Demand,2030,1,545,0.791896486,1
NL_E_Demand,2030,1,546,0.7924215567499999,1
NL_E_Demand,2030,1,547,0.7929466275,1
NL_E_Demand,2030,1,548,0.7934716982500001,1
NL_E_Demand,2030,1,549,0.793996769,1
NL_E_Demand,2030,1,550,0.79076383225,1
NL_E_Demand,2030,1,551,0.7875308955,1
NL_E_Demand,2030,1,552,0.7842979587500001,1
NL_E_Demand,2030,1,553,0.781065022,1
NL_E_Demand,2030,1,554,0.7752173252500001,1
NL_E_Demand,2030,1,555,0.7693696285,1
NL_E_Demand,2030,1,556,0.7635219317499999,1
NL_E_Demand,2030,1,557,0.757674235,1
NL_E_Demand,2030,1,558,0.75030201675,1
NL_E_Demand,2030,1,559,0.7429297985,1
NL_E_Demand,2030,1,560,0.73555758025,1
NL_E_Demand,2030,1,561,0.728185362,1
NL_E_Demand,2030,1,562,0.7200184092499999,1
NL_E_Demand,2030,1,563,0.7118514565,1
NL_E_Demand,2030,1,564,0.70368450375,1
NL_E_Demand,2030,1,565,0.695517551,1
NL_E_Demand,2030,1,566,0.68820081375,1
NL_E_Demand,2030,1,567,0.6808840764999999,1
NL_E_Demand,2030,1,568,0.67356733925,1
NL_E_Demand,2030,1,569,0.666250602,1
NL_E_Demand,2030,1,570,0.6593170104999999,1
NL_E_Demand,2030,1,571,0.652383419,1
NL_E_Demand,2030,1,572,0.6454498275,1
NL_E_Demand,2030,1,573,0.638516236,1
NL_E_Demand,2030,1,574,0.62849433675,1
NL_E_Demand,2030,1,575,0.6184724374999999,1
NL_E_Demand,2030,1,576,0.60845053825,1
NL_E_Demand,2030,1,577,0.598428639,1
NL_E_Demand,2030,1,578,0.59425839875,1
NL_E_Demand,2030,1,579,0.5900881585,1
NL_E_Demand,2030,1,580,0.5859179182500001,1
NL_E_Demand,2030,1,581,0.581747678,1
NL_E_Demand,2030,1,582,0.57894431425,1
NL_E_Demand,2030,1,583,0.5761409505,1
NL_E_Demand,2030,1,584,0.57333758675,1
NL_E_Demand,2030,1,585,0.570534223,1
NL_E_Demand,2030,1,586,0.56854431175,1
NL_E_Demand,2030,1,587,0.5665544005,1
NL_E_Demand,2030,1,588,0.56456448925,1
NL_E_Demand,2030,1,589,0.562574578,1
NL_E_Demand,2030,1,590,0.5602965545,1
NL_E_Demand,2030,1,591,0.558018531,1
NL_E_Demand,2030,1,592,0.5557405074999999,1
NL_E_Demand,2030,1,593,0.553462484,1
NL_E_Demand,2030,1,594,0.5517809215,1
NL_E_Demand,2030,1,595,0.5500993590000001,1
NL_E_Demand,2030,1,596,0.5484177965,1
NL_E_Demand,2030,1,597,0.546736234,1
NL_E_Demand,2030,1,598,0.5536922565,1
NL_E_Demand,2030,1,599,0.560648279,1
NL_E_Demand,2030,1,600,0.5676043015000001,1
NL_E_Demand,2030,1,601,0.574560324,1
NL_E_Demand,2030,1,602,0.5827475485,1
NL_E_Demand,2030,1,603,0.5909347730000001,1
NL_E_Demand,2030,1,604,0.5991219975000001,1
NL_E_Demand,2030,1,605,0.607309222,1
NL_E_Demand,2030,1,606,0.6124674142500001,1
NL_E_Demand,2030,1,607,0.6176256065000001,1
NL_E_Demand,2030,1,608,0.62278379875,1
NL_E_Demand,2030,1,609,0.627941991,1
NL_E_Demand,2030,1,610,0.6300735847500001,1
NL_E_Demand,2030,1,611,0.6322051785,1
NL_E_Demand,2030,1,612,0.63433677225,1
NL_E_Demand,2030,1,613,0.636468366,1
NL_E_Demand,2030,1,614,0.636364946,1
NL_E_Demand,2030,1,615,0.636261526,1
NL_E_Demand,2030,1,616,0.636158106,1
NL_E_Demand,2030,1,617,0.636054686,1
NL_E_Demand,2030,1,618,0.63722734025,1
NL_E_Demand,2030,1,619,0.6383999945000001,1
NL_E_Demand,2030,1,620,0.63957264875,1
NL_E_Demand,2030,1,621,0.640745303,1
NL_E_Demand,2030,1,622,0.642751039,1
NL_E_Demand,2030,1,623,0.6447567750000001,1
NL_E_Demand,2030,1,624,0.646762511,1
NL_E_Demand,2030,1,625,0.648768247,1
NL_E_Demand,2030,1,626,0.6486760615,1
NL_E_Demand,2030,1,627,0.648583876,1
NL_E_Demand,2030,1,628,0.6484916905,1
NL_E_Demand,2030,1,629,0.648399505,1
NL_E_Demand,2030,1,630,0.65177691225,1
NL_E_Demand,2030,1,631,0.6551543195,1
NL_E_Demand,2030,1,632,0.6585317267499999,1
NL_E_Demand,2030,1,633,0.661909134,1
NL_E_Demand,2030,1,634,0.66824978775,1
NL_E_Demand,2030,1,635,0.6745904414999999,1
NL_E_Demand,2030,1,636,0.68093109525,1
NL_E_Demand,2030,1,637,0.687271749,1
NL_E_Demand,2030,1,638,0.7026852305,1
NL_E_Demand,2030,1,639,0.718098712,1
NL_E_Demand,2030,1,640,0.7335121935,1
NL_E_Demand,2030,1,641,0.748925675,1
NL_E_Demand,2030,1,642,0.7497474397499999,1
NL_E_Demand,2030,1,643,0.7505692045,1
NL_E_Demand,2030,1,644,0.75139096925,1
NL_E_Demand,2030,1,645,0.752212734,1
NL_E_Demand,2030,1,646,0.749649096,1
NL_E_Demand,2030,1,647,0.7470854579999999,1
NL_E_Demand,2030,1,648,0.74452182,1
NL_E_Demand,2030,1,649,0.741958182,1
NL_E_Demand,2030,1,650,0.736867897,1
NL_E_Demand,2030,1,651,0.7317776119999999,1
NL_E_Demand,2030,1,652,0.7266873269999999,1
NL_E_Demand,2030,1,653,0.721597042,1
NL_E_Demand,2030,1,654,0.7143207254999999,1
NL_E_Demand,2030,1,655,0.707044409,1
NL_E_Demand,2030,1,656,0.6997680925,1
NL_E_Demand,2030,1,657,0.692491776,1
NL_E_Demand,2030,1,658,0.6838977265,1
NL_E_Demand,2030,1,659,0.675303677,1
NL_E_Demand,2030,1,660,0.6667096275,1
NL_E_Demand,2030,1,661,0.658115578,1
NL_E_Demand,2030,1,662,0.65006828925,1
NL_E_Demand,2030,1,663,0.6420210005,1
NL_E_Demand,2030,1,664,0.63397371175,1
NL_E_Demand,2030,1,665,0.625926423,1
NL_E_Demand,2030,1,666,0.6199361975,1
NL_E_Demand,2030,1,667,0.613945972,1
NL_E_Demand,2030,1,668,0.6079557465000001,1
NL_E_Demand,2030,1,669,0.601965521,1
NL_E_Demand,2030,1,670,0.613995938,1
NL_E_Demand,2030,1,671,0.626026355,1
NL_E_Demand,2030,1,672,0.638056772,1
