profile_name,year,rep_period,timestep,value,scenario
NL_Wind_Onshore,2030,1,1,0.825758545,1
NL_Wind_Onshore,2030,1,2,0.842627145,1
NL_Wind_Onshore,2030,1,3,0.859495745,1
NL_Wind_Onshore,2030,1,4,0.8763643449999999,1
NL_Wind_Onshore,2030,1,5,0.893232945,1
NL_Wind_Onshore,2030,1,6,0.89466490675,1
NL_Wind_Onshore,2030,1,7,0.8960968684999999,1
NL_Wind_Onshore,2030,1,8,0.89752883025,1
NL_Wind_Onshore,2030,1,9,0.898960792,1
NL_Wind_Onshore,2030,1,10,0.90035847275,1
NL_Wind_Onshore,2030,1,11,0.9017561535,1
NL_Wind_Onshore,2030,1,12,0.90315383425,1
NL_Wind_Onshore,2030,1,13,0.904551515,1
NL_Wind_Onshore,2030,1,14,0.9083708079999999,1
NL_Wind_Onshore,2030,1,15,0.912190101,1
NL_Wind_Onshore,2030,1,16,0.916009394,1
NL_Wind_Onshore,2030,1,17,0.919828687,1
NL_Wind_Onshore,2030,1,18,0.9216246459999999,1
NL_Wind_Onshore,2030,1,19,0.923420605,1
NL_Wind_Onshore,2030,1,20,0.9252165640000001,1
NL_Wind_Onshore,2030,1,21,0.927012523,1
NL_Wind_Onshore,2030,1,22,0.92637684725,1
NL_Wind_Onshore,2030,1,23,0.9257411715,1
NL_Wind_Onshore,2030,1,24,0.92510549575,1
NL_Wind_Onshore,2030,1,25,0.92446982,1
NL_Wind_Onshore,2030,1,26,0.9202982657500001,1
NL_Wind_Onshore,2030,1,27,0.9161267115,1
NL_Wind_Onshore,2030,1,28,0.91195515725,1
NL_Wind_Onshore,2030,1,29,0.907783603,1
NL_Wind_Onshore,2030,1,30,0.8983837490000001,1
NL_Wind_Onshore,2030,1,31,0.888983895,1
NL_Wind_Onshore,2030,1,32,0.879584041,1
NL_Wind_Onshore,2030,1,33,0.870184187,1
NL_Wind_Onshore,2030,1,34,0.85941713925,1
NL_Wind_Onshore,2030,1,35,0.8486500914999999,1
NL_Wind_Onshore,2030,1,36,0.83788304375,1
NL_Wind_Onshore,2030,1,37,0.827115996,1
NL_Wind_Onshore,2030,1,38,0.8204652514999999,1
NL_Wind_Onshore,2030,1,39,0.813814507,1
NL_Wind_Onshore,2030,1,40,0.8071637625,1
NL_Wind_Onshore,2030,1,41,0.800513018,1
NL_Wind_Onshore,2030,1,42,0.8033488085,1
NL_Wind_Onshore,2030,1,43,0.8061845990000001,1
NL_Wind_Onshore,2030,1,44,0.8090203895,1
NL_Wind_Onshore,2030,1,45,0.81185618,1
NL_Wind_Onshore,2030,1,46,0.816941596,1
NL_Wind_Onshore,2030,1,47,0.822027012,1
NL_Wind_Onshore,2030,1,48,0.827112428,1
NL_Wind_Onshore,2030,1,49,0.832197844,1
NL_Wind_Onshore,2030,1,50,0.8107200382499999,1
NL_Wind_Onshore,2030,1,51,0.7892422324999999,1
NL_Wind_Onshore,2030,1,52,0.76776442675,1
NL_Wind_Onshore,2030,1,53,0.746286621,1
NL_Wind_Onshore,2030,1,54,0.70236204725,1
NL_Wind_Onshore,2030,1,55,0.6584374735,1
NL_Wind_Onshore,2030,1,56,0.61451289975,1
NL_Wind_Onshore,2030,1,57,0.570588326,1
NL_Wind_Onshore,2030,1,58,0.54568873225,1
NL_Wind_Onshore,2030,1,59,0.5207891385,1
NL_Wind_Onshore,2030,1,60,0.49588954475,1
NL_Wind_Onshore,2030,1,61,0.470989951,1
NL_Wind_Onshore,2030,1,62,0.45895560950000003,1
NL_Wind_Onshore,2030,1,63,0.446921268,1
NL_Wind_Onshore,2030,1,64,0.4348869265,1
NL_Wind_Onshore,2030,1,65,0.422852585,1
NL_Wind_Onshore,2030,1,66,0.41594076,1
NL_Wind_Onshore,2030,1,67,0.40902893500000004,1
NL_Wind_Onshore,2030,1,68,0.40211711,1
NL_Wind_Onshore,2030,1,69,0.395205285,1
NL_Wind_Onshore,2030,1,70,0.40829687575,1
NL_Wind_Onshore,2030,1,71,0.4213884665,1
NL_Wind_Onshore,2030,1,72,0.43448005725,1
NL_Wind_Onshore,2030,1,73,0.447571648,1
NL_Wind_Onshore,2030,1,74,0.47454818725,1
NL_Wind_Onshore,2030,1,75,0.5015247265,1
NL_Wind_Onshore,2030,1,76,0.52850126575,1
NL_Wind_Onshore,2030,1,77,0.555477805,1
NL_Wind_Onshore,2030,1,78,0.57281068925,1
NL_Wind_Onshore,2030,1,79,0.5901435735,1
NL_Wind_Onshore,2030,1,80,0.60747645775,1
NL_Wind_Onshore,2030,1,81,0.624809342,1
NL_Wind_Onshore,2030,1,82,0.62413220225,1
NL_Wind_Onshore,2030,1,83,0.6234550625,1
NL_Wind_Onshore,2030,1,84,0.6227779227500001,1
NL_Wind_Onshore,2030,1,85,0.622100783,1
NL_Wind_Onshore,2030,1,86,0.6221596175,1
NL_Wind_Onshore,2030,1,87,0.622218452,1
NL_Wind_Onshore,2030,1,88,0.6222772865,1
NL_Wind_Onshore,2030,1,89,0.622336121,1
NL_Wind_Onshore,2030,1,90,0.6183587850000001,1
NL_Wind_Onshore,2030,1,91,0.614381449,1
NL_Wind_Onshore,2030,1,92,0.610404113,1
NL_Wind_Onshore,2030,1,93,0.606426777,1
NL_Wind_Onshore,2030,1,94,0.6052809180000001,1
NL_Wind_Onshore,2030,1,95,0.6041350590000001,1
NL_Wind_Onshore,2030,1,96,0.6029892,1
NL_Wind_Onshore,2030,1,97,0.601843341,1
NL_Wind_Onshore,2030,1,98,0.582028435,1
NL_Wind_Onshore,2030,1,99,0.562213529,1
NL_Wind_Onshore,2030,1,100,0.542398623,1
NL_Wind_Onshore,2030,1,101,0.522583717,1
NL_Wind_Onshore,2030,1,102,0.5091216169999999,1
NL_Wind_Onshore,2030,1,103,0.495659517,1
NL_Wind_Onshore,2030,1,104,0.48219741699999996,1
NL_Wind_Onshore,2030,1,105,0.468735317,1
NL_Wind_Onshore,2030,1,106,0.46727805,1
NL_Wind_Onshore,2030,1,107,0.46582078299999996,1
NL_Wind_Onshore,2030,1,108,0.464363516,1
NL_Wind_Onshore,2030,1,109,0.462906249,1
NL_Wind_Onshore,2030,1,110,0.464410283,1
NL_Wind_Onshore,2030,1,111,0.46591431699999997,1
NL_Wind_Onshore,2030,1,112,0.467418351,1
NL_Wind_Onshore,2030,1,113,0.468922385,1
NL_Wind_Onshore,2030,1,114,0.4544634045,1
NL_Wind_Onshore,2030,1,115,0.440004424,1
NL_Wind_Onshore,2030,1,116,0.4255454435,1
NL_Wind_Onshore,2030,1,117,0.411086463,1
NL_Wind_Onshore,2030,1,118,0.4038595505,1
NL_Wind_Onshore,2030,1,119,0.39663263800000004,1
NL_Wind_Onshore,2030,1,120,0.3894057255,1
NL_Wind_Onshore,2030,1,121,0.382178813,1
NL_Wind_Onshore,2030,1,122,0.39068227,1
NL_Wind_Onshore,2030,1,123,0.399185727,1
NL_Wind_Onshore,2030,1,124,0.407689184,1
NL_Wind_Onshore,2030,1,125,0.416192641,1
NL_Wind_Onshore,2030,1,126,0.4351024715,1
NL_Wind_Onshore,2030,1,127,0.454012302,1
NL_Wind_Onshore,2030,1,128,0.4729221325,1
NL_Wind_Onshore,2030,1,129,0.491831963,1
NL_Wind_Onshore,2030,1,130,0.49649505925,1
NL_Wind_Onshore,2030,1,131,0.5011581555,1
NL_Wind_Onshore,2030,1,132,0.50582125175,1
NL_Wind_Onshore,2030,1,133,0.510484348,1
NL_Wind_Onshore,2030,1,134,0.51857258225,1
NL_Wind_Onshore,2030,1,135,0.5266608165,1
NL_Wind_Onshore,2030,1,136,0.5347490507499999,1
NL_Wind_Onshore,2030,1,137,0.542837285,1
NL_Wind_Onshore,2030,1,138,0.5504313757499999,1
NL_Wind_Onshore,2030,1,139,0.5580254665,1
NL_Wind_Onshore,2030,1,140,0.56561955725,1
NL_Wind_Onshore,2030,1,141,0.573213648,1
NL_Wind_Onshore,2030,1,142,0.57462616025,1
NL_Wind_Onshore,2030,1,143,0.5760386725,1
NL_Wind_Onshore,2030,1,144,0.5774511847499999,1
NL_Wind_Onshore,2030,1,145,0.578863697,1
NL_Wind_Onshore,2030,1,146,0.5548269702499999,1
NL_Wind_Onshore,2030,1,147,0.5307902435,1
NL_Wind_Onshore,2030,1,148,0.50675351675,1
NL_Wind_Onshore,2030,1,149,0.48271679,1
NL_Wind_Onshore,2030,1,150,0.45487082700000003,1
NL_Wind_Onshore,2030,1,151,0.427024864,1
NL_Wind_Onshore,2030,1,152,0.399178901,1
NL_Wind_Onshore,2030,1,153,0.371332938,1
NL_Wind_Onshore,2030,1,154,0.35185341775,1
NL_Wind_Onshore,2030,1,155,0.3323738975,1
NL_Wind_Onshore,2030,1,156,0.31289437724999997,1
NL_Wind_Onshore,2030,1,157,0.293414857,1
NL_Wind_Onshore,2030,1,158,0.29591754025,1
NL_Wind_Onshore,2030,1,159,0.29842022349999997,1
NL_Wind_Onshore,2030,1,160,0.30092290675,1
NL_Wind_Onshore,2030,1,161,0.30342559,1
NL_Wind_Onshore,2030,1,162,0.318117179,1
NL_Wind_Onshore,2030,1,163,0.33280876800000003,1
NL_Wind_Onshore,2030,1,164,0.347500357,1
NL_Wind_Onshore,2030,1,165,0.362191946,1
NL_Wind_Onshore,2030,1,166,0.38748969099999997,1
NL_Wind_Onshore,2030,1,167,0.412787436,1
NL_Wind_Onshore,2030,1,168,0.438085181,1
NL_Wind_Onshore,2030,1,169,0.463382926,1
NL_Wind_Onshore,2030,1,170,0.492463563,1
NL_Wind_Onshore,2030,1,171,0.5215442,1
NL_Wind_Onshore,2030,1,172,0.550624837,1
NL_Wind_Onshore,2030,1,173,0.579705474,1
NL_Wind_Onshore,2030,1,174,0.607429376,1
NL_Wind_Onshore,2030,1,175,0.635153278,1
NL_Wind_Onshore,2030,1,176,0.6628771800000001,1
NL_Wind_Onshore,2030,1,177,0.690601082,1
NL_Wind_Onshore,2030,1,178,0.715186139,1
NL_Wind_Onshore,2030,1,179,0.739771196,1
NL_Wind_Onshore,2030,1,180,0.764356253,1
NL_Wind_Onshore,2030,1,181,0.78894131,1
NL_Wind_Onshore,2030,1,182,0.80695871175,1
NL_Wind_Onshore,2030,1,183,0.8249761135,1
NL_Wind_Onshore,2030,1,184,0.84299351525,1
NL_Wind_Onshore,2030,1,185,0.861010917,1
NL_Wind_Onshore,2030,1,186,0.867105876,1
NL_Wind_Onshore,2030,1,187,0.873200835,1
NL_Wind_Onshore,2030,1,188,0.879295794,1
NL_Wind_Onshore,2030,1,189,0.885390753,1
NL_Wind_Onshore,2030,1,190,0.88332399725,1
NL_Wind_Onshore,2030,1,191,0.8812572415,1
NL_Wind_Onshore,2030,1,192,0.87919048575,1
NL_Wind_Onshore,2030,1,193,0.87712373,1
NL_Wind_Onshore,2030,1,194,0.864961977,1
NL_Wind_Onshore,2030,1,195,0.852800224,1
NL_Wind_Onshore,2030,1,196,0.840638471,1
NL_Wind_Onshore,2030,1,197,0.828476718,1
NL_Wind_Onshore,2030,1,198,0.83258507225,1
NL_Wind_Onshore,2030,1,199,0.8366934265,1
NL_Wind_Onshore,2030,1,200,0.84080178075,1
NL_Wind_Onshore,2030,1,201,0.844910135,1
NL_Wind_Onshore,2030,1,202,0.83147678675,1
NL_Wind_Onshore,2030,1,203,0.8180434384999999,1
NL_Wind_Onshore,2030,1,204,0.80461009025,1
NL_Wind_Onshore,2030,1,205,0.791176742,1
NL_Wind_Onshore,2030,1,206,0.7899141925,1
NL_Wind_Onshore,2030,1,207,0.788651643,1
NL_Wind_Onshore,2030,1,208,0.7873890935000001,1
NL_Wind_Onshore,2030,1,209,0.786126544,1
NL_Wind_Onshore,2030,1,210,0.78370098,1
NL_Wind_Onshore,2030,1,211,0.781275416,1
NL_Wind_Onshore,2030,1,212,0.778849852,1
NL_Wind_Onshore,2030,1,213,0.776424288,1
NL_Wind_Onshore,2030,1,214,0.76501880375,1
NL_Wind_Onshore,2030,1,215,0.7536133195,1
NL_Wind_Onshore,2030,1,216,0.74220783525,1
NL_Wind_Onshore,2030,1,217,0.730802351,1
NL_Wind_Onshore,2030,1,218,0.709647751,1
NL_Wind_Onshore,2030,1,219,0.6884931510000001,1
NL_Wind_Onshore,2030,1,220,0.6673385510000001,1
NL_Wind_Onshore,2030,1,221,0.646183951,1
NL_Wind_Onshore,2030,1,222,0.64993917125,1
NL_Wind_Onshore,2030,1,223,0.6536943915,1
NL_Wind_Onshore,2030,1,224,0.65744961175,1
NL_Wind_Onshore,2030,1,225,0.661204832,1
NL_Wind_Onshore,2030,1,226,0.6739110367500001,1
NL_Wind_Onshore,2030,1,227,0.6866172415,1
NL_Wind_Onshore,2030,1,228,0.69932344625,1
NL_Wind_Onshore,2030,1,229,0.712029651,1
NL_Wind_Onshore,2030,1,230,0.717735318,1
NL_Wind_Onshore,2030,1,231,0.7234409850000001,1
NL_Wind_Onshore,2030,1,232,0.7291466520000001,1
NL_Wind_Onshore,2030,1,233,0.734852319,1
NL_Wind_Onshore,2030,1,234,0.75548547525,1
NL_Wind_Onshore,2030,1,235,0.7761186314999999,1
NL_Wind_Onshore,2030,1,236,0.79675178775,1
NL_Wind_Onshore,2030,1,237,0.817384944,1
NL_Wind_Onshore,2030,1,238,0.83358688975,1
NL_Wind_Onshore,2030,1,239,0.8497888355,1
NL_Wind_Onshore,2030,1,240,0.86599078125,1
NL_Wind_Onshore,2030,1,241,0.882192727,1
NL_Wind_Onshore,2030,1,242,0.8901890527499999,1
NL_Wind_Onshore,2030,1,243,0.8981853785,1
NL_Wind_Onshore,2030,1,244,0.90618170425,1
NL_Wind_Onshore,2030,1,245,0.91417803,1
NL_Wind_Onshore,2030,1,246,0.915944604,1
NL_Wind_Onshore,2030,1,247,0.917711178,1
NL_Wind_Onshore,2030,1,248,0.9194777519999999,1
NL_Wind_Onshore,2030,1,249,0.921244326,1
NL_Wind_Onshore,2030,1,250,0.9155952755,1
NL_Wind_Onshore,2030,1,251,0.909946225,1
NL_Wind_Onshore,2030,1,252,0.9042971745,1
NL_Wind_Onshore,2030,1,253,0.898648124,1
NL_Wind_Onshore,2030,1,254,0.8912170715000001,1
NL_Wind_Onshore,2030,1,255,0.883786019,1
NL_Wind_Onshore,2030,1,256,0.8763549665,1
NL_Wind_Onshore,2030,1,257,0.868923914,1
NL_Wind_Onshore,2030,1,258,0.86904979225,1
NL_Wind_Onshore,2030,1,259,0.8691756705,1
NL_Wind_Onshore,2030,1,260,0.86930154875,1
NL_Wind_Onshore,2030,1,261,0.869427427,1
NL_Wind_Onshore,2030,1,262,0.87926834925,1
NL_Wind_Onshore,2030,1,263,0.8891092715,1
NL_Wind_Onshore,2030,1,264,0.89895019375,1
NL_Wind_Onshore,2030,1,265,0.908791116,1
NL_Wind_Onshore,2030,1,266,0.91641639925,1
NL_Wind_Onshore,2030,1,267,0.9240416825,1
NL_Wind_Onshore,2030,1,268,0.93166696575,1
NL_Wind_Onshore,2030,1,269,0.939292249,1
NL_Wind_Onshore,2030,1,270,0.940913957,1
NL_Wind_Onshore,2030,1,271,0.942535665,1
NL_Wind_Onshore,2030,1,272,0.9441573729999999,1
NL_Wind_Onshore,2030,1,273,0.945779081,1
NL_Wind_Onshore,2030,1,274,0.94628850725,1
NL_Wind_Onshore,2030,1,275,0.9467979335,1
NL_Wind_Onshore,2030,1,276,0.9473073597499999,1
NL_Wind_Onshore,2030,1,277,0.947816786,1
NL_Wind_Onshore,2030,1,278,0.9480330647499999,1
NL_Wind_Onshore,2030,1,279,0.9482493435,1
NL_Wind_Onshore,2030,1,280,0.9484656222500001,1
NL_Wind_Onshore,2030,1,281,0.948681901,1
NL_Wind_Onshore,2030,1,282,0.94879569225,1
NL_Wind_Onshore,2030,1,283,0.9489094835,1
NL_Wind_Onshore,2030,1,284,0.94902327475,1
NL_Wind_Onshore,2030,1,285,0.949137066,1
NL_Wind_Onshore,2030,1,286,0.94928940475,1
NL_Wind_Onshore,2030,1,287,0.9494417435,1
NL_Wind_Onshore,2030,1,288,0.94959408225,1
NL_Wind_Onshore,2030,1,289,0.949746421,1
NL_Wind_Onshore,2030,1,290,0.9497555772499999,1
NL_Wind_Onshore,2030,1,291,0.9497647334999999,1
NL_Wind_Onshore,2030,1,292,0.94977388975,1
NL_Wind_Onshore,2030,1,293,0.949783046,1
NL_Wind_Onshore,2030,1,294,0.9498172795,1
NL_Wind_Onshore,2030,1,295,0.949851513,1
NL_Wind_Onshore,2030,1,296,0.9498857465,1
NL_Wind_Onshore,2030,1,297,0.94991998,1
NL_Wind_Onshore,2030,1,298,0.94993338575,1
NL_Wind_Onshore,2030,1,299,0.9499467914999999,1
NL_Wind_Onshore,2030,1,300,0.94996019725,1
NL_Wind_Onshore,2030,1,301,0.949973603,1
NL_Wind_Onshore,2030,1,302,0.94997744225,1
NL_Wind_Onshore,2030,1,303,0.9499812814999999,1
NL_Wind_Onshore,2030,1,304,0.94998512075,1
NL_Wind_Onshore,2030,1,305,0.94998896,1
NL_Wind_Onshore,2030,1,306,0.9499901415,1
NL_Wind_Onshore,2030,1,307,0.949991323,1
NL_Wind_Onshore,2030,1,308,0.9499925045,1
NL_Wind_Onshore,2030,1,309,0.949993686,1
NL_Wind_Onshore,2030,1,310,0.9499947285,1
NL_Wind_Onshore,2030,1,311,0.949995771,1
NL_Wind_Onshore,2030,1,312,0.9499968135,1
NL_Wind_Onshore,2030,1,313,0.949997856,1
NL_Wind_Onshore,2030,1,314,0.94999826675,1
NL_Wind_Onshore,2030,1,315,0.9499986775,1
NL_Wind_Onshore,2030,1,316,0.94999908825,1
NL_Wind_Onshore,2030,1,317,0.949999499,1
NL_Wind_Onshore,2030,1,318,0.949999565,1
NL_Wind_Onshore,2030,1,319,0.9499996310000001,1
NL_Wind_Onshore,2030,1,320,0.949999697,1
NL_Wind_Onshore,2030,1,321,0.949999763,1
NL_Wind_Onshore,2030,1,322,0.94999919575,1
NL_Wind_Onshore,2030,1,323,0.9499986284999999,1
NL_Wind_Onshore,2030,1,324,0.94999806125,1
NL_Wind_Onshore,2030,1,325,0.949997494,1
NL_Wind_Onshore,2030,1,326,0.94999597,1
NL_Wind_Onshore,2030,1,327,0.949994446,1
NL_Wind_Onshore,2030,1,328,0.949992922,1
NL_Wind_Onshore,2030,1,329,0.949991398,1
NL_Wind_Onshore,2030,1,330,0.94998724575,1
NL_Wind_Onshore,2030,1,331,0.9499830935,1
NL_Wind_Onshore,2030,1,332,0.9499789412499999,1
NL_Wind_Onshore,2030,1,333,0.949974789,1
NL_Wind_Onshore,2030,1,334,0.94995628925,1
NL_Wind_Onshore,2030,1,335,0.9499377895000001,1
NL_Wind_Onshore,2030,1,336,0.9499192897500001,1
NL_Wind_Onshore,2030,1,337,0.94990079,1
NL_Wind_Onshore,2030,1,338,0.9468252575,1
NL_Wind_Onshore,2030,1,339,0.943749725,1
NL_Wind_Onshore,2030,1,340,0.9406741925000001,1
NL_Wind_Onshore,2030,1,341,0.93759866,1
NL_Wind_Onshore,2030,1,342,0.9285425202500001,1
NL_Wind_Onshore,2030,1,343,0.9194863805,1
NL_Wind_Onshore,2030,1,344,0.91043024075,1
NL_Wind_Onshore,2030,1,345,0.901374101,1
NL_Wind_Onshore,2030,1,346,0.8907813440000001,1
NL_Wind_Onshore,2030,1,347,0.880188587,1
NL_Wind_Onshore,2030,1,348,0.86959583,1
NL_Wind_Onshore,2030,1,349,0.859003073,1
NL_Wind_Onshore,2030,1,350,0.828469665,1
NL_Wind_Onshore,2030,1,351,0.7979362569999999,1
NL_Wind_Onshore,2030,1,352,0.767402849,1
NL_Wind_Onshore,2030,1,353,0.736869441,1
NL_Wind_Onshore,2030,1,354,0.7454704245,1
NL_Wind_Onshore,2030,1,355,0.7540714079999999,1
NL_Wind_Onshore,2030,1,356,0.7626723915,1
NL_Wind_Onshore,2030,1,357,0.771273375,1
NL_Wind_Onshore,2030,1,358,0.7965656785,1
NL_Wind_Onshore,2030,1,359,0.821857982,1
NL_Wind_Onshore,2030,1,360,0.8471502855,1
NL_Wind_Onshore,2030,1,361,0.872442589,1
NL_Wind_Onshore,2030,1,362,0.87783354775,1
NL_Wind_Onshore,2030,1,363,0.8832245065,1
NL_Wind_Onshore,2030,1,364,0.88861546525,1
NL_Wind_Onshore,2030,1,365,0.894006424,1
NL_Wind_Onshore,2030,1,366,0.9036035085,1
NL_Wind_Onshore,2030,1,367,0.913200593,1
NL_Wind_Onshore,2030,1,368,0.9227976775,1
NL_Wind_Onshore,2030,1,369,0.932394762,1
NL_Wind_Onshore,2030,1,370,0.93356746925,1
NL_Wind_Onshore,2030,1,371,0.9347401765000001,1
NL_Wind_Onshore,2030,1,372,0.93591288375,1
NL_Wind_Onshore,2030,1,373,0.937085591,1
NL_Wind_Onshore,2030,1,374,0.94005716425,1
NL_Wind_Onshore,2030,1,375,0.9430287374999999,1
NL_Wind_Onshore,2030,1,376,0.94600031075,1
NL_Wind_Onshore,2030,1,377,0.948971884,1
NL_Wind_Onshore,2030,1,378,0.9491798435,1
NL_Wind_Onshore,2030,1,379,0.949387803,1
NL_Wind_Onshore,2030,1,380,0.9495957625,1
NL_Wind_Onshore,2030,1,381,0.949803722,1
NL_Wind_Onshore,2030,1,382,0.9497607457499999,1
NL_Wind_Onshore,2030,1,383,0.9497177695,1
NL_Wind_Onshore,2030,1,384,0.94967479325,1
NL_Wind_Onshore,2030,1,385,0.949631817,1
NL_Wind_Onshore,2030,1,386,0.9495190095,1
NL_Wind_Onshore,2030,1,387,0.949406202,1
NL_Wind_Onshore,2030,1,388,0.9492933944999999,1
NL_Wind_Onshore,2030,1,389,0.949180587,1
NL_Wind_Onshore,2030,1,390,0.948955824,1
NL_Wind_Onshore,2030,1,391,0.9487310609999999,1
NL_Wind_Onshore,2030,1,392,0.948506298,1
NL_Wind_Onshore,2030,1,393,0.948281535,1
NL_Wind_Onshore,2030,1,394,0.94856775375,1
NL_Wind_Onshore,2030,1,395,0.9488539725,1
NL_Wind_Onshore,2030,1,396,0.94914019125,1
NL_Wind_Onshore,2030,1,397,0.94942641,1
NL_Wind_Onshore,2030,1,398,0.9495675462500001,1
NL_Wind_Onshore,2030,1,399,0.9497086825000001,1
NL_Wind_Onshore,2030,1,400,0.94984981875,1
NL_Wind_Onshore,2030,1,401,0.949990955,1
NL_Wind_Onshore,2030,1,402,0.94999321625,1
NL_Wind_Onshore,2030,1,403,0.9499954774999999,1
NL_Wind_Onshore,2030,1,404,0.9499977387499999,1
NL_Wind_Onshore,2030,1,405,0.95,1
NL_Wind_Onshore,2030,1,406,0.95,1
NL_Wind_Onshore,2030,1,407,0.95,1
NL_Wind_Onshore,2030,1,408,0.95,1
NL_Wind_Onshore,2030,1,409,0.95,1
NL_Wind_Onshore,2030,1,410,0.95,1
NL_Wind_Onshore,2030,1,411,0.95,1
NL_Wind_Onshore,2030,1,412,0.95,1
NL_Wind_Onshore,2030,1,413,0.95,1
NL_Wind_Onshore,2030,1,414,0.95,1
NL_Wind_Onshore,2030,1,415,0.95,1
NL_Wind_Onshore,2030,1,416,0.95,1
NL_Wind_Onshore,2030,1,417,0.95,1
NL_Wind_Onshore,2030,1,418,0.95,1
NL_Wind_Onshore,2030,1,419,0.95,1
NL_Wind_Onshore,2030,1,420,0.95,1
NL_Wind_Onshore,2030,1,421,0.95,1
NL_Wind_Onshore,2030,1,422,0.95,1
NL_Wind_Onshore,2030,1,423,0.95,1
NL_Wind_Onshore,2030,1,424,0.95,1
NL_Wind_Onshore,2030,1,425,0.95,1
NL_Wind_Onshore,2030,1,426,0.95,1
NL_Wind_Onshore,2030,1,427,0.95,1
NL_Wind_Onshore,2030,1,428,0.95,1
NL_Wind_Onshore,2030,1,429,0.95,1
NL_Wind_Onshore,2030,1,430,0.95,1
NL_Wind_Onshore,2030,1,431,0.95,1
NL_Wind_Onshore,2030,1,432,0.95,1
NL_Wind_Onshore,2030,1,433,0.95,1
NL_Wind_Onshore,2030,1,434,0.95,1
NL_Wind_Onshore,2030,1,435,0.95,1
NL_Wind_Onshore,2030,1,436,0.95,1
NL_Wind_Onshore,2030,1,437,0.95,1
NL_Wind_Onshore,2030,1,438,0.95,1
NL_Wind_Onshore,2030,1,439,0.95,1
NL_Wind_Onshore,2030,1,440,0.95,1
NL_Wind_Onshore,2030,1,441,0.95,1
NL_Wind_Onshore,2030,1,442,0.95,1
NL_Wind_Onshore,2030,1,443,0.95,1
NL_Wind_Onshore,2030,1,444,0.95,1
NL_Wind_Onshore,2030,1,445,0.95,1
NL_Wind_Onshore,2030,1,446,0.95,1
NL_Wind_Onshore,2030,1,447,0.95,1
NL_Wind_Onshore,2030,1,448,0.95,1
NL_Wind_Onshore,2030,1,449,0.95,1
NL_Wind_Onshore,2030,1,450,0.95,1
NL_Wind_Onshore,2030,1,451,0.95,1
NL_Wind_Onshore,2030,1,452,0.95,1
NL_Wind_Onshore,2030,1,453,0.95,1
NL_Wind_Onshore,2030,1,454,0.95,1
NL_Wind_Onshore,2030,1,455,0.95,1
NL_Wind_Onshore,2030,1,456,0.95,1
NL_Wind_Onshore,2030,1,457,0.95,1
NL_Wind_Onshore,2030,1,458,0.949998507,1
NL_Wind_Onshore,2030,1,459,0.949997014,1
NL_Wind_Onshore,2030,1,460,0.949995521,1
NL_Wind_Onshore,2030,1,461,0.949994028,1
NL_Wind_Onshore,2030,1,462,0.9499624095,1
NL_Wind_Onshore,2030,1,463,0.949930791,1
NL_Wind_Onshore,2030,1,464,0.9498991725,1
NL_Wind_Onshore,2030,1,465,0.949867554,1
NL_Wind_Onshore,2030,1,466,0.949506113,1
NL_Wind_Onshore,2030,1,467,0.9491446720000001,1
NL_Wind_Onshore,2030,1,468,0.9487832310000001,1
NL_Wind_Onshore,2030,1,469,0.94842179,1
NL_Wind_Onshore,2030,1,470,0.94722621875,1
NL_Wind_Onshore,2030,1,471,0.9460306475,1
NL_Wind_Onshore,2030,1,472,0.9448350762500001,1
NL_Wind_Onshore,2030,1,473,0.943639505,1
NL_Wind_Onshore,2030,1,474,0.9422159145,1
NL_Wind_Onshore,2030,1,475,0.940792324,1
NL_Wind_Onshore,2030,1,476,0.9393687335,1
NL_Wind_Onshore,2030,1,477,0.937945143,1
NL_Wind_Onshore,2030,1,478,0.9388327332499999,1
NL_Wind_Onshore,2030,1,479,0.9397203235,1
NL_Wind_Onshore,2030,1,480,0.9406079137500001,1
NL_Wind_Onshore,2030,1,481,0.941495504,1
NL_Wind_Onshore,2030,1,482,0.9435543267500001,1
NL_Wind_Onshore,2030,1,483,0.9456131495,1
NL_Wind_Onshore,2030,1,484,0.94767197225,1
NL_Wind_Onshore,2030,1,485,0.949730795,1
NL_Wind_Onshore,2030,1,486,0.94979809625,1
NL_Wind_Onshore,2030,1,487,0.9498653975,1
NL_Wind_Onshore,2030,1,488,0.94993269875,1
NL_Wind_Onshore,2030,1,489,0.95,1
NL_Wind_Onshore,2030,1,490,0.95,1
NL_Wind_Onshore,2030,1,491,0.95,1
NL_Wind_Onshore,2030,1,492,0.95,1
NL_Wind_Onshore,2030,1,493,0.95,1
NL_Wind_Onshore,2030,1,494,0.95,1
NL_Wind_Onshore,2030,1,495,0.95,1
NL_Wind_Onshore,2030,1,496,0.95,1
NL_Wind_Onshore,2030,1,497,0.95,1
NL_Wind_Onshore,2030,1,498,0.95,1
NL_Wind_Onshore,2030,1,499,0.95,1
NL_Wind_Onshore,2030,1,500,0.95,1
NL_Wind_Onshore,2030,1,501,0.95,1
NL_Wind_Onshore,2030,1,502,0.95,1
NL_Wind_Onshore,2030,1,503,0.95,1
NL_Wind_Onshore,2030,1,504,0.95,1
NL_Wind_Onshore,2030,1,505,0.95,1
NL_Wind_Onshore,2030,1,506,0.95,1
NL_Wind_Onshore,2030,1,507,0.95,1
NL_Wind_Onshore,2030,1,508,0.95,1
NL_Wind_Onshore,2030,1,509,0.95,1
NL_Wind_Onshore,2030,1,510,0.95,1
NL_Wind_Onshore,2030,1,511,0.95,1
NL_Wind_Onshore,2030,1,512,0.95,1
NL_Wind_Onshore,2030,1,513,0.95,1
NL_Wind_Onshore,2030,1,514,0.95,1
NL_Wind_Onshore,2030,1,515,0.95,1
NL_Wind_Onshore,2030,1,516,0.95,1
NL_Wind_Onshore,2030,1,517,0.95,1
NL_Wind_Onshore,2030,1,518,0.95,1
NL_Wind_Onshore,2030,1,519,0.95,1
NL_Wind_Onshore,2030,1,520,0.95,1
NL_Wind_Onshore,2030,1,521,0.95,1
NL_Wind_Onshore,2030,1,522,0.95,1
NL_Wind_Onshore,2030,1,523,0.95,1
NL_Wind_Onshore,2030,1,524,0.95,1
NL_Wind_Onshore,2030,1,525,0.95,1
NL_Wind_Onshore,2030,1,526,0.95,1
NL_Wind_Onshore,2030,1,527,0.95,1
NL_Wind_Onshore,2030,1,528,0.95,1
NL_Wind_Onshore,2030,1,529,0.95,1
NL_Wind_Onshore,2030,1,530,0.95,1
NL_Wind_Onshore,2030,1,531,0.95,1
NL_Wind_Onshore,2030,1,532,0.95,1
NL_Wind_Onshore,2030,1,533,0.95,1
NL_Wind_Onshore,2030,1,534,0.95,1
NL_Wind_Onshore,2030,1,535,0.95,1
NL_Wind_Onshore,2030,1,536,0.95,1
NL_Wind_Onshore,2030,1,537,0.95,1
NL_Wind_Onshore,2030,1,538,0.95,1
NL_Wind_Onshore,2030,1,539,0.95,1
NL_Wind_Onshore,2030,1,540,0.95,1
NL_Wind_Onshore,2030,1,541,0.95,1
NL_Wind_Onshore,2030,1,542,0.95,1
NL_Wind_Onshore,2030,1,543,0.95,1
NL_Wind_Onshore,2030,1,544,0.95,1
NL_Wind_Onshore,2030,1,545,0.95,1
NL_Wind_Onshore,2030,1,546,0.95,1
NL_Wind_Onshore,2030,1,547,0.95,1
NL_Wind_Onshore,2030,1,548,0.95,1
NL_Wind_Onshore,2030,1,549,0.95,1
NL_Wind_Onshore,2030,1,550,0.95,1
NL_Wind_Onshore,2030,1,551,0.95,1
NL_Wind_Onshore,2030,1,552,0.95,1
NL_Wind_Onshore,2030,1,553,0.95,1
NL_Wind_Onshore,2030,1,554,0.95,1
NL_Wind_Onshore,2030,1,555,0.95,1
NL_Wind_Onshore,2030,1,556,0.95,1
NL_Wind_Onshore,2030,1,557,0.95,1
NL_Wind_Onshore,2030,1,558,0.94999887025,1
NL_Wind_Onshore,2030,1,559,0.9499977405,1
NL_Wind_Onshore,2030,1,560,0.94999661075,1
NL_Wind_Onshore,2030,1,561,0.949995481,1
NL_Wind_Onshore,2030,1,562,0.94998546825,1
NL_Wind_Onshore,2030,1,563,0.9499754555,1
NL_Wind_Onshore,2030,1,564,0.94996544275,1
NL_Wind_Onshore,2030,1,565,0.94995543,1
NL_Wind_Onshore,2030,1,566,0.94992800575,1
NL_Wind_Onshore,2030,1,567,0.9499005815,1
NL_Wind_Onshore,2030,1,568,0.94987315725,1
NL_Wind_Onshore,2030,1,569,0.949845733,1
NL_Wind_Onshore,2030,1,570,0.9497977879999999,1
NL_Wind_Onshore,2030,1,571,0.949749843,1
NL_Wind_Onshore,2030,1,572,0.949701898,1
NL_Wind_Onshore,2030,1,573,0.949653953,1
NL_Wind_Onshore,2030,1,574,0.949591143,1
NL_Wind_Onshore,2030,1,575,0.949528333,1
NL_Wind_Onshore,2030,1,576,0.949465523,1
NL_Wind_Onshore,2030,1,577,0.949402713,1
NL_Wind_Onshore,2030,1,578,0.94861899375,1
NL_Wind_Onshore,2030,1,579,0.9478352745,1
NL_Wind_Onshore,2030,1,580,0.94705155525,1
NL_Wind_Onshore,2030,1,581,0.946267836,1
NL_Wind_Onshore,2030,1,582,0.94649060425,1
NL_Wind_Onshore,2030,1,583,0.9467133725,1
NL_Wind_Onshore,2030,1,584,0.94693614075,1
NL_Wind_Onshore,2030,1,585,0.947158909,1
NL_Wind_Onshore,2030,1,586,0.94768436625,1
NL_Wind_Onshore,2030,1,587,0.9482098235,1
NL_Wind_Onshore,2030,1,588,0.94873528075,1
NL_Wind_Onshore,2030,1,589,0.949260738,1
NL_Wind_Onshore,2030,1,590,0.94929964825,1
NL_Wind_Onshore,2030,1,591,0.9493385585,1
NL_Wind_Onshore,2030,1,592,0.94937746875,1
NL_Wind_Onshore,2030,1,593,0.949416379,1
NL_Wind_Onshore,2030,1,594,0.9494282315,1
NL_Wind_Onshore,2030,1,595,0.9494400839999999,1
NL_Wind_Onshore,2030,1,596,0.9494519364999999,1
NL_Wind_Onshore,2030,1,597,0.949463789,1
NL_Wind_Onshore,2030,1,598,0.94947451325,1
NL_Wind_Onshore,2030,1,599,0.9494852375,1
NL_Wind_Onshore,2030,1,600,0.94949596175,1
NL_Wind_Onshore,2030,1,601,0.949506686,1
NL_Wind_Onshore,2030,1,602,0.9496146335,1
NL_Wind_Onshore,2030,1,603,0.9497225810000001,1
NL_Wind_Onshore,2030,1,604,0.9498305285,1
NL_Wind_Onshore,2030,1,605,0.949938476,1
NL_Wind_Onshore,2030,1,606,0.9499534765000001,1
NL_Wind_Onshore,2030,1,607,0.9499684770000001,1
NL_Wind_Onshore,2030,1,608,0.9499834775,1
NL_Wind_Onshore,2030,1,609,0.949998478,1
NL_Wind_Onshore,2030,1,610,0.9499988585,1
NL_Wind_Onshore,2030,1,611,0.949999239,1
NL_Wind_Onshore,2030,1,612,0.9499996195,1
NL_Wind_Onshore,2030,1,613,0.95,1
NL_Wind_Onshore,2030,1,614,0.95,1
NL_Wind_Onshore,2030,1,615,0.95,1
NL_Wind_Onshore,2030,1,616,0.95,1
NL_Wind_Onshore,2030,1,617,0.95,1
NL_Wind_Onshore,2030,1,618,0.95,1
NL_Wind_Onshore,2030,1,619,0.95,1
NL_Wind_Onshore,2030,1,620,0.95,1
NL_Wind_Onshore,2030,1,621,0.95,1
NL_Wind_Onshore,2030,1,622,0.95,1
NL_Wind_Onshore,2030,1,623,0.95,1
NL_Wind_Onshore,2030,1,624,0.95,1
NL_Wind_Onshore,2030,1,625,0.95,1
NL_Wind_Onshore,2030,1,626,0.95,1
NL_Wind_Onshore,2030,1,627,0.95,1
NL_Wind_Onshore,2030,1,628,0.95,1
NL_Wind_Onshore,2030,1,629,0.95,1
NL_Wind_Onshore,2030,1,630,0.95,1
NL_Wind_Onshore,2030,1,631,0.95,1
NL_Wind_Onshore,2030,1,632,0.95,1
NL_Wind_Onshore,2030,1,633,0.95,1
NL_Wind_Onshore,2030,1,634,0.95,1
NL_Wind_Onshore,2030,1,635,0.95,1
NL_Wind_Onshore,2030,1,636,0.95,1
NL_Wind_Onshore,2030,1,637,0.95,1
NL_Wind_Onshore,2030,1,638,0.95,1
NL_Wind_Onshore,2030,1,639,0.95,1
NL_Wind_Onshore,2030,1,640,0.95,1
NL_Wind_Onshore,2030,1,641,0.95,1
NL_Wind_Onshore,2030,1,642,0.95,1
NL_Wind_Onshore,2030,1,643,0.95,1
NL_Wind_Onshore,2030,1,644,0.95,1
NL_Wind_Onshore,2030,1,645,0.95,1
NL_Wind_Onshore,2030,1,646,0.95,1
NL_Wind_Onshore,2030,1,647,0.95,1
NL_Wind_Onshore,2030,1,648,0.95,1
NL_Wind_Onshore,2030,1,649,0.95,1
NL_Wind_Onshore,2030,1,650,0.95,1
NL_Wind_Onshore,2030,1,651,0.95,1
NL_Wind_Onshore,2030,1,652,0.95,1
NL_Wind_Onshore,2030,1,653,0.95,1
NL_Wind_Onshore,2030,1,654,0.95,1
NL_Wind_Onshore,2030,1,655,0.95,1
NL_Wind_Onshore,2030,1,656,0.95,1
NL_Wind_Onshore,2030,1,657,0.95,1
NL_Wind_Onshore,2030,1,658,0.95,1
NL_Wind_Onshore,2030,1,659,0.95,1
NL_Wind_Onshore,2030,1,660,0.95,1
NL_Wind_Onshore,2030,1,661,0.95,1
NL_Wind_Onshore,2030,1,662,0.95,1
NL_Wind_Onshore,2030,1,663,0.95,1
NL_Wind_Onshore,2030,1,664,0.95,1
NL_Wind_Onshore,2030,1,665,0.95,1
NL_Wind_Onshore,2030,1,666,0.95,1
NL_Wind_Onshore,2030,1,667,0.95,1
NL_Wind_Onshore,2030,1,668,0.95,1
NL_Wind_Onshore,2030,1,669,0.95,1
NL_Wind_Onshore,2030,1,670,0.95,1
NL_Wind_Onshore,2030,1,671,0.95,1
NL_Wind_Onshore,2030,1,672,0.95,1
NL_Wind_Offshore,2030,1,1,0.579853794,1
NL_Wind_Offshore,2030,1,2,0.5789879065000001,1
NL_Wind_Offshore,2030,1,3,0.578122019,1
NL_Wind_Offshore,2030,1,4,0.5772561315,1
NL_Wind_Offshore,2030,1,5,0.576390244,1
NL_Wind_Offshore,2030,1,6,0.58318126675,1
NL_Wind_Offshore,2030,1,7,0.5899722895,1
NL_Wind_Offshore,2030,1,8,0.59676331225,1
NL_Wind_Offshore,2030,1,9,0.603554335,1
NL_Wind_Offshore,2030,1,10,0.6158871539999999,1
NL_Wind_Offshore,2030,1,11,0.628219973,1
NL_Wind_Offshore,2030,1,12,0.640552792,1
NL_Wind_Offshore,2030,1,13,0.652885611,1
NL_Wind_Offshore,2030,1,14,0.69121394675,1
NL_Wind_Offshore,2030,1,15,0.7295422825,1
NL_Wind_Offshore,2030,1,16,0.7678706182499999,1
NL_Wind_Offshore,2030,1,17,0.806198954,1
NL_Wind_Offshore,2030,1,18,0.823825719,1
NL_Wind_Offshore,2030,1,19,0.841452484,1
NL_Wind_Offshore,2030,1,20,0.859079249,1
NL_Wind_Offshore,2030,1,21,0.876706014,1
NL_Wind_Offshore,2030,1,22,0.87493413475,1
NL_Wind_Offshore,2030,1,23,0.8731622555,1
NL_Wind_Offshore,2030,1,24,0.87139037625,1
NL_Wind_Offshore,2030,1,25,0.869618497,1
NL_Wind_Offshore,2030,1,26,0.8704346417500001,1
NL_Wind_Offshore,2030,1,27,0.8712507865000001,1
NL_Wind_Offshore,2030,1,28,0.87206693125,1
NL_Wind_Offshore,2030,1,29,0.872883076,1
NL_Wind_Offshore,2030,1,30,0.8628412875,1
NL_Wind_Offshore,2030,1,31,0.8527994990000001,1
NL_Wind_Offshore,2030,1,32,0.8427577105,1
NL_Wind_Offshore,2030,1,33,0.832715922,1
NL_Wind_Offshore,2030,1,34,0.7932812902499999,1
NL_Wind_Offshore,2030,1,35,0.7538466585,1
NL_Wind_Offshore,2030,1,36,0.71441202675,1
NL_Wind_Offshore,2030,1,37,0.674977395,1
NL_Wind_Offshore,2030,1,38,0.649079235,1
NL_Wind_Offshore,2030,1,39,0.623181075,1
NL_Wind_Offshore,2030,1,40,0.597282915,1
NL_Wind_Offshore,2030,1,41,0.571384755,1
NL_Wind_Offshore,2030,1,42,0.56699949375,1
NL_Wind_Offshore,2030,1,43,0.5626142325,1
NL_Wind_Offshore,2030,1,44,0.5582289712499999,1
NL_Wind_Offshore,2030,1,45,0.55384371,1
NL_Wind_Offshore,2030,1,46,0.545354871,1
NL_Wind_Offshore,2030,1,47,0.536866032,1
NL_Wind_Offshore,2030,1,48,0.528377193,1
NL_Wind_Offshore,2030,1,49,0.519888354,1
NL_Wind_Offshore,2030,1,50,0.524226181,1
NL_Wind_Offshore,2030,1,51,0.528564008,1
NL_Wind_Offshore,2030,1,52,0.532901835,1
NL_Wind_Offshore,2030,1,53,0.537239662,1
NL_Wind_Offshore,2030,1,54,0.53913264575,1
NL_Wind_Offshore,2030,1,55,0.5410256295,1
NL_Wind_Offshore,2030,1,56,0.54291861325,1
NL_Wind_Offshore,2030,1,57,0.544811597,1
NL_Wind_Offshore,2030,1,58,0.5553048927500001,1
NL_Wind_Offshore,2030,1,59,0.5657981885000001,1
NL_Wind_Offshore,2030,1,60,0.57629148425,1
NL_Wind_Offshore,2030,1,61,0.58678478,1
NL_Wind_Offshore,2030,1,62,0.5871023522500001,1
NL_Wind_Offshore,2030,1,63,0.5874199245,1
NL_Wind_Offshore,2030,1,64,0.58773749675,1
NL_Wind_Offshore,2030,1,65,0.588055069,1
NL_Wind_Offshore,2030,1,66,0.568382544,1
NL_Wind_Offshore,2030,1,67,0.548710019,1
NL_Wind_Offshore,2030,1,68,0.529037494,1
NL_Wind_Offshore,2030,1,69,0.509364969,1
NL_Wind_Offshore,2030,1,70,0.49236580599999996,1
NL_Wind_Offshore,2030,1,71,0.475366643,1
NL_Wind_Offshore,2030,1,72,0.45836748,1
NL_Wind_Offshore,2030,1,73,0.441368317,1
NL_Wind_Offshore,2030,1,74,0.43828155550000003,1
NL_Wind_Offshore,2030,1,75,0.435194794,1
NL_Wind_Offshore,2030,1,76,0.43210803249999996,1
NL_Wind_Offshore,2030,1,77,0.429021271,1
NL_Wind_Offshore,2030,1,78,0.3953773,1
NL_Wind_Offshore,2030,1,79,0.361733329,1
NL_Wind_Offshore,2030,1,80,0.328089358,1
NL_Wind_Offshore,2030,1,81,0.294445387,1
NL_Wind_Offshore,2030,1,82,0.281750237,1
NL_Wind_Offshore,2030,1,83,0.269055087,1
NL_Wind_Offshore,2030,1,84,0.256359937,1
NL_Wind_Offshore,2030,1,85,0.243664787,1
NL_Wind_Offshore,2030,1,86,0.241240463,1
NL_Wind_Offshore,2030,1,87,0.23881613899999998,1
NL_Wind_Offshore,2030,1,88,0.236391815,1
NL_Wind_Offshore,2030,1,89,0.233967491,1
NL_Wind_Offshore,2030,1,90,0.23800074375,1
NL_Wind_Offshore,2030,1,91,0.24203399650000001,1
NL_Wind_Offshore,2030,1,92,0.24606724925,1
NL_Wind_Offshore,2030,1,93,0.250100502,1
NL_Wind_Offshore,2030,1,94,0.25706456925,1
NL_Wind_Offshore,2030,1,95,0.26402863649999997,1
NL_Wind_Offshore,2030,1,96,0.27099270375,1
NL_Wind_Offshore,2030,1,97,0.277956771,1
NL_Wind_Offshore,2030,1,98,0.27208964075,1
NL_Wind_Offshore,2030,1,99,0.2662225105,1
NL_Wind_Offshore,2030,1,100,0.26035538025000005,1
NL_Wind_Offshore,2030,1,101,0.25448825,1
NL_Wind_Offshore,2030,1,102,0.259321409,1
NL_Wind_Offshore,2030,1,103,0.26415456800000003,1
NL_Wind_Offshore,2030,1,104,0.268987727,1
NL_Wind_Offshore,2030,1,105,0.273820886,1
NL_Wind_Offshore,2030,1,106,0.28445963825,1
NL_Wind_Offshore,2030,1,107,0.2950983905,1
NL_Wind_Offshore,2030,1,108,0.30573714275,1
NL_Wind_Offshore,2030,1,109,0.316375895,1
NL_Wind_Offshore,2030,1,110,0.315863962,1
NL_Wind_Offshore,2030,1,111,0.31535202900000003,1
NL_Wind_Offshore,2030,1,112,0.314840096,1
NL_Wind_Offshore,2030,1,113,0.314328163,1
NL_Wind_Offshore,2030,1,114,0.36288212,1
NL_Wind_Offshore,2030,1,115,0.411436077,1
NL_Wind_Offshore,2030,1,116,0.45999003400000005,1
NL_Wind_Offshore,2030,1,117,0.508543991,1
NL_Wind_Offshore,2030,1,118,0.5416609695000001,1
NL_Wind_Offshore,2030,1,119,0.574777948,1
NL_Wind_Offshore,2030,1,120,0.6078949265,1
NL_Wind_Offshore,2030,1,121,0.641011905,1
NL_Wind_Offshore,2030,1,122,0.6509865465,1
NL_Wind_Offshore,2030,1,123,0.660961188,1
NL_Wind_Offshore,2030,1,124,0.6709358295000001,1
NL_Wind_Offshore,2030,1,125,0.680910471,1
NL_Wind_Offshore,2030,1,126,0.68117507625,1
NL_Wind_Offshore,2030,1,127,0.6814396815,1
NL_Wind_Offshore,2030,1,128,0.68170428675,1
NL_Wind_Offshore,2030,1,129,0.681968892,1
NL_Wind_Offshore,2030,1,130,0.6858572789999999,1
NL_Wind_Offshore,2030,1,131,0.689745666,1
NL_Wind_Offshore,2030,1,132,0.693634053,1
NL_Wind_Offshore,2030,1,133,0.69752244,1
NL_Wind_Offshore,2030,1,134,0.7010304387499999,1
NL_Wind_Offshore,2030,1,135,0.7045384375,1
NL_Wind_Offshore,2030,1,136,0.7080464362500001,1
NL_Wind_Offshore,2030,1,137,0.711554435,1
NL_Wind_Offshore,2030,1,138,0.72085733375,1
NL_Wind_Offshore,2030,1,139,0.7301602325000001,1
NL_Wind_Offshore,2030,1,140,0.73946313125,1
NL_Wind_Offshore,2030,1,141,0.74876603,1
NL_Wind_Offshore,2030,1,142,0.74641842075,1
NL_Wind_Offshore,2030,1,143,0.7440708115,1
NL_Wind_Offshore,2030,1,144,0.74172320225,1
NL_Wind_Offshore,2030,1,145,0.739375593,1
NL_Wind_Offshore,2030,1,146,0.752343349,1
NL_Wind_Offshore,2030,1,147,0.765311105,1
NL_Wind_Offshore,2030,1,148,0.778278861,1
NL_Wind_Offshore,2030,1,149,0.791246617,1
NL_Wind_Offshore,2030,1,150,0.80647173425,1
NL_Wind_Offshore,2030,1,151,0.8216968515,1
NL_Wind_Offshore,2030,1,152,0.83692196875,1
NL_Wind_Offshore,2030,1,153,0.852147086,1
NL_Wind_Offshore,2030,1,154,0.8641899802499999,1
NL_Wind_Offshore,2030,1,155,0.8762328745,1
NL_Wind_Offshore,2030,1,156,0.88827576875,1
NL_Wind_Offshore,2030,1,157,0.900318663,1
NL_Wind_Offshore,2030,1,158,0.8912215649999999,1
NL_Wind_Offshore,2030,1,159,0.8821244669999999,1
NL_Wind_Offshore,2030,1,160,0.873027369,1
NL_Wind_Offshore,2030,1,161,0.863930271,1
NL_Wind_Offshore,2030,1,162,0.85315526025,1
NL_Wind_Offshore,2030,1,163,0.8423802495,1
NL_Wind_Offshore,2030,1,164,0.83160523875,1
NL_Wind_Offshore,2030,1,165,0.820830228,1
NL_Wind_Offshore,2030,1,166,0.83548961475,1
NL_Wind_Offshore,2030,1,167,0.8501490015,1
NL_Wind_Offshore,2030,1,168,0.86480838825,1
NL_Wind_Offshore,2030,1,169,0.879467775,1
NL_Wind_Offshore,2030,1,170,0.89112485075,1
NL_Wind_Offshore,2030,1,171,0.9027819265,1
NL_Wind_Offshore,2030,1,172,0.91443900225,1
NL_Wind_Offshore,2030,1,173,0.926096078,1
NL_Wind_Offshore,2030,1,174,0.9270528115000001,1
NL_Wind_Offshore,2030,1,175,0.9280095450000001,1
NL_Wind_Offshore,2030,1,176,0.9289662785,1
NL_Wind_Offshore,2030,1,177,0.929923012,1
NL_Wind_Offshore,2030,1,178,0.9340377975,1
NL_Wind_Offshore,2030,1,179,0.938152583,1
NL_Wind_Offshore,2030,1,180,0.9422673685,1
NL_Wind_Offshore,2030,1,181,0.946382154,1
NL_Wind_Offshore,2030,1,182,0.93505242725,1
NL_Wind_Offshore,2030,1,183,0.9237227004999999,1
NL_Wind_Offshore,2030,1,184,0.91239297375,1
NL_Wind_Offshore,2030,1,185,0.901063247,1
NL_Wind_Offshore,2030,1,186,0.8894454635,1
NL_Wind_Offshore,2030,1,187,0.87782768,1
NL_Wind_Offshore,2030,1,188,0.8662098965,1
NL_Wind_Offshore,2030,1,189,0.854592113,1
NL_Wind_Offshore,2030,1,190,0.8521368892500001,1
NL_Wind_Offshore,2030,1,191,0.8496816655,1
NL_Wind_Offshore,2030,1,192,0.84722644175,1
NL_Wind_Offshore,2030,1,193,0.844771218,1
NL_Wind_Offshore,2030,1,194,0.817135152,1
NL_Wind_Offshore,2030,1,195,0.789499086,1
NL_Wind_Offshore,2030,1,196,0.7618630200000001,1
NL_Wind_Offshore,2030,1,197,0.734226954,1
NL_Wind_Offshore,2030,1,198,0.70842519475,1
NL_Wind_Offshore,2030,1,199,0.6826234355,1
NL_Wind_Offshore,2030,1,200,0.6568216762500001,1
NL_Wind_Offshore,2030,1,201,0.631019917,1
NL_Wind_Offshore,2030,1,202,0.624153367,1
NL_Wind_Offshore,2030,1,203,0.6172868170000001,1
NL_Wind_Offshore,2030,1,204,0.6104202670000001,1
NL_Wind_Offshore,2030,1,205,0.603553717,1
NL_Wind_Offshore,2030,1,206,0.5888491635,1
NL_Wind_Offshore,2030,1,207,0.57414461,1
NL_Wind_Offshore,2030,1,208,0.5594400565,1
NL_Wind_Offshore,2030,1,209,0.544735503,1
NL_Wind_Offshore,2030,1,210,0.52490393475,1
NL_Wind_Offshore,2030,1,211,0.5050723665,1
NL_Wind_Offshore,2030,1,212,0.48524079825,1
NL_Wind_Offshore,2030,1,213,0.46540923,1
NL_Wind_Offshore,2030,1,214,0.4503987445,1
NL_Wind_Offshore,2030,1,215,0.435388259,1
NL_Wind_Offshore,2030,1,216,0.4203777735,1
NL_Wind_Offshore,2030,1,217,0.405367288,1
NL_Wind_Offshore,2030,1,218,0.413158019,1
NL_Wind_Offshore,2030,1,219,0.42094875,1
NL_Wind_Offshore,2030,1,220,0.428739481,1
NL_Wind_Offshore,2030,1,221,0.436530212,1
NL_Wind_Offshore,2030,1,222,0.44287888249999996,1
NL_Wind_Offshore,2030,1,223,0.44922755299999995,1
NL_Wind_Offshore,2030,1,224,0.4555762235,1
NL_Wind_Offshore,2030,1,225,0.461924894,1
NL_Wind_Offshore,2030,1,226,0.49193781975,1
NL_Wind_Offshore,2030,1,227,0.5219507455,1
NL_Wind_Offshore,2030,1,228,0.55196367125,1
NL_Wind_Offshore,2030,1,229,0.581976597,1
NL_Wind_Offshore,2030,1,230,0.60233400075,1
NL_Wind_Offshore,2030,1,231,0.6226914045,1
NL_Wind_Offshore,2030,1,232,0.6430488082500001,1
NL_Wind_Offshore,2030,1,233,0.663406212,1
NL_Wind_Offshore,2030,1,234,0.71627470275,1
NL_Wind_Offshore,2030,1,235,0.7691431935,1
NL_Wind_Offshore,2030,1,236,0.82201168425,1
NL_Wind_Offshore,2030,1,237,0.874880175,1
NL_Wind_Offshore,2030,1,238,0.89119291825,1
NL_Wind_Offshore,2030,1,239,0.9075056615,1
NL_Wind_Offshore,2030,1,240,0.92381840475,1
NL_Wind_Offshore,2030,1,241,0.940131148,1
NL_Wind_Offshore,2030,1,242,0.948457428,1
NL_Wind_Offshore,2030,1,243,0.956783708,1
NL_Wind_Offshore,2030,1,244,0.965109988,1
NL_Wind_Offshore,2030,1,245,0.973436268,1
NL_Wind_Offshore,2030,1,246,0.9743025737500001,1
NL_Wind_Offshore,2030,1,247,0.9751688795,1
NL_Wind_Offshore,2030,1,248,0.97603518525,1
NL_Wind_Offshore,2030,1,249,0.976901491,1
NL_Wind_Offshore,2030,1,250,0.9756316647500001,1
NL_Wind_Offshore,2030,1,251,0.9743618385,1
NL_Wind_Offshore,2030,1,252,0.97309201225,1
NL_Wind_Offshore,2030,1,253,0.971822186,1
NL_Wind_Offshore,2030,1,254,0.9729469310000001,1
NL_Wind_Offshore,2030,1,255,0.974071676,1
NL_Wind_Offshore,2030,1,256,0.9751964209999999,1
NL_Wind_Offshore,2030,1,257,0.976321166,1
NL_Wind_Offshore,2030,1,258,0.9765835657499999,1
NL_Wind_Offshore,2030,1,259,0.9768459654999999,1
NL_Wind_Offshore,2030,1,260,0.97710836525,1
NL_Wind_Offshore,2030,1,261,0.977370765,1
NL_Wind_Offshore,2030,1,262,0.9776414675,1
NL_Wind_Offshore,2030,1,263,0.97791217,1
NL_Wind_Offshore,2030,1,264,0.9781828724999999,1
NL_Wind_Offshore,2030,1,265,0.978453575,1
NL_Wind_Offshore,2030,1,266,0.97860453325,1
NL_Wind_Offshore,2030,1,267,0.9787554915,1
NL_Wind_Offshore,2030,1,268,0.97890644975,1
NL_Wind_Offshore,2030,1,269,0.979057408,1
NL_Wind_Offshore,2030,1,270,0.9790817525,1
NL_Wind_Offshore,2030,1,271,0.9791060970000001,1
NL_Wind_Offshore,2030,1,272,0.9791304415000001,1
NL_Wind_Offshore,2030,1,273,0.979154786,1
NL_Wind_Offshore,2030,1,274,0.9791652195,1
NL_Wind_Offshore,2030,1,275,0.979175653,1
NL_Wind_Offshore,2030,1,276,0.9791860865,1
NL_Wind_Offshore,2030,1,277,0.97919652,1
NL_Wind_Offshore,2030,1,278,0.979196939,1
NL_Wind_Offshore,2030,1,279,0.979197358,1
NL_Wind_Offshore,2030,1,280,0.979197777,1
NL_Wind_Offshore,2030,1,281,0.979198196,1
NL_Wind_Offshore,2030,1,282,0.9791983682500001,1
NL_Wind_Offshore,2030,1,283,0.9791985405,1
NL_Wind_Offshore,2030,1,284,0.9791987127499999,1
NL_Wind_Offshore,2030,1,285,0.979198885,1
NL_Wind_Offshore,2030,1,286,0.9791991019999999,1
NL_Wind_Offshore,2030,1,287,0.9791993189999999,1
NL_Wind_Offshore,2030,1,288,0.979199536,1
NL_Wind_Offshore,2030,1,289,0.979199753,1
NL_Wind_Offshore,2030,1,290,0.9791990239999999,1
NL_Wind_Offshore,2030,1,291,0.979198295,1
NL_Wind_Offshore,2030,1,292,0.9791975660000001,1
NL_Wind_Offshore,2030,1,293,0.979196837,1
NL_Wind_Offshore,2030,1,294,0.979189902,1
NL_Wind_Offshore,2030,1,295,0.9791829670000001,1
NL_Wind_Offshore,2030,1,296,0.979176032,1
NL_Wind_Offshore,2030,1,297,0.979169097,1
NL_Wind_Offshore,2030,1,298,0.979176285,1
NL_Wind_Offshore,2030,1,299,0.979183473,1
NL_Wind_Offshore,2030,1,300,0.979190661,1
NL_Wind_Offshore,2030,1,301,0.979197849,1
NL_Wind_Offshore,2030,1,302,0.979198269,1
NL_Wind_Offshore,2030,1,303,0.979198689,1
NL_Wind_Offshore,2030,1,304,0.979199109,1
NL_Wind_Offshore,2030,1,305,0.979199529,1
NL_Wind_Offshore,2030,1,306,0.97919964175,1
NL_Wind_Offshore,2030,1,307,0.9791997545,1
NL_Wind_Offshore,2030,1,308,0.97919986725,1
NL_Wind_Offshore,2030,1,309,0.97919998,1
NL_Wind_Offshore,2030,1,310,0.979199984,1
NL_Wind_Offshore,2030,1,311,0.979199988,1
NL_Wind_Offshore,2030,1,312,0.979199992,1
NL_Wind_Offshore,2030,1,313,0.979199996,1
NL_Wind_Offshore,2030,1,314,0.97919999675,1
NL_Wind_Offshore,2030,1,315,0.9791999975,1
NL_Wind_Offshore,2030,1,316,0.9791999982499999,1
NL_Wind_Offshore,2030,1,317,0.979199999,1
NL_Wind_Offshore,2030,1,318,0.97919967325,1
NL_Wind_Offshore,2030,1,319,0.9791993475,1
NL_Wind_Offshore,2030,1,320,0.97919902175,1
NL_Wind_Offshore,2030,1,321,0.979198696,1
NL_Wind_Offshore,2030,1,322,0.979192069,1
NL_Wind_Offshore,2030,1,323,0.979185442,1
NL_Wind_Offshore,2030,1,324,0.979178815,1
NL_Wind_Offshore,2030,1,325,0.979172188,1
NL_Wind_Offshore,2030,1,326,0.94901692925,1
NL_Wind_Offshore,2030,1,327,0.9188616705,1
NL_Wind_Offshore,2030,1,328,0.88870641175,1
NL_Wind_Offshore,2030,1,329,0.858551153,1
NL_Wind_Offshore,2030,1,330,0.8561960445,1
NL_Wind_Offshore,2030,1,331,0.853840936,1
NL_Wind_Offshore,2030,1,332,0.8514858275,1
NL_Wind_Offshore,2030,1,333,0.849130719,1
NL_Wind_Offshore,2030,1,334,0.876332734,1
NL_Wind_Offshore,2030,1,335,0.9035347490000001,1
NL_Wind_Offshore,2030,1,336,0.930736764,1
NL_Wind_Offshore,2030,1,337,0.957938779,1
NL_Wind_Offshore,2030,1,338,0.9487585735,1
NL_Wind_Offshore,2030,1,339,0.939578368,1
NL_Wind_Offshore,2030,1,340,0.9303981625,1
NL_Wind_Offshore,2030,1,341,0.921217957,1
NL_Wind_Offshore,2030,1,342,0.8967143372499999,1
NL_Wind_Offshore,2030,1,343,0.8722107175,1
NL_Wind_Offshore,2030,1,344,0.8477070977500001,1
NL_Wind_Offshore,2030,1,345,0.823203478,1
NL_Wind_Offshore,2030,1,346,0.8142659305000001,1
NL_Wind_Offshore,2030,1,347,0.805328383,1
NL_Wind_Offshore,2030,1,348,0.7963908355,1
NL_Wind_Offshore,2030,1,349,0.787453288,1
NL_Wind_Offshore,2030,1,350,0.7945971137500001,1
NL_Wind_Offshore,2030,1,351,0.8017409395,1
NL_Wind_Offshore,2030,1,352,0.80888476525,1
NL_Wind_Offshore,2030,1,353,0.816028591,1
NL_Wind_Offshore,2030,1,354,0.84645623475,1
NL_Wind_Offshore,2030,1,355,0.8768838784999999,1
NL_Wind_Offshore,2030,1,356,0.90731152225,1
NL_Wind_Offshore,2030,1,357,0.937739166,1
NL_Wind_Offshore,2030,1,358,0.94715436525,1
NL_Wind_Offshore,2030,1,359,0.9565695645,1
NL_Wind_Offshore,2030,1,360,0.96598476375,1
NL_Wind_Offshore,2030,1,361,0.975399963,1
NL_Wind_Offshore,2030,1,362,0.9708165209999999,1
NL_Wind_Offshore,2030,1,363,0.966233079,1
NL_Wind_Offshore,2030,1,364,0.9616496370000001,1
NL_Wind_Offshore,2030,1,365,0.957066195,1
NL_Wind_Offshore,2030,1,366,0.962529925,1
NL_Wind_Offshore,2030,1,367,0.967993655,1
NL_Wind_Offshore,2030,1,368,0.973457385,1
NL_Wind_Offshore,2030,1,369,0.978921115,1
NL_Wind_Offshore,2030,1,370,0.9788859169999999,1
NL_Wind_Offshore,2030,1,371,0.978850719,1
NL_Wind_Offshore,2030,1,372,0.978815521,1
NL_Wind_Offshore,2030,1,373,0.978780323,1
NL_Wind_Offshore,2030,1,374,0.9786369515,1
NL_Wind_Offshore,2030,1,375,0.97849358,1
NL_Wind_Offshore,2030,1,376,0.9783502085,1
NL_Wind_Offshore,2030,1,377,0.978206837,1
NL_Wind_Offshore,2030,1,378,0.9777400275,1
NL_Wind_Offshore,2030,1,379,0.977273218,1
NL_Wind_Offshore,2030,1,380,0.9768064085,1
NL_Wind_Offshore,2030,1,381,0.976339599,1
NL_Wind_Offshore,2030,1,382,0.97349954925,1
NL_Wind_Offshore,2030,1,383,0.9706594995,1
NL_Wind_Offshore,2030,1,384,0.96781944975,1
NL_Wind_Offshore,2030,1,385,0.9649794,1
NL_Wind_Offshore,2030,1,386,0.9674022317500001,1
NL_Wind_Offshore,2030,1,387,0.9698250635000001,1
NL_Wind_Offshore,2030,1,388,0.97224789525,1
NL_Wind_Offshore,2030,1,389,0.974670727,1
NL_Wind_Offshore,2030,1,390,0.9757683582500001,1
NL_Wind_Offshore,2030,1,391,0.9768659895,1
NL_Wind_Offshore,2030,1,392,0.97796362075,1
NL_Wind_Offshore,2030,1,393,0.979061252,1
NL_Wind_Offshore,2030,1,394,0.9790944072500001,1
NL_Wind_Offshore,2030,1,395,0.9791275625,1
NL_Wind_Offshore,2030,1,396,0.97916071775,1
NL_Wind_Offshore,2030,1,397,0.979193873,1
NL_Wind_Offshore,2030,1,398,0.9791954045,1
NL_Wind_Offshore,2030,1,399,0.979196936,1
NL_Wind_Offshore,2030,1,400,0.9791984675000001,1
NL_Wind_Offshore,2030,1,401,0.979199999,1
NL_Wind_Offshore,2030,1,402,0.9783709775,1
NL_Wind_Offshore,2030,1,403,0.977541956,1
NL_Wind_Offshore,2030,1,404,0.9767129345,1
NL_Wind_Offshore,2030,1,405,0.975883913,1
NL_Wind_Offshore,2030,1,406,0.87061929775,1
NL_Wind_Offshore,2030,1,407,0.7653546824999999,1
NL_Wind_Offshore,2030,1,408,0.66009006725,1
NL_Wind_Offshore,2030,1,409,0.554825452,1
NL_Wind_Offshore,2030,1,410,0.52469565425,1
NL_Wind_Offshore,2030,1,411,0.4945658565,1
NL_Wind_Offshore,2030,1,412,0.46443605875000005,1
NL_Wind_Offshore,2030,1,413,0.434306261,1
NL_Wind_Offshore,2030,1,414,0.44877197275,1
NL_Wind_Offshore,2030,1,415,0.4632376845,1
NL_Wind_Offshore,2030,1,416,0.47770339625,1
NL_Wind_Offshore,2030,1,417,0.492169108,1
NL_Wind_Offshore,2030,1,418,0.47895834400000004,1
NL_Wind_Offshore,2030,1,419,0.46574758000000005,1
NL_Wind_Offshore,2030,1,420,0.452536816,1
NL_Wind_Offshore,2030,1,421,0.439326052,1
NL_Wind_Offshore,2030,1,422,0.3699217705,1
NL_Wind_Offshore,2030,1,423,0.300517489,1
NL_Wind_Offshore,2030,1,424,0.23111320750000003,1
NL_Wind_Offshore,2030,1,425,0.161708926,1
NL_Wind_Offshore,2030,1,426,0.223393083,1
NL_Wind_Offshore,2030,1,427,0.28507724,1
NL_Wind_Offshore,2030,1,428,0.34676139699999997,1
NL_Wind_Offshore,2030,1,429,0.408445554,1
NL_Wind_Offshore,2030,1,430,0.5508327595,1
NL_Wind_Offshore,2030,1,431,0.6932199649999999,1
NL_Wind_Offshore,2030,1,432,0.8356071705,1
NL_Wind_Offshore,2030,1,433,0.977994376,1
NL_Wind_Offshore,2030,1,434,0.9655816257500001,1
NL_Wind_Offshore,2030,1,435,0.9531688755000001,1
NL_Wind_Offshore,2030,1,436,0.94075612525,1
NL_Wind_Offshore,2030,1,437,0.928343375,1
NL_Wind_Offshore,2030,1,438,0.94031096775,1
NL_Wind_Offshore,2030,1,439,0.9522785604999999,1
NL_Wind_Offshore,2030,1,440,0.96424615325,1
NL_Wind_Offshore,2030,1,441,0.976213746,1
NL_Wind_Offshore,2030,1,442,0.9769603095,1
NL_Wind_Offshore,2030,1,443,0.977706873,1
NL_Wind_Offshore,2030,1,444,0.9784534364999999,1
NL_Wind_Offshore,2030,1,445,0.9792,1
NL_Wind_Offshore,2030,1,446,0.9792,1
NL_Wind_Offshore,2030,1,447,0.9792,1
NL_Wind_Offshore,2030,1,448,0.9792,1
NL_Wind_Offshore,2030,1,449,0.9792,1
NL_Wind_Offshore,2030,1,450,0.9791979255,1
NL_Wind_Offshore,2030,1,451,0.9791958510000001,1
NL_Wind_Offshore,2030,1,452,0.9791937765000001,1
NL_Wind_Offshore,2030,1,453,0.979191702,1
NL_Wind_Offshore,2030,1,454,0.97773571525,1
NL_Wind_Offshore,2030,1,455,0.9762797285,1
NL_Wind_Offshore,2030,1,456,0.97482374175,1
NL_Wind_Offshore,2030,1,457,0.973367755,1
NL_Wind_Offshore,2030,1,458,0.974259172,1
NL_Wind_Offshore,2030,1,459,0.975150589,1
NL_Wind_Offshore,2030,1,460,0.9760420059999999,1
NL_Wind_Offshore,2030,1,461,0.976933423,1
NL_Wind_Offshore,2030,1,462,0.9772344065,1
NL_Wind_Offshore,2030,1,463,0.97753539,1
NL_Wind_Offshore,2030,1,464,0.9778363735,1
NL_Wind_Offshore,2030,1,465,0.978137357,1
NL_Wind_Offshore,2030,1,466,0.95474398325,1
NL_Wind_Offshore,2030,1,467,0.9313506095,1
NL_Wind_Offshore,2030,1,468,0.9079572357500001,1
NL_Wind_Offshore,2030,1,469,0.884563862,1
NL_Wind_Offshore,2030,1,470,0.81905205725,1
NL_Wind_Offshore,2030,1,471,0.7535402525,1
NL_Wind_Offshore,2030,1,472,0.68802844775,1
NL_Wind_Offshore,2030,1,473,0.622516643,1
NL_Wind_Offshore,2030,1,474,0.63493593675,1
NL_Wind_Offshore,2030,1,475,0.6473552305,1
NL_Wind_Offshore,2030,1,476,0.6597745242499999,1
NL_Wind_Offshore,2030,1,477,0.672193818,1
NL_Wind_Offshore,2030,1,478,0.73827521625,1
NL_Wind_Offshore,2030,1,479,0.8043566145000001,1
NL_Wind_Offshore,2030,1,480,0.87043801275,1
NL_Wind_Offshore,2030,1,481,0.936519411,1
NL_Wind_Offshore,2030,1,482,0.946817071,1
NL_Wind_Offshore,2030,1,483,0.957114731,1
NL_Wind_Offshore,2030,1,484,0.967412391,1
NL_Wind_Offshore,2030,1,485,0.977710051,1
NL_Wind_Offshore,2030,1,486,0.9761490385,1
NL_Wind_Offshore,2030,1,487,0.9745880259999999,1
NL_Wind_Offshore,2030,1,488,0.9730270135,1
NL_Wind_Offshore,2030,1,489,0.971466001,1
NL_Wind_Offshore,2030,1,490,0.9636071767500001,1
NL_Wind_Offshore,2030,1,491,0.9557483525,1
NL_Wind_Offshore,2030,1,492,0.94788952825,1
NL_Wind_Offshore,2030,1,493,0.940030704,1
NL_Wind_Offshore,2030,1,494,0.93781703925,1
NL_Wind_Offshore,2030,1,495,0.9356033745,1
NL_Wind_Offshore,2030,1,496,0.9333897097499999,1
NL_Wind_Offshore,2030,1,497,0.931176045,1
NL_Wind_Offshore,2030,1,498,0.9327980899999999,1
NL_Wind_Offshore,2030,1,499,0.934420135,1
NL_Wind_Offshore,2030,1,500,0.9360421800000001,1
NL_Wind_Offshore,2030,1,501,0.937664225,1
NL_Wind_Offshore,2030,1,502,0.91566933125,1
NL_Wind_Offshore,2030,1,503,0.8936744375000001,1
NL_Wind_Offshore,2030,1,504,0.87167954375,1
NL_Wind_Offshore,2030,1,505,0.84968465,1
NL_Wind_Offshore,2030,1,506,0.82073831125,1
NL_Wind_Offshore,2030,1,507,0.7917919725,1
NL_Wind_Offshore,2030,1,508,0.76284563375,1
NL_Wind_Offshore,2030,1,509,0.733899295,1
NL_Wind_Offshore,2030,1,510,0.678374776,1
NL_Wind_Offshore,2030,1,511,0.622850257,1
NL_Wind_Offshore,2030,1,512,0.567325738,1
NL_Wind_Offshore,2030,1,513,0.511801219,1
NL_Wind_Offshore,2030,1,514,0.5080084029999999,1
NL_Wind_Offshore,2030,1,515,0.504215587,1
NL_Wind_Offshore,2030,1,516,0.500422771,1
NL_Wind_Offshore,2030,1,517,0.496629955,1
NL_Wind_Offshore,2030,1,518,0.45012389625,1
NL_Wind_Offshore,2030,1,519,0.4036178375,1
NL_Wind_Offshore,2030,1,520,0.35711177875,1
NL_Wind_Offshore,2030,1,521,0.31060572,1
NL_Wind_Offshore,2030,1,522,0.29256161025,1
NL_Wind_Offshore,2030,1,523,0.2745175005,1
NL_Wind_Offshore,2030,1,524,0.25647339075,1
NL_Wind_Offshore,2030,1,525,0.238429281,1
NL_Wind_Offshore,2030,1,526,0.31756467675,1
NL_Wind_Offshore,2030,1,527,0.39670007249999995,1
NL_Wind_Offshore,2030,1,528,0.47583546824999995,1
NL_Wind_Offshore,2030,1,529,0.554970864,1
NL_Wind_Offshore,2030,1,530,0.63624691175,1
NL_Wind_Offshore,2030,1,531,0.7175229595,1
NL_Wind_Offshore,2030,1,532,0.79879900725,1
NL_Wind_Offshore,2030,1,533,0.880075055,1
NL_Wind_Offshore,2030,1,534,0.86633569975,1
NL_Wind_Offshore,2030,1,535,0.8525963445,1
NL_Wind_Offshore,2030,1,536,0.8388569892500001,1
NL_Wind_Offshore,2030,1,537,0.825117634,1
NL_Wind_Offshore,2030,1,538,0.8009137737500001,1
NL_Wind_Offshore,2030,1,539,0.7767099135,1
NL_Wind_Offshore,2030,1,540,0.75250605325,1
NL_Wind_Offshore,2030,1,541,0.728302193,1
NL_Wind_Offshore,2030,1,542,0.71622498125,1
NL_Wind_Offshore,2030,1,543,0.7041477695,1
NL_Wind_Offshore,2030,1,544,0.69207055775,1
NL_Wind_Offshore,2030,1,545,0.679993346,1
NL_Wind_Offshore,2030,1,546,0.66035732075,1
NL_Wind_Offshore,2030,1,547,0.6407212955,1
NL_Wind_Offshore,2030,1,548,0.62108527025,1
NL_Wind_Offshore,2030,1,549,0.601449245,1
NL_Wind_Offshore,2030,1,550,0.5692835657499999,1
NL_Wind_Offshore,2030,1,551,0.5371178864999999,1
NL_Wind_Offshore,2030,1,552,0.50495220725,1
NL_Wind_Offshore,2030,1,553,0.472786528,1
NL_Wind_Offshore,2030,1,554,0.50410246875,1
NL_Wind_Offshore,2030,1,555,0.5354184095,1
NL_Wind_Offshore,2030,1,556,0.56673435025,1
NL_Wind_Offshore,2030,1,557,0.598050291,1
NL_Wind_Offshore,2030,1,558,0.669988316,1
NL_Wind_Offshore,2030,1,559,0.741926341,1
NL_Wind_Offshore,2030,1,560,0.813864366,1
NL_Wind_Offshore,2030,1,561,0.885802391,1
NL_Wind_Offshore,2030,1,562,0.904679475,1
NL_Wind_Offshore,2030,1,563,0.923556559,1
NL_Wind_Offshore,2030,1,564,0.942433643,1
NL_Wind_Offshore,2030,1,565,0.961310727,1
NL_Wind_Offshore,2030,1,566,0.965619166,1
NL_Wind_Offshore,2030,1,567,0.969927605,1
NL_Wind_Offshore,2030,1,568,0.974236044,1
NL_Wind_Offshore,2030,1,569,0.978544483,1
NL_Wind_Offshore,2030,1,570,0.97870518825,1
NL_Wind_Offshore,2030,1,571,0.9788658935,1
NL_Wind_Offshore,2030,1,572,0.97902659875,1
NL_Wind_Offshore,2030,1,573,0.979187304,1
NL_Wind_Offshore,2030,1,574,0.9791893715,1
NL_Wind_Offshore,2030,1,575,0.979191439,1
NL_Wind_Offshore,2030,1,576,0.9791935065,1
NL_Wind_Offshore,2030,1,577,0.979195574,1
NL_Wind_Offshore,2030,1,578,0.97919628175,1
NL_Wind_Offshore,2030,1,579,0.9791969895,1
NL_Wind_Offshore,2030,1,580,0.97919769725,1
NL_Wind_Offshore,2030,1,581,0.979198405,1
NL_Wind_Offshore,2030,1,582,0.9791985765,1
NL_Wind_Offshore,2030,1,583,0.979198748,1
NL_Wind_Offshore,2030,1,584,0.9791989195,1
NL_Wind_Offshore,2030,1,585,0.979199091,1
NL_Wind_Offshore,2030,1,586,0.9791992405000001,1
NL_Wind_Offshore,2030,1,587,0.97919939,1
NL_Wind_Offshore,2030,1,588,0.9791995394999999,1
NL_Wind_Offshore,2030,1,589,0.979199689,1
NL_Wind_Offshore,2030,1,590,0.9791994775,1
NL_Wind_Offshore,2030,1,591,0.979199266,1
NL_Wind_Offshore,2030,1,592,0.9791990545,1
NL_Wind_Offshore,2030,1,593,0.979198843,1
NL_Wind_Offshore,2030,1,594,0.9791991075,1
NL_Wind_Offshore,2030,1,595,0.9791993720000001,1
NL_Wind_Offshore,2030,1,596,0.9791996365,1
NL_Wind_Offshore,2030,1,597,0.979199901,1
NL_Wind_Offshore,2030,1,598,0.9791999257499999,1
NL_Wind_Offshore,2030,1,599,0.9791999505,1
NL_Wind_Offshore,2030,1,600,0.97919997525,1
NL_Wind_Offshore,2030,1,601,0.9792,1
NL_Wind_Offshore,2030,1,602,0.9792,1
NL_Wind_Offshore,2030,1,603,0.9792,1
NL_Wind_Offshore,2030,1,604,0.9792,1
NL_Wind_Offshore,2030,1,605,0.9792,1
NL_Wind_Offshore,2030,1,606,0.9792,1
NL_Wind_Offshore,2030,1,607,0.9792,1
NL_Wind_Offshore,2030,1,608,0.9792,1
NL_Wind_Offshore,2030,1,609,0.9792,1
NL_Wind_Offshore,2030,1,610,0.97919999925,1
NL_Wind_Offshore,2030,1,611,0.9791999985,1
NL_Wind_Offshore,2030,1,612,0.97919999775,1
NL_Wind_Offshore,2030,1,613,0.979199997,1
NL_Wind_Offshore,2030,1,614,0.9791723055,1
NL_Wind_Offshore,2030,1,615,0.979144614,1
NL_Wind_Offshore,2030,1,616,0.9791169225,1
NL_Wind_Offshore,2030,1,617,0.979089231,1
NL_Wind_Offshore,2030,1,618,0.97911692325,1
NL_Wind_Offshore,2030,1,619,0.9791446155,1
NL_Wind_Offshore,2030,1,620,0.97917230775,1
NL_Wind_Offshore,2030,1,621,0.9792,1
NL_Wind_Offshore,2030,1,622,0.9792,1
NL_Wind_Offshore,2030,1,623,0.9792,1
NL_Wind_Offshore,2030,1,624,0.9792,1
NL_Wind_Offshore,2030,1,625,0.9792,1
NL_Wind_Offshore,2030,1,626,0.9792,1
NL_Wind_Offshore,2030,1,627,0.9792,1
NL_Wind_Offshore,2030,1,628,0.9792,1
NL_Wind_Offshore,2030,1,629,0.9792,1
NL_Wind_Offshore,2030,1,630,0.9792,1
NL_Wind_Offshore,2030,1,631,0.9792,1
NL_Wind_Offshore,2030,1,632,0.9792,1
NL_Wind_Offshore,2030,1,633,0.9792,1
NL_Wind_Offshore,2030,1,634,0.9792,1
NL_Wind_Offshore,2030,1,635,0.9792,1
NL_Wind_Offshore,2030,1,636,0.9792,1
NL_Wind_Offshore,2030,1,637,0.9792,1
NL_Wind_Offshore,2030,1,638,0.9791999339999999,1
NL_Wind_Offshore,2030,1,639,0.979199868,1
NL_Wind_Offshore,2030,1,640,0.979199802,1
NL_Wind_Offshore,2030,1,641,0.979199736,1
NL_Wind_Offshore,2030,1,642,0.9791986525,1
NL_Wind_Offshore,2030,1,643,0.979197569,1
NL_Wind_Offshore,2030,1,644,0.9791964854999999,1
NL_Wind_Offshore,2030,1,645,0.979195402,1
NL_Wind_Offshore,2030,1,646,0.97919653225,1
NL_Wind_Offshore,2030,1,647,0.9791976625000001,1
NL_Wind_Offshore,2030,1,648,0.97919879275,1
NL_Wind_Offshore,2030,1,649,0.979199923,1
NL_Wind_Offshore,2030,1,650,0.97919992825,1
NL_Wind_Offshore,2030,1,651,0.9791999335,1
NL_Wind_Offshore,2030,1,652,0.97919993875,1
NL_Wind_Offshore,2030,1,653,0.979199944,1
NL_Wind_Offshore,2030,1,654,0.97919995575,1
NL_Wind_Offshore,2030,1,655,0.9791999675,1
NL_Wind_Offshore,2030,1,656,0.97919997925,1
NL_Wind_Offshore,2030,1,657,0.979199991,1
NL_Wind_Offshore,2030,1,658,0.97919998475,1
NL_Wind_Offshore,2030,1,659,0.9791999785000001,1
NL_Wind_Offshore,2030,1,660,0.97919997225,1
NL_Wind_Offshore,2030,1,661,0.979199966,1
NL_Wind_Offshore,2030,1,662,0.9791998015000001,1
NL_Wind_Offshore,2030,1,663,0.979199637,1
NL_Wind_Offshore,2030,1,664,0.9791994725,1
NL_Wind_Offshore,2030,1,665,0.979199308,1
NL_Wind_Offshore,2030,1,666,0.9791994575,1
NL_Wind_Offshore,2030,1,667,0.979199607,1
NL_Wind_Offshore,2030,1,668,0.9791997564999999,1
NL_Wind_Offshore,2030,1,669,0.979199906,1
NL_Wind_Offshore,2030,1,670,0.9791999137499999,1
NL_Wind_Offshore,2030,1,671,0.9791999215,1
NL_Wind_Offshore,2030,1,672,0.97919992925,1
NL_Solar,2030,1,1,0.0,1
NL_Solar,2030,1,2,0.0,1
NL_Solar,2030,1,3,0.0,1
NL_Solar,2030,1,4,0.0,1
NL_Solar,2030,1,5,0.0,1
NL_Solar,2030,1,6,0.0,1
NL_Solar,2030,1,7,0.0,1
NL_Solar,2030,1,8,0.0,1
NL_Solar,2030,1,9,0.0,1
NL_Solar,2030,1,10,0.0,1
NL_Solar,2030,1,11,0.0,1
NL_Solar,2030,1,12,0.0,1
NL_Solar,2030,1,13,0.0,1
NL_Solar,2030,1,14,0.0,1
NL_Solar,2030,1,15,0.0,1
NL_Solar,2030,1,16,0.0,1
NL_Solar,2030,1,17,0.0,1
NL_Solar,2030,1,18,0.0,1
NL_Solar,2030,1,19,0.0,1
NL_Solar,2030,1,20,0.0,1
NL_Solar,2030,1,21,0.0,1
NL_Solar,2030,1,22,0.0,1
NL_Solar,2030,1,23,0.0,1
NL_Solar,2030,1,24,0.0,1
NL_Solar,2030,1,25,0.0,1
NL_Solar,2030,1,26,0.0,1
NL_Solar,2030,1,27,0.0,1
NL_Solar,2030,1,28,0.0,1
NL_Solar,2030,1,29,0.0,1
NL_Solar,2030,1,30,0.0,1
NL_Solar,2030,1,31,0.0,1
NL_Solar,2030,1,32,0.0,1
NL_Solar,2030,1,33,0.0,1
NL_Solar,2030,1,34,0.0,1
NL_Solar,2030,1,35,0.0,1
NL_Solar,2030,1,36,0.0,1
NL_Solar,2030,1,37,0.0,1
NL_Solar,2030,1,38,0.0,1
NL_Solar,2030,1,39,0.0,1
NL_Solar,2030,1,40,0.0,1
NL_Solar,2030,1,41,0.0,1
NL_Solar,2030,1,42,0.0,1
NL_Solar,2030,1,43,0.0,1
NL_Solar,2030,1,44,0.0,1
NL_Solar,2030,1,45,0.0,1
NL_Solar,2030,1,46,0.01705242175,1
NL_Solar,2030,1,47,0.0341048435,1
NL_Solar,2030,1,48,0.05115726525,1
NL_Solar,2030,1,49,0.068209687,1
NL_Solar,2030,1,50,0.08697227975,1
NL_Solar,2030,1,51,0.1057348725,1
NL_Solar,2030,1,52,0.12449746525,1
NL_Solar,2030,1,53,0.143260058,1
NL_Solar,2030,1,54,0.16008621174999998,1
NL_Solar,2030,1,55,0.1769123655,1
NL_Solar,2030,1,56,0.19373851925000002,1
NL_Solar,2030,1,57,0.210564673,1
NL_Solar,2030,1,58,0.211386719,1
NL_Solar,2030,1,59,0.21220876500000002,1
NL_Solar,2030,1,60,0.21303081100000001,1
NL_Solar,2030,1,61,0.213852857,1
NL_Solar,2030,1,62,0.2000379195,1
NL_Solar,2030,1,63,0.186222982,1
NL_Solar,2030,1,64,0.17240804450000002,1
NL_Solar,2030,1,65,0.158593107,1
NL_Solar,2030,1,66,0.13929022700000002,1
NL_Solar,2030,1,67,0.11998734700000001,1
NL_Solar,2030,1,68,0.100684467,1
NL_Solar,2030,1,69,0.081381587,1
NL_Solar,2030,1,70,0.06490164725,1
NL_Solar,2030,1,71,0.0484217075,1
NL_Solar,2030,1,72,0.03194176775,1
NL_Solar,2030,1,73,0.015461828,1
NL_Solar,2030,1,74,0.011596371000000001,1
NL_Solar,2030,1,75,0.007730914,1
NL_Solar,2030,1,76,0.0038654569999999992,1
NL_Solar,2030,1,77,0.0,1
NL_Solar,2030,1,78,0.0,1
NL_Solar,2030,1,79,0.0,1
NL_Solar,2030,1,80,0.0,1
NL_Solar,2030,1,81,0.0,1
NL_Solar,2030,1,82,0.0,1
NL_Solar,2030,1,83,0.0,1
NL_Solar,2030,1,84,0.0,1
NL_Solar,2030,1,85,0.0,1
NL_Solar,2030,1,86,0.0,1
NL_Solar,2030,1,87,0.0,1
NL_Solar,2030,1,88,0.0,1
NL_Solar,2030,1,89,0.0,1
NL_Solar,2030,1,90,0.0,1
NL_Solar,2030,1,91,0.0,1
NL_Solar,2030,1,92,0.0,1
NL_Solar,2030,1,93,0.0,1
NL_Solar,2030,1,94,0.0,1
NL_Solar,2030,1,95,0.0,1
NL_Solar,2030,1,96,0.0,1
NL_Solar,2030,1,97,0.0,1
NL_Solar,2030,1,98,0.0,1
NL_Solar,2030,1,99,0.0,1
NL_Solar,2030,1,100,0.0,1
NL_Solar,2030,1,101,0.0,1
NL_Solar,2030,1,102,0.0,1
NL_Solar,2030,1,103,0.0,1
NL_Solar,2030,1,104,0.0,1
NL_Solar,2030,1,105,0.0,1
NL_Solar,2030,1,106,0.0,1
NL_Solar,2030,1,107,0.0,1
NL_Solar,2030,1,108,0.0,1
NL_Solar,2030,1,109,0.0,1
NL_Solar,2030,1,110,0.0,1
NL_Solar,2030,1,111,0.0,1
NL_Solar,2030,1,112,0.0,1
NL_Solar,2030,1,113,0.0,1
NL_Solar,2030,1,114,0.0,1
NL_Solar,2030,1,115,0.0,1
NL_Solar,2030,1,116,0.0,1
NL_Solar,2030,1,117,0.0,1
NL_Solar,2030,1,118,0.0,1
NL_Solar,2030,1,119,0.0,1
NL_Solar,2030,1,120,0.0,1
NL_Solar,2030,1,121,0.0,1
NL_Solar,2030,1,122,0.0,1
NL_Solar,2030,1,123,0.0,1
NL_Solar,2030,1,124,0.0,1
NL_Solar,2030,1,125,0.0,1
NL_Solar,2030,1,126,0.0,1
NL_Solar,2030,1,127,0.0,1
NL_Solar,2030,1,128,0.0,1
NL_Solar,2030,1,129,0.0,1
NL_Solar,2030,1,130,0.0,1
NL_Solar,2030,1,131,0.0,1
NL_Solar,2030,1,132,0.0,1
NL_Solar,2030,1,133,0.0,1
NL_Solar,2030,1,134,0.0,1
NL_Solar,2030,1,135,0.0,1
NL_Solar,2030,1,136,0.0,1
NL_Solar,2030,1,137,0.0,1
NL_Solar,2030,1,138,0.0,1
NL_Solar,2030,1,139,0.0,1
NL_Solar,2030,1,140,0.0,1
NL_Solar,2030,1,141,0.0,1
NL_Solar,2030,1,142,0.01937675775,1
NL_Solar,2030,1,143,0.0387535155,1
NL_Solar,2030,1,144,0.05813027325,1
NL_Solar,2030,1,145,0.077507031,1
NL_Solar,2030,1,146,0.0994019715,1
NL_Solar,2030,1,147,0.121296912,1
NL_Solar,2030,1,148,0.1431918525,1
NL_Solar,2030,1,149,0.165086793,1
NL_Solar,2030,1,150,0.18267610025,1
NL_Solar,2030,1,151,0.2002654075,1
NL_Solar,2030,1,152,0.21785471475,1
NL_Solar,2030,1,153,0.235444022,1
NL_Solar,2030,1,154,0.23599669625,1
NL_Solar,2030,1,155,0.2365493705,1
NL_Solar,2030,1,156,0.23710204475,1
NL_Solar,2030,1,157,0.237654719,1
NL_Solar,2030,1,158,0.227064933,1
NL_Solar,2030,1,159,0.21647514699999998,1
NL_Solar,2030,1,160,0.205885361,1
NL_Solar,2030,1,161,0.195295575,1
NL_Solar,2030,1,162,0.1794109145,1
NL_Solar,2030,1,163,0.16352625399999998,1
NL_Solar,2030,1,164,0.1476415935,1
NL_Solar,2030,1,165,0.131756933,1
NL_Solar,2030,1,166,0.10947534375,1
NL_Solar,2030,1,167,0.0871937545,1
NL_Solar,2030,1,168,0.06491216525,1
NL_Solar,2030,1,169,0.042630576,1
NL_Solar,2030,1,170,0.031972932,1
NL_Solar,2030,1,171,0.021315288,1
NL_Solar,2030,1,172,0.010657644,1
NL_Solar,2030,1,173,0.0,1
NL_Solar,2030,1,174,0.0,1
NL_Solar,2030,1,175,0.0,1
NL_Solar,2030,1,176,0.0,1
NL_Solar,2030,1,177,0.0,1
NL_Solar,2030,1,178,0.0,1
NL_Solar,2030,1,179,0.0,1
NL_Solar,2030,1,180,0.0,1
NL_Solar,2030,1,181,0.0,1
NL_Solar,2030,1,182,0.0,1
NL_Solar,2030,1,183,0.0,1
NL_Solar,2030,1,184,0.0,1
NL_Solar,2030,1,185,0.0,1
NL_Solar,2030,1,186,0.0,1
NL_Solar,2030,1,187,0.0,1
NL_Solar,2030,1,188,0.0,1
NL_Solar,2030,1,189,0.0,1
NL_Solar,2030,1,190,0.0,1
NL_Solar,2030,1,191,0.0,1
NL_Solar,2030,1,192,0.0,1
NL_Solar,2030,1,193,0.0,1
NL_Solar,2030,1,194,0.0,1
NL_Solar,2030,1,195,0.0,1
NL_Solar,2030,1,196,0.0,1
NL_Solar,2030,1,197,0.0,1
NL_Solar,2030,1,198,0.0,1
NL_Solar,2030,1,199,0.0,1
NL_Solar,2030,1,200,0.0,1
NL_Solar,2030,1,201,0.0,1
NL_Solar,2030,1,202,0.0,1
NL_Solar,2030,1,203,0.0,1
NL_Solar,2030,1,204,0.0,1
NL_Solar,2030,1,205,0.0,1
NL_Solar,2030,1,206,0.0,1
NL_Solar,2030,1,207,0.0,1
NL_Solar,2030,1,208,0.0,1
NL_Solar,2030,1,209,0.0,1
NL_Solar,2030,1,210,0.0,1
NL_Solar,2030,1,211,0.0,1
NL_Solar,2030,1,212,0.0,1
NL_Solar,2030,1,213,0.0,1
NL_Solar,2030,1,214,0.0,1
NL_Solar,2030,1,215,0.0,1
NL_Solar,2030,1,216,0.0,1
NL_Solar,2030,1,217,0.0,1
NL_Solar,2030,1,218,0.0,1
NL_Solar,2030,1,219,0.0,1
NL_Solar,2030,1,220,0.0,1
NL_Solar,2030,1,221,0.0,1
NL_Solar,2030,1,222,0.0,1
NL_Solar,2030,1,223,0.0,1
NL_Solar,2030,1,224,0.0,1
NL_Solar,2030,1,225,0.0,1
NL_Solar,2030,1,226,0.0,1
NL_Solar,2030,1,227,0.0,1
NL_Solar,2030,1,228,0.0,1
NL_Solar,2030,1,229,0.0,1
NL_Solar,2030,1,230,0.0,1
NL_Solar,2030,1,231,0.0,1
NL_Solar,2030,1,232,0.0,1
NL_Solar,2030,1,233,0.0,1
NL_Solar,2030,1,234,0.0,1
NL_Solar,2030,1,235,0.0,1
NL_Solar,2030,1,236,0.0,1
NL_Solar,2030,1,237,0.0,1
NL_Solar,2030,1,238,0.036983938,1
NL_Solar,2030,1,239,0.073967876,1
NL_Solar,2030,1,240,0.11095181400000001,1
NL_Solar,2030,1,241,0.147935752,1
NL_Solar,2030,1,242,0.1797559715,1
NL_Solar,2030,1,243,0.21157619100000002,1
NL_Solar,2030,1,244,0.24339641050000002,1
NL_Solar,2030,1,245,0.27521663,1
NL_Solar,2030,1,246,0.29208541675,1
NL_Solar,2030,1,247,0.3089542035,1
NL_Solar,2030,1,248,0.32582299025,1
NL_Solar,2030,1,249,0.342691777,1
NL_Solar,2030,1,250,0.34260437675,1
NL_Solar,2030,1,251,0.3425169765,1
NL_Solar,2030,1,252,0.34242957625,1
NL_Solar,2030,1,253,0.342342176,1
NL_Solar,2030,1,254,0.32888555875000003,1
NL_Solar,2030,1,255,0.3154289415,1
NL_Solar,2030,1,256,0.30197232425,1
NL_Solar,2030,1,257,0.288515707,1
NL_Solar,2030,1,258,0.25926893,1
NL_Solar,2030,1,259,0.230022153,1
NL_Solar,2030,1,260,0.200775376,1
NL_Solar,2030,1,261,0.171528599,1
NL_Solar,2030,1,262,0.141124032,1
NL_Solar,2030,1,263,0.110719465,1
NL_Solar,2030,1,264,0.080314898,1
NL_Solar,2030,1,265,0.049910331,1
NL_Solar,2030,1,266,0.03743274825,1
NL_Solar,2030,1,267,0.0249551655,1
NL_Solar,2030,1,268,0.01247758275,1
NL_Solar,2030,1,269,0.0,1
NL_Solar,2030,1,270,0.0,1
NL_Solar,2030,1,271,0.0,1
NL_Solar,2030,1,272,0.0,1
NL_Solar,2030,1,273,0.0,1
NL_Solar,2030,1,274,0.0,1
NL_Solar,2030,1,275,0.0,1
NL_Solar,2030,1,276,0.0,1
NL_Solar,2030,1,277,0.0,1
NL_Solar,2030,1,278,0.0,1
NL_Solar,2030,1,279,0.0,1
NL_Solar,2030,1,280,0.0,1
NL_Solar,2030,1,281,0.0,1
NL_Solar,2030,1,282,0.0,1
NL_Solar,2030,1,283,0.0,1
NL_Solar,2030,1,284,0.0,1
NL_Solar,2030,1,285,0.0,1
NL_Solar,2030,1,286,0.0,1
NL_Solar,2030,1,287,0.0,1
NL_Solar,2030,1,288,0.0,1
NL_Solar,2030,1,289,0.0,1
NL_Solar,2030,1,290,0.0,1
NL_Solar,2030,1,291,0.0,1
NL_Solar,2030,1,292,0.0,1
NL_Solar,2030,1,293,0.0,1
NL_Solar,2030,1,294,0.0,1
NL_Solar,2030,1,295,0.0,1
NL_Solar,2030,1,296,0.0,1
NL_Solar,2030,1,297,0.0,1
NL_Solar,2030,1,298,0.0,1
NL_Solar,2030,1,299,0.0,1
NL_Solar,2030,1,300,0.0,1
NL_Solar,2030,1,301,0.0,1
NL_Solar,2030,1,302,0.0,1
NL_Solar,2030,1,303,0.0,1
NL_Solar,2030,1,304,0.0,1
NL_Solar,2030,1,305,0.0,1
NL_Solar,2030,1,306,0.0,1
NL_Solar,2030,1,307,0.0,1
NL_Solar,2030,1,308,0.0,1
NL_Solar,2030,1,309,0.0,1
NL_Solar,2030,1,310,0.0,1
NL_Solar,2030,1,311,0.0,1
NL_Solar,2030,1,312,0.0,1
NL_Solar,2030,1,313,0.0,1
NL_Solar,2030,1,314,0.0,1
NL_Solar,2030,1,315,0.0,1
NL_Solar,2030,1,316,0.0,1
NL_Solar,2030,1,317,0.0,1
NL_Solar,2030,1,318,0.0,1
NL_Solar,2030,1,319,0.0,1
NL_Solar,2030,1,320,0.0,1
NL_Solar,2030,1,321,0.0,1
NL_Solar,2030,1,322,0.0,1
NL_Solar,2030,1,323,0.0,1
NL_Solar,2030,1,324,0.0,1
NL_Solar,2030,1,325,0.0,1
NL_Solar,2030,1,326,0.0,1
NL_Solar,2030,1,327,0.0,1
NL_Solar,2030,1,328,0.0,1
NL_Solar,2030,1,329,0.0,1
NL_Solar,2030,1,330,0.0,1
NL_Solar,2030,1,331,0.0,1
NL_Solar,2030,1,332,0.0,1
NL_Solar,2030,1,333,0.0,1
NL_Solar,2030,1,334,0.0,1
NL_Solar,2030,1,335,0.0,1
NL_Solar,2030,1,336,0.0,1
NL_Solar,2030,1,337,0.0,1
NL_Solar,2030,1,338,4.22015e-05,1
NL_Solar,2030,1,339,8.4403e-05,1
NL_Solar,2030,1,340,0.0001266045,1
NL_Solar,2030,1,341,0.000168806,1
NL_Solar,2030,1,342,0.00023405575,1
NL_Solar,2030,1,343,0.0002993055,1
NL_Solar,2030,1,344,0.00036455525,1
NL_Solar,2030,1,345,0.000429805,1
NL_Solar,2030,1,346,0.00035188425,1
NL_Solar,2030,1,347,0.0002739635,1
NL_Solar,2030,1,348,0.00019604275000000002,1
NL_Solar,2030,1,349,0.000118122,1
NL_Solar,2030,1,350,8.85915e-05,1
NL_Solar,2030,1,351,5.9061e-05,1
NL_Solar,2030,1,352,2.9530500000000005e-05,1
NL_Solar,2030,1,353,0.0,1
NL_Solar,2030,1,354,0.0,1
NL_Solar,2030,1,355,0.0,1
NL_Solar,2030,1,356,0.0,1
NL_Solar,2030,1,357,0.0,1
NL_Solar,2030,1,358,0.0,1
NL_Solar,2030,1,359,0.0,1
NL_Solar,2030,1,360,0.0,1
NL_Solar,2030,1,361,0.0,1
NL_Solar,2030,1,362,0.0,1
NL_Solar,2030,1,363,0.0,1
NL_Solar,2030,1,364,0.0,1
NL_Solar,2030,1,365,0.0,1
NL_Solar,2030,1,366,0.0,1
NL_Solar,2030,1,367,0.0,1
NL_Solar,2030,1,368,0.0,1
NL_Solar,2030,1,369,0.0,1
NL_Solar,2030,1,370,0.0,1
NL_Solar,2030,1,371,0.0,1
NL_Solar,2030,1,372,0.0,1
NL_Solar,2030,1,373,0.0,1
NL_Solar,2030,1,374,0.0,1
NL_Solar,2030,1,375,0.0,1
NL_Solar,2030,1,376,0.0,1
NL_Solar,2030,1,377,0.0,1
NL_Solar,2030,1,378,0.0,1
NL_Solar,2030,1,379,0.0,1
NL_Solar,2030,1,380,0.0,1
NL_Solar,2030,1,381,0.0,1
NL_Solar,2030,1,382,0.0,1
NL_Solar,2030,1,383,0.0,1
NL_Solar,2030,1,384,0.0,1
NL_Solar,2030,1,385,0.0,1
NL_Solar,2030,1,386,0.0,1
NL_Solar,2030,1,387,0.0,1
NL_Solar,2030,1,388,0.0,1
NL_Solar,2030,1,389,0.0,1
NL_Solar,2030,1,390,0.0,1
NL_Solar,2030,1,391,0.0,1
NL_Solar,2030,1,392,0.0,1
NL_Solar,2030,1,393,0.0,1
NL_Solar,2030,1,394,0.0,1
NL_Solar,2030,1,395,0.0,1
NL_Solar,2030,1,396,0.0,1
NL_Solar,2030,1,397,0.0,1
NL_Solar,2030,1,398,0.0,1
NL_Solar,2030,1,399,0.0,1
NL_Solar,2030,1,400,0.0,1
NL_Solar,2030,1,401,0.0,1
NL_Solar,2030,1,402,0.0,1
NL_Solar,2030,1,403,0.0,1
NL_Solar,2030,1,404,0.0,1
NL_Solar,2030,1,405,0.0,1
NL_Solar,2030,1,406,0.0,1
NL_Solar,2030,1,407,0.0,1
NL_Solar,2030,1,408,0.0,1
NL_Solar,2030,1,409,0.0,1
NL_Solar,2030,1,410,0.0,1
NL_Solar,2030,1,411,0.0,1
NL_Solar,2030,1,412,0.0,1
NL_Solar,2030,1,413,0.0,1
NL_Solar,2030,1,414,0.0,1
NL_Solar,2030,1,415,0.0,1
NL_Solar,2030,1,416,0.0,1
NL_Solar,2030,1,417,0.0,1
NL_Solar,2030,1,418,0.0,1
NL_Solar,2030,1,419,0.0,1
NL_Solar,2030,1,420,0.0,1
NL_Solar,2030,1,421,0.0,1
NL_Solar,2030,1,422,0.0,1
NL_Solar,2030,1,423,0.0,1
NL_Solar,2030,1,424,0.0,1
NL_Solar,2030,1,425,0.0,1
NL_Solar,2030,1,426,0.0,1
NL_Solar,2030,1,427,0.0,1
NL_Solar,2030,1,428,0.0,1
NL_Solar,2030,1,429,0.0,1
NL_Solar,2030,1,430,0.00125336125,1
NL_Solar,2030,1,431,0.0025067225,1
NL_Solar,2030,1,432,0.00376008375,1
NL_Solar,2030,1,433,0.005013445,1
NL_Solar,2030,1,434,0.00762004575,1
NL_Solar,2030,1,435,0.0102266465,1
NL_Solar,2030,1,436,0.01283324725,1
NL_Solar,2030,1,437,0.015439848,1
NL_Solar,2030,1,438,0.0189214035,1
NL_Solar,2030,1,439,0.022402959,1
NL_Solar,2030,1,440,0.0258845145,1
NL_Solar,2030,1,441,0.02936607,1
NL_Solar,2030,1,442,0.03352318625,1
NL_Solar,2030,1,443,0.0376803025,1
NL_Solar,2030,1,444,0.04183741875,1
NL_Solar,2030,1,445,0.045994535,1
NL_Solar,2030,1,446,0.048467304,1
NL_Solar,2030,1,447,0.050940073,1
NL_Solar,2030,1,448,0.053412842,1
NL_Solar,2030,1,449,0.055885611,1
NL_Solar,2030,1,450,0.05015004,1
NL_Solar,2030,1,451,0.044414469,1
NL_Solar,2030,1,452,0.038678898,1
NL_Solar,2030,1,453,0.032943327,1
NL_Solar,2030,1,454,0.025260758,1
NL_Solar,2030,1,455,0.017578189,1
NL_Solar,2030,1,456,0.00989562,1
NL_Solar,2030,1,457,0.002213051,1
NL_Solar,2030,1,458,0.00165978825,1
NL_Solar,2030,1,459,0.0011065255,1
NL_Solar,2030,1,460,0.0005532627500000002,1
NL_Solar,2030,1,461,0.0,1
NL_Solar,2030,1,462,0.0,1
NL_Solar,2030,1,463,0.0,1
NL_Solar,2030,1,464,0.0,1
NL_Solar,2030,1,465,0.0,1
NL_Solar,2030,1,466,0.0,1
NL_Solar,2030,1,467,0.0,1
NL_Solar,2030,1,468,0.0,1
NL_Solar,2030,1,469,0.0,1
NL_Solar,2030,1,470,0.0,1
NL_Solar,2030,1,471,0.0,1
NL_Solar,2030,1,472,0.0,1
NL_Solar,2030,1,473,0.0,1
NL_Solar,2030,1,474,0.0,1
NL_Solar,2030,1,475,0.0,1
NL_Solar,2030,1,476,0.0,1
NL_Solar,2030,1,477,0.0,1
NL_Solar,2030,1,478,0.0,1
NL_Solar,2030,1,479,0.0,1
NL_Solar,2030,1,480,0.0,1
NL_Solar,2030,1,481,0.0,1
NL_Solar,2030,1,482,0.0,1
NL_Solar,2030,1,483,0.0,1
NL_Solar,2030,1,484,0.0,1
NL_Solar,2030,1,485,0.0,1
NL_Solar,2030,1,486,0.0,1
NL_Solar,2030,1,487,0.0,1
NL_Solar,2030,1,488,0.0,1
NL_Solar,2030,1,489,0.0,1
NL_Solar,2030,1,490,0.0,1
NL_Solar,2030,1,491,0.0,1
NL_Solar,2030,1,492,0.0,1
NL_Solar,2030,1,493,0.0,1
NL_Solar,2030,1,494,0.0,1
NL_Solar,2030,1,495,0.0,1
NL_Solar,2030,1,496,0.0,1
NL_Solar,2030,1,497,0.0,1
NL_Solar,2030,1,498,0.0,1
NL_Solar,2030,1,499,0.0,1
NL_Solar,2030,1,500,0.0,1
NL_Solar,2030,1,501,0.0,1
NL_Solar,2030,1,502,0.0,1
NL_Solar,2030,1,503,0.0,1
NL_Solar,2030,1,504,0.0,1
NL_Solar,2030,1,505,0.0,1
NL_Solar,2030,1,506,0.0,1
NL_Solar,2030,1,507,0.0,1
NL_Solar,2030,1,508,0.0,1
NL_Solar,2030,1,509,0.0,1
NL_Solar,2030,1,510,0.0,1
NL_Solar,2030,1,511,0.0,1
NL_Solar,2030,1,512,0.0,1
NL_Solar,2030,1,513,0.0,1
NL_Solar,2030,1,514,0.0,1
NL_Solar,2030,1,515,0.0,1
NL_Solar,2030,1,516,0.0,1
NL_Solar,2030,1,517,0.0,1
NL_Solar,2030,1,518,0.0,1
NL_Solar,2030,1,519,0.0,1
NL_Solar,2030,1,520,0.0,1
NL_Solar,2030,1,521,0.0,1
NL_Solar,2030,1,522,0.0,1
NL_Solar,2030,1,523,0.0,1
NL_Solar,2030,1,524,0.0,1
NL_Solar,2030,1,525,0.0,1
NL_Solar,2030,1,526,0.00120818625,1
NL_Solar,2030,1,527,0.0024163725,1
NL_Solar,2030,1,528,0.0036245587500000004,1
NL_Solar,2030,1,529,0.004832745,1
NL_Solar,2030,1,530,0.007548082,1
NL_Solar,2030,1,531,0.010263419,1
NL_Solar,2030,1,532,0.012978756000000001,1
NL_Solar,2030,1,533,0.015694093,1
NL_Solar,2030,1,534,0.0165145975,1
NL_Solar,2030,1,535,0.017335101999999998,1
NL_Solar,2030,1,536,0.0181556065,1
NL_Solar,2030,1,537,0.018976111,1
NL_Solar,2030,1,538,0.01781456425,1
NL_Solar,2030,1,539,0.0166530175,1
NL_Solar,2030,1,540,0.01549147075,1
NL_Solar,2030,1,541,0.014329924,1
NL_Solar,2030,1,542,0.01413397575,1
NL_Solar,2030,1,543,0.0139380275,1
NL_Solar,2030,1,544,0.01374207925,1
NL_Solar,2030,1,545,0.013546131,1
NL_Solar,2030,1,546,0.015569871249999999,1
NL_Solar,2030,1,547,0.017593611500000002,1
NL_Solar,2030,1,548,0.01961735175,1
NL_Solar,2030,1,549,0.021641092,1
NL_Solar,2030,1,550,0.02102487325,1
NL_Solar,2030,1,551,0.020408654499999998,1
NL_Solar,2030,1,552,0.01979243575,1
NL_Solar,2030,1,553,0.019176217,1
NL_Solar,2030,1,554,0.01438216275,1
NL_Solar,2030,1,555,0.0095881085,1
NL_Solar,2030,1,556,0.004794054249999999,1
NL_Solar,2030,1,557,0.0,1
NL_Solar,2030,1,558,0.0,1
NL_Solar,2030,1,559,0.0,1
NL_Solar,2030,1,560,0.0,1
NL_Solar,2030,1,561,0.0,1
NL_Solar,2030,1,562,0.0,1
NL_Solar,2030,1,563,0.0,1
NL_Solar,2030,1,564,0.0,1
NL_Solar,2030,1,565,0.0,1
NL_Solar,2030,1,566,0.0,1
NL_Solar,2030,1,567,0.0,1
NL_Solar,2030,1,568,0.0,1
NL_Solar,2030,1,569,0.0,1
NL_Solar,2030,1,570,0.0,1
NL_Solar,2030,1,571,0.0,1
NL_Solar,2030,1,572,0.0,1
NL_Solar,2030,1,573,0.0,1
NL_Solar,2030,1,574,0.0,1
NL_Solar,2030,1,575,0.0,1
NL_Solar,2030,1,576,0.0,1
NL_Solar,2030,1,577,0.0,1
NL_Solar,2030,1,578,0.0,1
NL_Solar,2030,1,579,0.0,1
NL_Solar,2030,1,580,0.0,1
NL_Solar,2030,1,581,0.0,1
NL_Solar,2030,1,582,0.0,1
NL_Solar,2030,1,583,0.0,1
NL_Solar,2030,1,584,0.0,1
NL_Solar,2030,1,585,0.0,1
NL_Solar,2030,1,586,0.0,1
NL_Solar,2030,1,587,0.0,1
NL_Solar,2030,1,588,0.0,1
NL_Solar,2030,1,589,0.0,1
NL_Solar,2030,1,590,0.0,1
NL_Solar,2030,1,591,0.0,1
NL_Solar,2030,1,592,0.0,1
NL_Solar,2030,1,593,0.0,1
NL_Solar,2030,1,594,0.0,1
NL_Solar,2030,1,595,0.0,1
NL_Solar,2030,1,596,0.0,1
NL_Solar,2030,1,597,0.0,1
NL_Solar,2030,1,598,0.0,1
NL_Solar,2030,1,599,0.0,1
NL_Solar,2030,1,600,0.0,1
NL_Solar,2030,1,601,0.0,1
NL_Solar,2030,1,602,0.0,1
NL_Solar,2030,1,603,0.0,1
NL_Solar,2030,1,604,0.0,1
NL_Solar,2030,1,605,0.0,1
NL_Solar,2030,1,606,0.0,1
NL_Solar,2030,1,607,0.0,1
NL_Solar,2030,1,608,0.0,1
NL_Solar,2030,1,609,0.0,1
NL_Solar,2030,1,610,0.0,1
NL_Solar,2030,1,611,0.0,1
NL_Solar,2030,1,612,0.0,1
NL_Solar,2030,1,613,0.0,1
NL_Solar,2030,1,614,0.0,1
NL_Solar,2030,1,615,0.0,1
NL_Solar,2030,1,616,0.0,1
NL_Solar,2030,1,617,0.0,1
NL_Solar,2030,1,618,0.0,1
NL_Solar,2030,1,619,0.0,1
NL_Solar,2030,1,620,0.0,1
NL_Solar,2030,1,621,0.0,1
NL_Solar,2030,1,622,0.02652747725,1
NL_Solar,2030,1,623,0.0530549545,1
NL_Solar,2030,1,624,0.07958243175,1
NL_Solar,2030,1,625,0.106109909,1
NL_Solar,2030,1,626,0.12268839075,1
NL_Solar,2030,1,627,0.1392668725,1
NL_Solar,2030,1,628,0.15584535425,1
NL_Solar,2030,1,629,0.172423836,1
NL_Solar,2030,1,630,0.185188344,1
NL_Solar,2030,1,631,0.197952852,1
NL_Solar,2030,1,632,0.21071736,1
NL_Solar,2030,1,633,0.223481868,1
NL_Solar,2030,1,634,0.23403240125,1
NL_Solar,2030,1,635,0.24458293450000002,1
NL_Solar,2030,1,636,0.25513346775,1
NL_Solar,2030,1,637,0.265684001,1
NL_Solar,2030,1,638,0.25644658175,1
NL_Solar,2030,1,639,0.2472091625,1
NL_Solar,2030,1,640,0.23797174324999998,1
NL_Solar,2030,1,641,0.228734324,1
NL_Solar,2030,1,642,0.205922245,1
NL_Solar,2030,1,643,0.183110166,1
NL_Solar,2030,1,644,0.16029808699999998,1
NL_Solar,2030,1,645,0.137486008,1
NL_Solar,2030,1,646,0.11429459349999999,1
NL_Solar,2030,1,647,0.09110317899999999,1
NL_Solar,2030,1,648,0.0679117645,1
NL_Solar,2030,1,649,0.04472035,1
NL_Solar,2030,1,650,0.0335402625,1
NL_Solar,2030,1,651,0.022360175,1
NL_Solar,2030,1,652,0.011180087499999998,1
NL_Solar,2030,1,653,0.0,1
NL_Solar,2030,1,654,0.0,1
NL_Solar,2030,1,655,0.0,1
NL_Solar,2030,1,656,0.0,1
NL_Solar,2030,1,657,0.0,1
NL_Solar,2030,1,658,0.0,1
NL_Solar,2030,1,659,0.0,1
NL_Solar,2030,1,660,0.0,1
NL_Solar,2030,1,661,0.0,1
NL_Solar,2030,1,662,0.0,1
NL_Solar,2030,1,663,0.0,1
NL_Solar,2030,1,664,0.0,1
NL_Solar,2030,1,665,0.0,1
NL_Solar,2030,1,666,0.0,1
NL_Solar,2030,1,667,0.0,1
NL_Solar,2030,1,668,0.0,1
NL_Solar,2030,1,669,0.0,1
NL_Solar,2030,1,670,0.0,1
NL_Solar,2030,1,671,0.0,1
NL_Solar,2030,1,672,0.0,1
NL_E_Demand,2030,1,1,0.692824641,1
NL_E_Demand,2030,1,2,0.68496583075,1
NL_E_Demand,2030,1,3,0.6771070205,1
NL_E_Demand,2030,1,4,0.66924821025,1
NL_E_Demand,2030,1,5,0.6613894,1
NL_E_Demand,2030,1,6,0.66178499425,1
NL_E_Demand,2030,1,7,0.6621805885000001,1
NL_E_Demand,2030,1,8,0.66257618275,1
NL_E_Demand,2030,1,9,0.662971777,1
NL_E_Demand,2030,1,10,0.6588099992500001,1
NL_E_Demand,2030,1,11,0.6546482215,1
NL_E_Demand,2030,1,12,0.65048644375,1
NL_E_Demand,2030,1,13,0.646324666,1
NL_E_Demand,2030,1,14,0.644706993,1
NL_E_Demand,2030,1,15,0.6430893200000001,1
NL_E_Demand,2030,1,16,0.641471647,1
NL_E_Demand,2030,1,17,0.639853974,1
NL_E_Demand,2030,1,18,0.64070664175,1
NL_E_Demand,2030,1,19,0.6415593095000001,1
NL_E_Demand,2030,1,20,0.64241197725,1
NL_E_Demand,2030,1,21,0.643264645,1
NL_E_Demand,2030,1,22,0.6477889960000001,1
NL_E_Demand,2030,1,23,0.652313347,1
NL_E_Demand,2030,1,24,0.6568376979999999,1
NL_E_Demand,2030,1,25,0.661362049,1
NL_E_Demand,2030,1,26,0.6591514912499999,1
NL_E_Demand,2030,1,27,0.6569409335,1
NL_E_Demand,2030,1,28,0.65473037575,1
NL_E_Demand,2030,1,29,0.652519818,1
NL_E_Demand,2030,1,30,0.6659238307500001,1
NL_E_Demand,2030,1,31,0.6793278435000001,1
NL_E_Demand,2030,1,32,0.69273185625,1
NL_E_Demand,2030,1,33,0.706135869,1
NL_E_Demand,2030,1,34,0.71779593875,1
NL_E_Demand,2030,1,35,0.7294560085,1
NL_E_Demand,2030,1,36,0.74111607825,1
NL_E_Demand,2030,1,37,0.752776148,1
NL_E_Demand,2030,1,38,0.757850269,1
NL_E_Demand,2030,1,39,0.76292439,1
NL_E_Demand,2030,1,40,0.767998511,1
NL_E_Demand,2030,1,41,0.773072632,1
NL_E_Demand,2030,1,42,0.77809568275,1
NL_E_Demand,2030,1,43,0.7831187335,1
NL_E_Demand,2030,1,44,0.78814178425,1
NL_E_Demand,2030,1,45,0.793164835,1
NL_E_Demand,2030,1,46,0.7949795435,1
NL_E_Demand,2030,1,47,0.796794252,1
NL_E_Demand,2030,1,48,0.7986089605,1
NL_E_Demand,2030,1,49,0.800423669,1
NL_E_Demand,2030,1,50,0.7999711945,1
NL_E_Demand,2030,1,51,0.79951872,1
NL_E_Demand,2030,1,52,0.7990662454999999,1
NL_E_Demand,2030,1,53,0.798613771,1
NL_E_Demand,2030,1,54,0.8026347805,1
NL_E_Demand,2030,1,55,0.80665579,1
NL_E_Demand,2030,1,56,0.8106767994999999,1
NL_E_Demand,2030,1,57,0.814697809,1
NL_E_Demand,2030,1,58,0.8157407965,1
NL_E_Demand,2030,1,59,0.8167837840000001,1
NL_E_Demand,2030,1,60,0.8178267715,1
NL_E_Demand,2030,1,61,0.818869759,1
NL_E_Demand,2030,1,62,0.8184881095000001,1
NL_E_Demand,2030,1,63,0.8181064600000001,1
NL_E_Demand,2030,1,64,0.8177248105,1
NL_E_Demand,2030,1,65,0.817343161,1
NL_E_Demand,2030,1,66,0.823038787,1
NL_E_Demand,2030,1,67,0.8287344130000001,1
NL_E_Demand,2030,1,68,0.834430039,1
NL_E_Demand,2030,1,69,0.840125665,1
NL_E_Demand,2030,1,70,0.84828950975,1
NL_E_Demand,2030,1,71,0.8564533544999999,1
NL_E_Demand,2030,1,72,0.86461719925,1
NL_E_Demand,2030,1,73,0.872781044,1
NL_E_Demand,2030,1,74,0.866164564,1
NL_E_Demand,2030,1,75,0.859548084,1
NL_E_Demand,2030,1,76,0.852931604,1
NL_E_Demand,2030,1,77,0.846315124,1
NL_E_Demand,2030,1,78,0.8389800482499999,1
NL_E_Demand,2030,1,79,0.8316449724999999,1
NL_E_Demand,2030,1,80,0.82430989675,1
NL_E_Demand,2030,1,81,0.816974821,1
NL_E_Demand,2030,1,82,0.80729802675,1
NL_E_Demand,2030,1,83,0.7976212325,1
NL_E_Demand,2030,1,84,0.78794443825,1
NL_E_Demand,2030,1,85,0.778267644,1
NL_E_Demand,2030,1,86,0.7683623015000001,1
NL_E_Demand,2030,1,87,0.7584569590000001,1
NL_E_Demand,2030,1,88,0.7485516165,1
NL_E_Demand,2030,1,89,0.738646274,1
NL_E_Demand,2030,1,90,0.7297823667500001,1
NL_E_Demand,2030,1,91,0.7209184595,1
NL_E_Demand,2030,1,92,0.7120545522499999,1
NL_E_Demand,2030,1,93,0.703190645,1
NL_E_Demand,2030,1,94,0.6937593692499999,1
NL_E_Demand,2030,1,95,0.6843280935,1
NL_E_Demand,2030,1,96,0.67489681775,1
NL_E_Demand,2030,1,97,0.665465542,1
NL_E_Demand,2030,1,98,0.6588457645,1
NL_E_Demand,2030,1,99,0.652225987,1
NL_E_Demand,2030,1,100,0.6456062095,1
NL_E_Demand,2030,1,101,0.638986432,1
NL_E_Demand,2030,1,102,0.636001292,1
NL_E_Demand,2030,1,103,0.6330161519999999,1
NL_E_Demand,2030,1,104,0.630031012,1
NL_E_Demand,2030,1,105,0.627045872,1
NL_E_Demand,2030,1,106,0.623227491,1
NL_E_Demand,2030,1,107,0.61940911,1
NL_E_Demand,2030,1,108,0.615590729,1
NL_E_Demand,2030,1,109,0.611772348,1
NL_E_Demand,2030,1,110,0.6099387265,1
NL_E_Demand,2030,1,111,0.608105105,1
NL_E_Demand,2030,1,112,0.6062714835,1
NL_E_Demand,2030,1,113,0.604437862,1
NL_E_Demand,2030,1,114,0.603575219,1
NL_E_Demand,2030,1,115,0.602712576,1
NL_E_Demand,2030,1,116,0.601849933,1
NL_E_Demand,2030,1,117,0.60098729,1
NL_E_Demand,2030,1,118,0.6008433464999999,1
NL_E_Demand,2030,1,119,0.6006994029999999,1
NL_E_Demand,2030,1,120,0.6005554595,1
NL_E_Demand,2030,1,121,0.600411516,1
NL_E_Demand,2030,1,122,0.60215273475,1
NL_E_Demand,2030,1,123,0.6038939535,1
NL_E_Demand,2030,1,124,0.60563517225,1
NL_E_Demand,2030,1,125,0.607376391,1
NL_E_Demand,2030,1,126,0.617791645,1
NL_E_Demand,2030,1,127,0.628206899,1
NL_E_Demand,2030,1,128,0.638622153,1
NL_E_Demand,2030,1,129,0.649037407,1
NL_E_Demand,2030,1,130,0.659993153,1
NL_E_Demand,2030,1,131,0.670948899,1
NL_E_Demand,2030,1,132,0.6819046449999999,1
NL_E_Demand,2030,1,133,0.692860391,1
NL_E_Demand,2030,1,134,0.69874955475,1
NL_E_Demand,2030,1,135,0.7046387185,1
NL_E_Demand,2030,1,136,0.71052788225,1
NL_E_Demand,2030,1,137,0.716417046,1
NL_E_Demand,2030,1,138,0.71684853875,1
NL_E_Demand,2030,1,139,0.7172800315000001,1
NL_E_Demand,2030,1,140,0.7177115242500001,1
NL_E_Demand,2030,1,141,0.718143017,1
NL_E_Demand,2030,1,142,0.71445063275,1
NL_E_Demand,2030,1,143,0.7107582485,1
NL_E_Demand,2030,1,144,0.7070658642500001,1
NL_E_Demand,2030,1,145,0.70337348,1
NL_E_Demand,2030,1,146,0.701561755,1
NL_E_Demand,2030,1,147,0.69975003,1
NL_E_Demand,2030,1,148,0.6979383050000001,1
NL_E_Demand,2030,1,149,0.69612658,1
NL_E_Demand,2030,1,150,0.694902398,1
NL_E_Demand,2030,1,151,0.693678216,1
NL_E_Demand,2030,1,152,0.692454034,1
NL_E_Demand,2030,1,153,0.691229852,1
NL_E_Demand,2030,1,154,0.69200061,1
NL_E_Demand,2030,1,155,0.692771368,1
NL_E_Demand,2030,1,156,0.693542126,1
NL_E_Demand,2030,1,157,0.694312884,1
NL_E_Demand,2030,1,158,0.69699204375,1
NL_E_Demand,2030,1,159,0.6996712035,1
NL_E_Demand,2030,1,160,0.70235036325,1
NL_E_Demand,2030,1,161,0.705029523,1
NL_E_Demand,2030,1,162,0.71168461475,1
NL_E_Demand,2030,1,163,0.7183397065,1
NL_E_Demand,2030,1,164,0.72499479825,1
NL_E_Demand,2030,1,165,0.73164989,1
NL_E_Demand,2030,1,166,0.746711539,1
NL_E_Demand,2030,1,167,0.761773188,1
NL_E_Demand,2030,1,168,0.776834837,1
NL_E_Demand,2030,1,169,0.791896486,1
NL_E_Demand,2030,1,170,0.7924215567499999,1
NL_E_Demand,2030,1,171,0.7929466275,1
NL_E_Demand,2030,1,172,0.7934716982500001,1
NL_E_Demand,2030,1,173,0.793996769,1
NL_E_Demand,2030,1,174,0.79076383225,1
NL_E_Demand,2030,1,175,0.7875308955,1
NL_E_Demand,2030,1,176,0.7842979587500001,1
NL_E_Demand,2030,1,177,0.781065022,1
NL_E_Demand,2030,1,178,0.7752173252500001,1
NL_E_Demand,2030,1,179,0.7693696285,1
NL_E_Demand,2030,1,180,0.7635219317499999,1
NL_E_Demand,2030,1,181,0.757674235,1
NL_E_Demand,2030,1,182,0.75030201675,1
NL_E_Demand,2030,1,183,0.7429297985,1
NL_E_Demand,2030,1,184,0.73555758025,1
NL_E_Demand,2030,1,185,0.728185362,1
NL_E_Demand,2030,1,186,0.7200184092499999,1
NL_E_Demand,2030,1,187,0.7118514565,1
NL_E_Demand,2030,1,188,0.70368450375,1
NL_E_Demand,2030,1,189,0.695517551,1
NL_E_Demand,2030,1,190,0.68820081375,1
NL_E_Demand,2030,1,191,0.6808840764999999,1
NL_E_Demand,2030,1,192,0.67356733925,1
NL_E_Demand,2030,1,193,0.666250602,1
NL_E_Demand,2030,1,194,0.6593170104999999,1
NL_E_Demand,2030,1,195,0.652383419,1
NL_E_Demand,2030,1,196,0.6454498275,1
NL_E_Demand,2030,1,197,0.638516236,1
NL_E_Demand,2030,1,198,0.62849433675,1
NL_E_Demand,2030,1,199,0.6184724374999999,1
NL_E_Demand,2030,1,200,0.60845053825,1
NL_E_Demand,2030,1,201,0.598428639,1
NL_E_Demand,2030,1,202,0.59425839875,1
NL_E_Demand,2030,1,203,0.5900881585,1
NL_E_Demand,2030,1,204,0.5859179182500001,1
NL_E_Demand,2030,1,205,0.581747678,1
NL_E_Demand,2030,1,206,0.57894431425,1
NL_E_Demand,2030,1,207,0.5761409505,1
NL_E_Demand,2030,1,208,0.57333758675,1
NL_E_Demand,2030,1,209,0.570534223,1
NL_E_Demand,2030,1,210,0.56854431175,1
NL_E_Demand,2030,1,211,0.5665544005,1
NL_E_Demand,2030,1,212,0.56456448925,1
NL_E_Demand,2030,1,213,0.562574578,1
NL_E_Demand,2030,1,214,0.5602965545,1
NL_E_Demand,2030,1,215,0.558018531,1
NL_E_Demand,2030,1,216,0.5557405074999999,1
NL_E_Demand,2030,1,217,0.553462484,1
NL_E_Demand,2030,1,218,0.5517809215,1
NL_E_Demand,2030,1,219,0.5500993590000001,1
NL_E_Demand,2030,1,220,0.5484177965,1
NL_E_Demand,2030,1,221,0.546736234,1
NL_E_Demand,2030,1,222,0.5536922565,1
NL_E_Demand,2030,1,223,0.560648279,1
NL_E_Demand,2030,1,224,0.5676043015000001,1
NL_E_Demand,2030,1,225,0.574560324,1
NL_E_Demand,2030,1,226,0.5827475485,1
NL_E_Demand,2030,1,227,0.5909347730000001,1
NL_E_Demand,2030,1,228,0.5991219975000001,1
NL_E_Demand,2030,1,229,0.607309222,1
NL_E_Demand,2030,1,230,0.6124674142500001,1
NL_E_Demand,2030,1,231,0.6176256065000001,1
NL_E_Demand,2030,1,232,0.62278379875,1
NL_E_Demand,2030,1,233,0.627941991,1
NL_E_Demand,2030,1,234,0.6300735847500001,1
NL_E_Demand,2030,1,235,0.6322051785,1
NL_E_Demand,2030,1,236,0.63433677225,1
NL_E_Demand,2030,1,237,0.636468366,1
NL_E_Demand,2030,1,238,0.636364946,1
NL_E_Demand,2030,1,239,0.636261526,1
NL_E_Demand,2030,1,240,0.636158106,1
NL_E_Demand,2030,1,241,0.636054686,1
NL_E_Demand,2030,1,242,0.63722734025,1
NL_E_Demand,2030,1,243,0.6383999945000001,1
NL_E_Demand,2030,1,244,0.63957264875,1
NL_E_Demand,2030,1,245,0.640745303,1
NL_E_Demand,2030,1,246,0.642751039,1
NL_E_Demand,2030,1,247,0.6447567750000001,1
NL_E_Demand,2030,1,248,0.646762511,1
NL_E_Demand,2030,1,249,0.648768247,1
NL_E_Demand,2030,1,250,0.6486760615,1
NL_E_Demand,2030,1,251,0.648583876,1
NL_E_Demand,2030,1,252,0.6484916905,1
NL_E_Demand,2030,1,253,0.648399505,1
NL_E_Demand,2030,1,254,0.65177691225,1
NL_E_Demand,2030,1,255,0.6551543195,1
NL_E_Demand,2030,1,256,0.6585317267499999,1
NL_E_Demand,2030,1,257,0.661909134,1
NL_E_Demand,2030,1,258,0.66824978775,1
NL_E_Demand,2030,1,259,0.6745904414999999,1
NL_E_Demand,2030,1,260,0.68093109525,1
NL_E_Demand,2030,1,261,0.687271749,1
NL_E_Demand,2030,1,262,0.7026852305,1
NL_E_Demand,2030,1,263,0.718098712,1
NL_E_Demand,2030,1,264,0.7335121935,1
NL_E_Demand,2030,1,265,0.748925675,1
NL_E_Demand,2030,1,266,0.7497474397499999,1
NL_E_Demand,2030,1,267,0.7505692045,1
NL_E_Demand,2030,1,268,0.75139096925,1
NL_E_Demand,2030,1,269,0.752212734,1
NL_E_Demand,2030,1,270,0.749649096,1
NL_E_Demand,2030,1,271,0.7470854579999999,1
NL_E_Demand,2030,1,272,0.74452182,1
NL_E_Demand,2030,1,273,0.741958182,1
NL_E_Demand,2030,1,274,0.736867897,1
NL_E_Demand,2030,1,275,0.7317776119999999,1
NL_E_Demand,2030,1,276,0.7266873269999999,1
NL_E_Demand,2030,1,277,0.721597042,1
NL_E_Demand,2030,1,278,0.7143207254999999,1
NL_E_Demand,2030,1,279,0.707044409,1
NL_E_Demand,2030,1,280,0.6997680925,1
NL_E_Demand,2030,1,281,0.692491776,1
NL_E_Demand,2030,1,282,0.6838977265,1
NL_E_Demand,2030,1,283,0.675303677,1
NL_E_Demand,2030,1,284,0.6667096275,1
NL_E_Demand,2030,1,285,0.658115578,1
NL_E_Demand,2030,1,286,0.65006828925,1
NL_E_Demand,2030,1,287,0.6420210005,1
NL_E_Demand,2030,1,288,0.63397371175,1
NL_E_Demand,2030,1,289,0.625926423,1
NL_E_Demand,2030,1,290,0.6199361975,1
NL_E_Demand,2030,1,291,0.613945972,1
NL_E_Demand,2030,1,292,0.6079557465000001,1
NL_E_Demand,2030,1,293,0.601965521,1
NL_E_Demand,2030,1,294,0.613995938,1
NL_E_Demand,2030,1,295,0.626026355,1
NL_E_Demand,2030,1,296,0.638056772,1
NL_E_Demand,2030,1,297,0.650087189,1
NL_E_Demand,2030,1,298,0.6481617399999999,1
NL_E_Demand,2030,1,299,0.6462362909999999,1
NL_E_Demand,2030,1,300,0.644310842,1
NL_E_Demand,2030,1,301,0.642385393,1
NL_E_Demand,2030,1,302,0.6424776704999999,1
NL_E_Demand,2030,1,303,0.642569948,1
NL_E_Demand,2030,1,304,0.6426622255000001,1
NL_E_Demand,2030,1,305,0.642754503,1
NL_E_Demand,2030,1,306,0.6449573325,1
NL_E_Demand,2030,1,307,0.647160162,1
NL_E_Demand,2030,1,308,0.6493629915000001,1
NL_E_Demand,2030,1,309,0.651565821,1
NL_E_Demand,2030,1,310,0.6575019292500001,1
NL_E_Demand,2030,1,311,0.6634380375,1
NL_E_Demand,2030,1,312,0.66937414575,1
NL_E_Demand,2030,1,313,0.675310254,1
NL_E_Demand,2030,1,314,0.67596380925,1
NL_E_Demand,2030,1,315,0.6766173645,1
NL_E_Demand,2030,1,316,0.67727091975,1
NL_E_Demand,2030,1,317,0.677924475,1
NL_E_Demand,2030,1,318,0.69539283925,1
NL_E_Demand,2030,1,319,0.7128612034999999,1
NL_E_Demand,2030,1,320,0.73032956775,1
NL_E_Demand,2030,1,321,0.747797932,1
NL_E_Demand,2030,1,322,0.75904176475,1
NL_E_Demand,2030,1,323,0.7702855975,1
NL_E_Demand,2030,1,324,0.78152943025,1
NL_E_Demand,2030,1,325,0.792773263,1
NL_E_Demand,2030,1,326,0.7959975862499999,1
NL_E_Demand,2030,1,327,0.7992219094999999,1
NL_E_Demand,2030,1,328,0.80244623275,1
NL_E_Demand,2030,1,329,0.805670556,1
NL_E_Demand,2030,1,330,0.8087159875000001,1
NL_E_Demand,2030,1,331,0.811761419,1
NL_E_Demand,2030,1,332,0.8148068505,1
NL_E_Demand,2030,1,333,0.817852282,1
NL_E_Demand,2030,1,334,0.818548622,1
NL_E_Demand,2030,1,335,0.819244962,1
NL_E_Demand,2030,1,336,0.819941302,1
NL_E_Demand,2030,1,337,0.820637642,1
NL_E_Demand,2030,1,338,0.82098313425,1
NL_E_Demand,2030,1,339,0.8213286264999999,1
NL_E_Demand,2030,1,340,0.82167411875,1
NL_E_Demand,2030,1,341,0.822019611,1
NL_E_Demand,2030,1,342,0.826360883,1
NL_E_Demand,2030,1,343,0.830702155,1
NL_E_Demand,2030,1,344,0.835043427,1
NL_E_Demand,2030,1,345,0.839384699,1
NL_E_Demand,2030,1,346,0.8398863135,1
NL_E_Demand,2030,1,347,0.840387928,1
NL_E_Demand,2030,1,348,0.8408895425,1
NL_E_Demand,2030,1,349,0.841391157,1
NL_E_Demand,2030,1,350,0.841120578,1
NL_E_Demand,2030,1,351,0.840849999,1
NL_E_Demand,2030,1,352,0.8405794200000001,1
NL_E_Demand,2030,1,353,0.840308841,1
NL_E_Demand,2030,1,354,0.8476518075,1
NL_E_Demand,2030,1,355,0.854994774,1
NL_E_Demand,2030,1,356,0.8623377405,1
NL_E_Demand,2030,1,357,0.869680707,1
NL_E_Demand,2030,1,358,0.87523712875,1
NL_E_Demand,2030,1,359,0.8807935505,1
NL_E_Demand,2030,1,360,0.88634997225,1
NL_E_Demand,2030,1,361,0.891906394,1
NL_E_Demand,2030,1,362,0.88514480075,1
NL_E_Demand,2030,1,363,0.8783832075,1
NL_E_Demand,2030,1,364,0.8716216142500001,1
NL_E_Demand,2030,1,365,0.864860021,1
NL_E_Demand,2030,1,366,0.858656916,1
NL_E_Demand,2030,1,367,0.852453811,1
NL_E_Demand,2030,1,368,0.846250706,1
NL_E_Demand,2030,1,369,0.840047601,1
NL_E_Demand,2030,1,370,0.83058461475,1
NL_E_Demand,2030,1,371,0.8211216285,1
NL_E_Demand,2030,1,372,0.81165864225,1
NL_E_Demand,2030,1,373,0.802195656,1
NL_E_Demand,2030,1,374,0.7913163222499999,1
NL_E_Demand,2030,1,375,0.7804369885,1
NL_E_Demand,2030,1,376,0.76955765475,1
NL_E_Demand,2030,1,377,0.758678321,1
NL_E_Demand,2030,1,378,0.74740273875,1
NL_E_Demand,2030,1,379,0.7361271565,1
NL_E_Demand,2030,1,380,0.72485157425,1
NL_E_Demand,2030,1,381,0.713575992,1
NL_E_Demand,2030,1,382,0.70270489275,1
NL_E_Demand,2030,1,383,0.6918337935000001,1
NL_E_Demand,2030,1,384,0.68096269425,1
NL_E_Demand,2030,1,385,0.670091595,1
NL_E_Demand,2030,1,386,0.663497871,1
NL_E_Demand,2030,1,387,0.656904147,1
NL_E_Demand,2030,1,388,0.650310423,1
NL_E_Demand,2030,1,389,0.643716699,1
NL_E_Demand,2030,1,390,0.65005266225,1
NL_E_Demand,2030,1,391,0.6563886255,1
NL_E_Demand,2030,1,392,0.66272458875,1
NL_E_Demand,2030,1,393,0.669060552,1
NL_E_Demand,2030,1,394,0.66557360125,1
NL_E_Demand,2030,1,395,0.6620866505,1
NL_E_Demand,2030,1,396,0.6585996997500001,1
NL_E_Demand,2030,1,397,0.655112749,1
NL_E_Demand,2030,1,398,0.6536055735,1
NL_E_Demand,2030,1,399,0.652098398,1
NL_E_Demand,2030,1,400,0.6505912225,1
NL_E_Demand,2030,1,401,0.649084047,1
NL_E_Demand,2030,1,402,0.64986722875,1
NL_E_Demand,2030,1,403,0.6506504104999999,1
NL_E_Demand,2030,1,404,0.65143359225,1
NL_E_Demand,2030,1,405,0.652216774,1
NL_E_Demand,2030,1,406,0.6575449655,1
NL_E_Demand,2030,1,407,0.6628731569999999,1
NL_E_Demand,2030,1,408,0.6682013485,1
NL_E_Demand,2030,1,409,0.67352954,1
NL_E_Demand,2030,1,410,0.6740416767499999,1
NL_E_Demand,2030,1,411,0.6745538135,1
NL_E_Demand,2030,1,412,0.67506595025,1
NL_E_Demand,2030,1,413,0.675578087,1
NL_E_Demand,2030,1,414,0.69291054075,1
NL_E_Demand,2030,1,415,0.7102429945,1
NL_E_Demand,2030,1,416,0.72757544825,1
NL_E_Demand,2030,1,417,0.744907902,1
NL_E_Demand,2030,1,418,0.75600467475,1
NL_E_Demand,2030,1,419,0.7671014475,1
NL_E_Demand,2030,1,420,0.77819822025,1
NL_E_Demand,2030,1,421,0.789294993,1
NL_E_Demand,2030,1,422,0.7926887265,1
NL_E_Demand,2030,1,423,0.79608246,1
NL_E_Demand,2030,1,424,0.7994761935,1
NL_E_Demand,2030,1,425,0.802869927,1
NL_E_Demand,2030,1,426,0.8078556100000001,1
NL_E_Demand,2030,1,427,0.812841293,1
NL_E_Demand,2030,1,428,0.817826976,1
NL_E_Demand,2030,1,429,0.822812659,1
NL_E_Demand,2030,1,430,0.824522576,1
NL_E_Demand,2030,1,431,0.826232493,1
NL_E_Demand,2030,1,432,0.82794241,1
NL_E_Demand,2030,1,433,0.829652327,1
NL_E_Demand,2030,1,434,0.830779314,1
NL_E_Demand,2030,1,435,0.8319063010000001,1
NL_E_Demand,2030,1,436,0.833033288,1
NL_E_Demand,2030,1,437,0.834160275,1
NL_E_Demand,2030,1,438,0.836427609,1
NL_E_Demand,2030,1,439,0.838694943,1
NL_E_Demand,2030,1,440,0.840962277,1
NL_E_Demand,2030,1,441,0.843229611,1
NL_E_Demand,2030,1,442,0.8416632685000001,1
NL_E_Demand,2030,1,443,0.840096926,1
NL_E_Demand,2030,1,444,0.8385305835,1
NL_E_Demand,2030,1,445,0.836964241,1
NL_E_Demand,2030,1,446,0.8361824795,1
NL_E_Demand,2030,1,447,0.835400718,1
NL_E_Demand,2030,1,448,0.8346189565,1
NL_E_Demand,2030,1,449,0.833837195,1
NL_E_Demand,2030,1,450,0.840929722,1
NL_E_Demand,2030,1,451,0.848022249,1
NL_E_Demand,2030,1,452,0.855114776,1
NL_E_Demand,2030,1,453,0.862207303,1
NL_E_Demand,2030,1,454,0.8708514540000001,1
NL_E_Demand,2030,1,455,0.879495605,1
NL_E_Demand,2030,1,456,0.888139756,1
NL_E_Demand,2030,1,457,0.896783907,1
NL_E_Demand,2030,1,458,0.8913630785,1
NL_E_Demand,2030,1,459,0.88594225,1
NL_E_Demand,2030,1,460,0.8805214215,1
NL_E_Demand,2030,1,461,0.875100593,1
NL_E_Demand,2030,1,462,0.86916009325,1
NL_E_Demand,2030,1,463,0.8632195935,1
NL_E_Demand,2030,1,464,0.85727909375,1
NL_E_Demand,2030,1,465,0.851338594,1
NL_E_Demand,2030,1,466,0.841980861,1
NL_E_Demand,2030,1,467,0.832623128,1
NL_E_Demand,2030,1,468,0.823265395,1
NL_E_Demand,2030,1,469,0.813907662,1
NL_E_Demand,2030,1,470,0.8026024275,1
NL_E_Demand,2030,1,471,0.791297193,1
NL_E_Demand,2030,1,472,0.7799919585,1
NL_E_Demand,2030,1,473,0.768686724,1
NL_E_Demand,2030,1,474,0.7567412605,1
NL_E_Demand,2030,1,475,0.7447957970000001,1
NL_E_Demand,2030,1,476,0.7328503335000001,1
NL_E_Demand,2030,1,477,0.72090487,1
NL_E_Demand,2030,1,478,0.70894530625,1
NL_E_Demand,2030,1,479,0.6969857425,1
NL_E_Demand,2030,1,480,0.68502617875,1
NL_E_Demand,2030,1,481,0.673066615,1
NL_E_Demand,2030,1,482,0.665783381,1
NL_E_Demand,2030,1,483,0.658500147,1
NL_E_Demand,2030,1,484,0.651216913,1
NL_E_Demand,2030,1,485,0.643933679,1
NL_E_Demand,2030,1,486,0.649391321,1
NL_E_Demand,2030,1,487,0.6548489630000001,1
NL_E_Demand,2030,1,488,0.660306605,1
NL_E_Demand,2030,1,489,0.665764247,1
NL_E_Demand,2030,1,490,0.66254404925,1
NL_E_Demand,2030,1,491,0.6593238515,1
NL_E_Demand,2030,1,492,0.65610365375,1
NL_E_Demand,2030,1,493,0.652883456,1
NL_E_Demand,2030,1,494,0.6518943035,1
NL_E_Demand,2030,1,495,0.6509051509999999,1
NL_E_Demand,2030,1,496,0.6499159984999999,1
NL_E_Demand,2030,1,497,0.648926846,1
NL_E_Demand,2030,1,498,0.65015674375,1
NL_E_Demand,2030,1,499,0.6513866415,1
NL_E_Demand,2030,1,500,0.65261653925,1
NL_E_Demand,2030,1,501,0.653846437,1
NL_E_Demand,2030,1,502,0.65940389125,1
NL_E_Demand,2030,1,503,0.6649613455000001,1
NL_E_Demand,2030,1,504,0.6705187997500001,1
NL_E_Demand,2030,1,505,0.676076254,1
NL_E_Demand,2030,1,506,0.6768055392500001,1
NL_E_Demand,2030,1,507,0.6775348245,1
NL_E_Demand,2030,1,508,0.67826410975,1
NL_E_Demand,2030,1,509,0.678993395,1
NL_E_Demand,2030,1,510,0.69653738125,1
NL_E_Demand,2030,1,511,0.7140813675,1
NL_E_Demand,2030,1,512,0.73162535375,1
NL_E_Demand,2030,1,513,0.74916934,1
NL_E_Demand,2030,1,514,0.7606455160000001,1
NL_E_Demand,2030,1,515,0.772121692,1
NL_E_Demand,2030,1,516,0.783597868,1
NL_E_Demand,2030,1,517,0.795074044,1
NL_E_Demand,2030,1,518,0.7986278265,1
NL_E_Demand,2030,1,519,0.802181609,1
NL_E_Demand,2030,1,520,0.8057353915000001,1
NL_E_Demand,2030,1,521,0.809289174,1
NL_E_Demand,2030,1,522,0.8117973602499999,1
NL_E_Demand,2030,1,523,0.8143055465,1
NL_E_Demand,2030,1,524,0.81681373275,1
NL_E_Demand,2030,1,525,0.819321919,1
NL_E_Demand,2030,1,526,0.819613081,1
NL_E_Demand,2030,1,527,0.819904243,1
NL_E_Demand,2030,1,528,0.820195405,1
NL_E_Demand,2030,1,529,0.820486567,1
NL_E_Demand,2030,1,530,0.8210348355,1
NL_E_Demand,2030,1,531,0.821583104,1
NL_E_Demand,2030,1,532,0.8221313725,1
NL_E_Demand,2030,1,533,0.822679641,1
NL_E_Demand,2030,1,534,0.8250034155,1
NL_E_Demand,2030,1,535,0.82732719,1
NL_E_Demand,2030,1,536,0.8296509645,1
NL_E_Demand,2030,1,537,0.831974739,1
NL_E_Demand,2030,1,538,0.83161120075,1
NL_E_Demand,2030,1,539,0.8312476625,1
NL_E_Demand,2030,1,540,0.83088412425,1
NL_E_Demand,2030,1,541,0.830520586,1
NL_E_Demand,2030,1,542,0.8299747905,1
NL_E_Demand,2030,1,543,0.829428995,1
NL_E_Demand,2030,1,544,0.8288831995,1
NL_E_Demand,2030,1,545,0.828337404,1
NL_E_Demand,2030,1,546,0.8353138449999999,1
NL_E_Demand,2030,1,547,0.842290286,1
NL_E_Demand,2030,1,548,0.849266727,1
NL_E_Demand,2030,1,549,0.856243168,1
NL_E_Demand,2030,1,550,0.86184937825,1
NL_E_Demand,2030,1,551,0.8674555884999999,1
NL_E_Demand,2030,1,552,0.87306179875,1
NL_E_Demand,2030,1,553,0.878668009,1
NL_E_Demand,2030,1,554,0.87092899775,1
NL_E_Demand,2030,1,555,0.8631899865,1
NL_E_Demand,2030,1,556,0.85545097525,1
NL_E_Demand,2030,1,557,0.847711964,1
NL_E_Demand,2030,1,558,0.84051386475,1
NL_E_Demand,2030,1,559,0.8333157655000001,1
NL_E_Demand,2030,1,560,0.82611766625,1
NL_E_Demand,2030,1,561,0.818919567,1
NL_E_Demand,2030,1,562,0.80938065525,1
NL_E_Demand,2030,1,563,0.7998417435,1
NL_E_Demand,2030,1,564,0.7903028317499999,1
NL_E_Demand,2030,1,565,0.78076392,1
NL_E_Demand,2030,1,566,0.7697608552499999,1
NL_E_Demand,2030,1,567,0.7587577905,1
NL_E_Demand,2030,1,568,0.74775472575,1
NL_E_Demand,2030,1,569,0.736751661,1
NL_E_Demand,2030,1,570,0.7255302195,1
NL_E_Demand,2030,1,571,0.7143087779999999,1
NL_E_Demand,2030,1,572,0.7030873365,1
NL_E_Demand,2030,1,573,0.691865895,1
NL_E_Demand,2030,1,574,0.680556332,1
NL_E_Demand,2030,1,575,0.6692467689999999,1
NL_E_Demand,2030,1,576,0.6579372059999999,1
NL_E_Demand,2030,1,577,0.646627643,1
NL_E_Demand,2030,1,578,0.6393852215,1
NL_E_Demand,2030,1,579,0.6321428,1
NL_E_Demand,2030,1,580,0.6249003785,1
NL_E_Demand,2030,1,581,0.617657957,1
NL_E_Demand,2030,1,582,0.621817694,1
NL_E_Demand,2030,1,583,0.625977431,1
NL_E_Demand,2030,1,584,0.6301371680000001,1
NL_E_Demand,2030,1,585,0.634296905,1
NL_E_Demand,2030,1,586,0.63110553875,1
NL_E_Demand,2030,1,587,0.6279141725,1
NL_E_Demand,2030,1,588,0.6247228062500001,1
NL_E_Demand,2030,1,589,0.62153144,1
NL_E_Demand,2030,1,590,0.620450175,1
NL_E_Demand,2030,1,591,0.61936891,1
NL_E_Demand,2030,1,592,0.6182876450000001,1
NL_E_Demand,2030,1,593,0.61720638,1
NL_E_Demand,2030,1,594,0.61846030225,1
NL_E_Demand,2030,1,595,0.6197142245,1
NL_E_Demand,2030,1,596,0.62096814675,1
NL_E_Demand,2030,1,597,0.622222069,1
NL_E_Demand,2030,1,598,0.62793346375,1
NL_E_Demand,2030,1,599,0.6336448585000001,1
NL_E_Demand,2030,1,600,0.63935625325,1
NL_E_Demand,2030,1,601,0.645067648,1
NL_E_Demand,2030,1,602,0.6457283635000001,1
NL_E_Demand,2030,1,603,0.646389079,1
NL_E_Demand,2030,1,604,0.6470497945,1
NL_E_Demand,2030,1,605,0.64771051,1
NL_E_Demand,2030,1,606,0.6648565105,1
NL_E_Demand,2030,1,607,0.6820025110000001,1
NL_E_Demand,2030,1,608,0.6991485115,1
NL_E_Demand,2030,1,609,0.716294512,1
NL_E_Demand,2030,1,610,0.72713575175,1
NL_E_Demand,2030,1,611,0.7379769915000001,1
NL_E_Demand,2030,1,612,0.74881823125,1
NL_E_Demand,2030,1,613,0.759659471,1
NL_E_Demand,2030,1,614,0.7627741725,1
NL_E_Demand,2030,1,615,0.765888874,1
NL_E_Demand,2030,1,616,0.7690035755,1
NL_E_Demand,2030,1,617,0.772118277,1
NL_E_Demand,2030,1,618,0.77825432975,1
NL_E_Demand,2030,1,619,0.7843903825,1
NL_E_Demand,2030,1,620,0.79052643525,1
NL_E_Demand,2030,1,621,0.796662488,1
NL_E_Demand,2030,1,622,0.79938621575,1
NL_E_Demand,2030,1,623,0.8021099435,1
NL_E_Demand,2030,1,624,0.8048336712499999,1
NL_E_Demand,2030,1,625,0.807557399,1
NL_E_Demand,2030,1,626,0.8064375525,1
NL_E_Demand,2030,1,627,0.8053177060000001,1
NL_E_Demand,2030,1,628,0.8041978595,1
NL_E_Demand,2030,1,629,0.803078013,1
NL_E_Demand,2030,1,630,0.805054177,1
NL_E_Demand,2030,1,631,0.807030341,1
NL_E_Demand,2030,1,632,0.809006505,1
NL_E_Demand,2030,1,633,0.810982669,1
NL_E_Demand,2030,1,634,0.81108884825,1
NL_E_Demand,2030,1,635,0.8111950274999999,1
NL_E_Demand,2030,1,636,0.81130120675,1
NL_E_Demand,2030,1,637,0.811407386,1
NL_E_Demand,2030,1,638,0.8104583514999999,1
NL_E_Demand,2030,1,639,0.809509317,1
NL_E_Demand,2030,1,640,0.8085602825,1
NL_E_Demand,2030,1,641,0.807611248,1
NL_E_Demand,2030,1,642,0.813411702,1
NL_E_Demand,2030,1,643,0.819212156,1
NL_E_Demand,2030,1,644,0.8250126099999999,1
NL_E_Demand,2030,1,645,0.830813064,1
NL_E_Demand,2030,1,646,0.83768366775,1
NL_E_Demand,2030,1,647,0.8445542715000001,1
NL_E_Demand,2030,1,648,0.85142487525,1
NL_E_Demand,2030,1,649,0.858295479,1
NL_E_Demand,2030,1,650,0.852266729,1
NL_E_Demand,2030,1,651,0.8462379790000001,1
NL_E_Demand,2030,1,652,0.8402092290000001,1
NL_E_Demand,2030,1,653,0.834180479,1
NL_E_Demand,2030,1,654,0.8281922580000001,1
NL_E_Demand,2030,1,655,0.822204037,1
NL_E_Demand,2030,1,656,0.8162158159999999,1
NL_E_Demand,2030,1,657,0.810227595,1
NL_E_Demand,2030,1,658,0.8007639099999999,1
NL_E_Demand,2030,1,659,0.791300225,1
NL_E_Demand,2030,1,660,0.78183654,1
NL_E_Demand,2030,1,661,0.772372855,1
NL_E_Demand,2030,1,662,0.7608607709999999,1
NL_E_Demand,2030,1,663,0.7493486869999999,1
NL_E_Demand,2030,1,664,0.737836603,1
NL_E_Demand,2030,1,665,0.726324519,1
NL_E_Demand,2030,1,666,0.715250992,1
NL_E_Demand,2030,1,667,0.7041774649999999,1
NL_E_Demand,2030,1,668,0.6931039379999999,1
NL_E_Demand,2030,1,669,0.682030411,1
NL_E_Demand,2030,1,670,0.67106423875,1
NL_E_Demand,2030,1,671,0.6600980665,1
NL_E_Demand,2030,1,672,0.64913189425,1
